article_id,publication_year,publication_date,journal_display_name,author_type,topic_subfield,topic_field,topic_domain,type,language,source_type,oa_status,primary_topic_score,authors_count,countries_distinct_count,institutions_distinct_count,locations_count,referenced_works_count,apc_list_value_usd,apc_paid_value_usd,citation_norm_percentile,total_citations,is_oa,any_repository_has_fulltext,primary_location_is_oa,source_is_oa,source_is_in_doaj,source_is_core,has_fulltext,queried_author_is_corresponding,is_in_top_1_percent,is_in_top_10_percent,n_keywords,keywords_score_mean,keywords_score_max,sdgs,funders_count,mesh_count,title_word_count,abstract_word_count,citations_first_2y,citations_first_3y,normalized_3y_cites_exact,citations_per_year_3y,citations_year_1_exact,citations_year_2_exact,citations_first_2y_exact,normalized_2y_cites_exact
W2790329997,2018,2018-01-17,Global Change Biology,first,Soil Science,Agricultural and Biological Sciences,Life Sciences,review,en,journal,closed,0.9991000294685364,1,1,1,2,180,4120.0,,0.99944936,828,0,0,0,0,0,1,0,1,1,1,12.0,0.40601931760708493,0.7453610897064209,1,0,0,14,270,49.0,119.0,39.666666666666664,39.666666666666664,18,37,55,55
W3095638759,2020,2020-10-27,Nature Communications,middle,Soil Science,Agricultural and Biological Sciences,Life Sciences,review,en,journal,gold,0.9965999722480774,20,9,20,10,78,4808.0,4808.0,0.99971439,743,1,1,1,1,1,1,1,0,1,1,15.0,0.43047700126965843,0.8287668228149414,1,0,0,7,115,73.0,193.0,64.33333333333333,64.33333333333333,50,119,169,169
W3002479026,2020,2020-01-23,Land,middle,Plant Science,Agricultural and Biological Sciences,Life Sciences,review,en,journal,gold,0.991100013256073,14,4,14,5,148,2165.0,2165.0,0.99987294,680,1,1,1,1,1,1,0,0,1,1,18.0,0.38591987060176003,0.797595739364624,1,0,0,10,195,209.0,326.0,108.66666666666667,108.66666666666667,122,104,226,226
W2792040353,2018,2018-02-27,Agronomy for Sustainable Development,middle,Biomedical Engineering,Engineering,Physical Sciences,review,en,journal,bronze,0.9983999729156494,6,2,6,3,221,2790.0,,0.99773668,486,1,1,1,0,0,1,1,0,1,1,13.0,0.38909849753746617,0.5837901830673218,1,2,0,8,0,43.0,97.0,32.333333333333336,32.333333333333336,14,33,47,47
W3035993398,2020,2020-06-23,Food Security,first,Plant Science,Agricultural and Biological Sciences,Life Sciences,review,en,journal,bronze,0.9988999962806702,1,1,1,4,16,3790.0,,0.99971864,483,1,1,1,0,0,1,1,1,1,1,18.0,0.4072250359588199,0.7602675557136536,1,0,0,17,0,130.0,241.0,80.33333333333333,80.33333333333333,67,117,184,184
W3156629428,2021,2021-04-19,Geoderma Regional,first,Soil Science,Agricultural and Biological Sciences,Life Sciences,article,en,journal,closed,0.97079998254776,22,13,22,1,161,2640.0,,0.99952089,454,0,0,0,0,0,1,0,1,1,1,12.0,0.34544629355271655,0.5097874999046326,0,0,0,16,0,84.0,164.0,54.666666666666664,54.666666666666664,47,57,104,104
W3021404478,2020,2020-05-07,Agronomy Journal,first,Soil Science,Agricultural and Biological Sciences,Life Sciences,article,en,journal,closed,0.9998000264167786,1,1,1,1,110,1350.0,,0.99649094,396,0,0,0,0,0,1,0,1,1,1,13.0,0.4661738803753486,0.6935785412788391,1,0,0,6,168,12.0,60.0,20.0,20.0,3,22,25,25
W2899925677,2018,2018-11-01,Journal of Soil and Water Conservation,first,Ecology,Environmental Science,Physical Sciences,article,en,journal,bronze,0.9997000098228456,15,6,15,2,77,,,0.99494576,369,1,0,1,0,0,1,1,1,1,1,18.0,0.4655711203813553,0.8021682500839233,1,0,0,7,195,8.0,32.0,10.666666666666666,10.666666666666666,7,21,28,28
W3208386427,2021,2021-11-02,Global Change Biology,middle,Soil Science,Agricultural and Biological Sciences,Life Sciences,review,en,journal,closed,0.9998999834060668,7,3,7,2,148,4120.0,,0.99808354,314,0,0,0,0,0,1,0,0,1,1,12.0,0.4396824687719345,0.770577609539032,1,1,0,16,279,26.0,78.0,26.0,26.0,18,53,71,71
W3202470152,2021,2021-09-29,Food Policy,middle,Ecology,Environmental Science,Physical Sciences,article,en,journal,hybrid,0.9994999766349792,46,12,46,8,302,3370.0,3370.0,0.99896742,311,1,1,1,0,0,1,0,0,1,1,17.0,0.4172309917562148,0.6277031898498535,1,1,0,18,255,51.0,127.0,42.333333333333336,42.333333333333336,32,70,102,102
W2911189668,2019,2019-01-09,Field Crops Research,last,Soil Science,Agricultural and Biological Sciences,Life Sciences,article,en,journal,closed,0.9998999834060668,5,2,5,1,60,3970.0,,0.99806796,279,0,0,0,0,0,1,0,0,1,1,17.0,0.4332432904664208,0.8512426614761353,1,0,0,20,0,27.0,69.0,23.0,23.0,7,22,29,29
W2791767244,2018,2018-03-09,Soil and Tillage Research,first,Soil Science,Agricultural and Biological Sciences,Life Sciences,article,en,journal,closed,0.9994999766349792,1,1,1,1,53,4230.0,,0.99432396,258,0,0,0,0,0,1,0,1,1,1,11.0,0.40616108070720325,0.7142682671546936,1,0,0,9,0,18.0,46.0,15.333333333333334,15.333333333333334,4,16,20,20
W3187077618,2021,2021-08-04,Philosophical Transactions of the Royal Society B Biological Sciences,first,Soil Science,Agricultural and Biological Sciences,Life Sciences,review,en,journal,hybrid,0.9986000061035156,4,4,4,3,120,,,0.99790932,255,1,1,1,0,0,1,0,1,1,1,16.0,0.3860784210264683,0.7284878492355347,0,2,0,8,228,38.0,77.0,25.666666666666668,25.666666666666668,19,37,56,56
W2799878667,2018,2018-04-24,Journal of Cleaner Production,middle,Soil Science,Agricultural and Biological Sciences,Life Sciences,article,en,journal,closed,0.9937999844551086,8,2,8,1,84,4100.0,,0.99551019,247,0,0,0,0,0,1,0,0,1,1,15.0,0.4782414972782135,0.8384072184562683,1,0,0,14,0,47.0,63.0,21.0,21.0,20,30,50,50
W3046623091,2020,2020-08-01,Journal of Soil and Water Conservation,first,Forestry,Agricultural and Biological Sciences,Life Sciences,article,en,journal,bronze,0.9860000014305116,1,0,1,1,14,,,0.99976529,246,1,0,1,0,0,1,1,1,1,1,11.0,0.35701713236895477,0.7525629997253418,1,0,0,6,14,24.0,57.0,19.0,19.0,13,28,41,41
W3010323725,2020,2020-03-01,Journal of Soil and Water Conservation,first,Soil Science,Agricultural and Biological Sciences,Life Sciences,article,en,journal,bronze,0.9904999732971193,1,0,1,1,58,,,0.9949396,236,1,0,1,0,0,1,1,1,1,1,12.0,0.41137445469697315,0.7346127033233643,0,0,0,7,278,26.0,57.0,19.0,19.0,7,27,34,34
W3002630908,2020,2020-01-21,Geoderma,middle,Soil Science,Agricultural and Biological Sciences,Life Sciences,article,en,journal,closed,0.9998999834060668,3,1,3,1,91,2800.0,,0.99864992,216,0,0,0,0,1,1,0,0,1,1,16.0,0.46636078879237175,0.9233871698379517,1,0,0,20,0,108.0,156.0,52.0,52.0,80,47,127,127
W2912851480,2019,2019-01-24,Land Degradation and Development,middle,Soil Science,Agricultural and Biological Sciences,Life Sciences,article,en,journal,closed,0.9984999895095824,3,2,3,1,113,4740.0,,0.99500126,208,0,0,0,0,0,1,0,0,1,1,13.0,0.3972216867483579,0.653800904750824,0,0,0,21,257,21.0,53.0,17.666666666666668,17.666666666666668,6,19,25,25
W4211017947,2022,2022-02-11,Nature Communications,last,Ecology,Environmental Science,Physical Sciences,article,en,journal,gold,0.9995999932289124,3,3,3,7,93,4808.0,4808.0,1.0,1010,1,1,1,1,1,1,1,1,1,1,14.0,0.45943741500377655,0.9823909997940063,1,3,0,5,148,245.0,544.0,181.33333333333334,181.33333333333334,89,200,289,289
W3185137361,2021,2021-07-27,GCB Bioenergy,middle,Soil Science,Agricultural and Biological Sciences,Life Sciences,review,en,journal,gold,0.9994999766349792,17,10,17,12,311,2750.0,2750.0,0.99995644,907,1,1,1,1,1,1,1,0,1,1,17.0,0.43499045161639943,0.9942018985748291,0,3,0,18,317,115.0,300.0,100.0,100.0,62,151,213,213
W3199557694,2021,2021-09-13,Soil Biology and Biochemistry,last,Soil Science,Agricultural and Biological Sciences,Life Sciences,article,en,journal,closed,0.9986000061035156,5,3,5,1,111,4520.0,,0.99978223,832,0,0,0,0,0,1,0,0,1,1,14.0,0.4443801939487457,0.6720658540725708,1,3,0,12,0,72.0,205.0,68.33333333333333,68.33333333333333,45,108,153,153
W2945642553,2019,2019-05-17,Soil Biology and Biochemistry,first,Plant Science,Agricultural and Biological Sciences,Life Sciences,article,en,journal,closed,0.9998000264167786,2,1,2,1,184,4520.0,,0.99962946,699,0,0,0,0,0,1,0,1,1,1,12.0,0.4595358421405156,0.9706414937973022,1,1,0,9,0,55.0,159.0,53.0,53.0,26,81,107,107
W2993667053,2019,2019-12-04,Optics Express,middle,Mechanical Engineering,Engineering,Physical Sciences,article,en,journal,gold,0.9993000030517578,16,3,16,5,11,2270.0,2270.0,0.83731917,27,1,1,1,1,1,1,0,0,0,0,12.0,0.5927706236640612,0.8513014316558838,0,1,0,15,197,1.0,4.0,1.3333333333333333,1.3333333333333333,1,3,4,4
W4413783405,2025,2025-08-28,Classical and Quantum Gravity,middle,Electrical and Electronic Engineering,Engineering,Physical Sciences,article,en,journal,hybrid,0.9535999894142152,10,3,10,4,0,,,0.83210365,2,1,1,1,0,0,1,1,0,0,0,4.0,0.6763401925563812,0.9290329217910767,0,0,0,10,195,2.0,2.0,0.6666666666666666,0.6666666666666666,3,0,3,3
W3014670187,2020,2020-04-02,Classical and Quantum Gravity,middle,Ocean Engineering,Engineering,Physical Sciences,article,en,journal,hybrid,0.9998999834060668,13,2,13,5,44,,,0.65550081,7,1,1,1,0,0,1,1,0,0,0,6.0,0.3677814205487569,0.51249098777771,0,0,0,13,182,0.0,2.0,0.6666666666666666,0.6666666666666666,0,0,0,0
W4309472115,2022,2022-11-18,Classical and Quantum Gravity,middle,Ocean Engineering,Engineering,Physical Sciences,article,en,journal,hybrid,0.9983000159263612,12,3,12,6,58,,,0.71505867,7,1,1,1,0,0,1,0,0,0,0,14.0,0.5167602790253503,0.9100159406661987,0,0,0,7,285,3.0,3.0,1.0,1.0,2,1,3,3
W4413271797,2025,2025-07-16,Classical and Quantum Gravity,middle,Astronomy and Astrophysics,Physics and Astronomy,Physical Sciences,article,en,journal,hybrid,0.9998000264167786,9,3,9,3,21,,,0.88443383,2,1,1,1,0,0,1,1,1,0,0,10.0,0.5202088266611099,0.8684144020080566,1,2,0,10,167,2.0,2.0,0.6666666666666666,0.6666666666666666,2,0,2,2
W4404100904,2024,2024-09-14,,middle,Pulmonary and Respiratory Medicine,Medicine,Health Sciences,article,en,,closed,0.9948999881744384,23,7,23,2,0,,,0.82426868,3,0,0,0,0,0,0,0,0,0,0,10.0,0.4493706673383713,0.7401750683784485,0,0,0,12,241,3.0,3.0,1.0,1.0,3,0,3,3
W4407929856,2025,2025-01-01,,first,Epidemiology,Medicine,Health Sciences,article,en,,gold,0.7777000069618225,17,6,17,2,0,,,0.88561726,2,1,0,1,0,0,0,0,1,0,0,9.0,0.45246054397688973,0.6780584454536438,0,0,0,13,93,2.0,2.0,0.6666666666666666,0.6666666666666666,2,0,2,2
W4412568338,2025,2025-06-18,,middle,Pulmonary and Respiratory Medicine,Medicine,Health Sciences,article,en,,green,0.9987000226974488,12,4,12,2,29,,,0.27334506,0,1,1,0,0,0,0,1,0,0,0,10.0,0.3717647045850754,0.6741762161254883,0,1,0,15,179,0.0,0.0,0.0,0.0,0,0,0,0
W4414158430,2025,2025-09-09,Classical and Quantum Gravity,middle,Ocean Engineering,Engineering,Physical Sciences,article,en,journal,hybrid,0.9995999932289124,18,3,18,3,54,,,0.2973647,0,1,1,1,0,0,1,0,0,0,0,9.0,0.6534555554389954,0.7836999893188477,0,1,0,15,223,0.0,0.0,0.0,0.0,0,0,0,0
W4416960542,2025,2025-07-14,,first,Pulmonary and Respiratory Medicine,Medicine,Health Sciences,article,en,,closed,0.389299988746643,5,2,5,2,26,,,0.58396752,0,0,0,0,0,0,0,0,1,0,0,8.0,0.4662874974310398,0.8248000144958496,0,0,0,17,135,0.0,0.0,0.0,0.0,0,0,0,0
W4417172214,2025,2025-04-29,ArXiv.org,middle,Astronomy and Astrophysics,Physics and Astronomy,Physical Sciences,preprint,en,repository,green,0.7993000149726868,18,0,18,2,0,,,,0,1,1,1,1,0,0,1,0,0,0,9.0,0.6294777757591672,0.7276999950408936,0,1,0,15,217,0.0,0.0,0.0,0.0,0,0,0,0
W2980798923,2019,2019-10-17,The Science of The Total Environment,middle,Pollution,Environmental Science,Physical Sciences,review,en,journal,closed,1.0,5,3,5,3,135,3870.0,,0.99818656,898,0,0,0,0,0,1,0,0,1,1,13.0,0.4455966376341306,0.9769706130027771,0,5,0,14,0,48.0,164.0,54.666666666666664,54.666666666666664,30,108,138,138
W3135664743,2021,2021-03-11,Soil Biology and Biochemistry,last,Pollution,Environmental Science,Physical Sciences,article,en,journal,green,1.0,8,4,8,4,76,4520.0,,0.99864682,578,1,1,0,0,0,1,0,0,1,1,14.0,0.430351442524365,0.6954180002212524,1,3,0,12,0,128.0,235.0,78.33333333333333,78.33333333333333,36,113,149,149
W2913953424,2019,2019-02-09,Functional Ecology,middle,Plant Science,Agricultural and Biological Sciences,Life Sciences,article,en,journal,bronze,0.9998999834060668,5,4,5,7,151,3400.0,,0.99945712,573,1,1,1,0,1,1,1,0,1,1,17.0,0.456931133480633,0.7641977071762085,1,1,0,9,208,54.0,122.0,40.666666666666664,40.666666666666664,11,57,68,68
W3155336766,2021,2021-04-21,Nature,middle,Ecology,Environmental Science,Physical Sciences,article,en,journal,green,1.0,31,4,31,11,114,11690.0,,0.99963154,508,1,1,0,0,0,1,0,0,1,1,18.0,0.4502810024552875,0.9156888723373413,1,2,0,10,0,122.0,211.0,70.33333333333333,70.33333333333333,65,93,158,158
W3034731061,2020,2020-06-12,Environmental Science & Technology,middle,Infectious Diseases,Medicine,Health Sciences,article,en,journal,bronze,0.9998000264167786,60,13,60,15,13,,,0.98236792,464,1,1,1,0,0,1,0,0,0,1,14.0,0.4088488646915981,0.8191275000572205,0,2,0,12,154,206.0,293.0,97.66666666666667,97.66666666666667,113,137,250,250
W3000487497,2020,2020-01-17,Soil Biology and Biochemistry,middle,Pollution,Environmental Science,Physical Sciences,article,en,journal,closed,0.9873999953269958,9,5,9,2,84,4520.0,,0.9928381,434,0,0,0,0,0,1,0,0,1,1,10.0,0.33863731622695925,0.5570809245109558,1,0,0,15,0,65.0,118.0,39.333333333333336,39.333333333333336,27,44,71,71
W3046790002,2020,2020-07-31,The Science of The Total Environment,first,Infectious Diseases,Medicine,Health Sciences,review,en,journal,green,0.9997000098228456,12,2,12,12,312,3870.0,,0.97950484,425,1,1,0,0,0,1,0,1,0,1,19.0,0.5100532283908442,0.9367687702178955,1,4,0,20,0,124.0,241.0,80.33333333333333,80.33333333333333,76,120,196,196
W4210522281,2022,2022-02-02,Environmental Pollution,middle,Pollution,Environmental Science,Physical Sciences,article,en,journal,green,1.0,8,4,8,4,37,3770.0,,0.99892893,420,1,1,0,0,0,1,0,0,1,1,17.0,0.43450931415838356,0.8857822418212891,1,2,0,13,0,139.0,257.0,85.66666666666667,85.66666666666667,56,100,156,156
W2809367743,2018,2018-06-01,Rhizosphere,last,Plant Science,Agricultural and Biological Sciences,Life Sciences,article,en,journal,hybrid,0.9979000091552734,2,2,2,2,279,2880.0,2880.0,0.99870861,418,1,1,1,0,0,1,1,0,1,1,13.0,0.4255753824344048,0.6089997291564941,1,3,0,6,342,30.0,72.0,24.0,24.0,19,24,43,43
W3084086363,2020,2020-09-09,Water Research,middle,Infectious Diseases,Medicine,Health Sciences,article,en,journal,hybrid,0.9998999834060668,7,3,7,9,80,4350.0,4350.0,0.97875261,413,1,1,1,0,0,1,1,0,0,1,18.0,0.34865008956856197,0.7557876706123352,1,4,0,14,149,157.0,236.0,78.66666666666667,78.66666666666667,128,86,214,214
W3043476650,2020,2020-07-18,Soil Biology and Biochemistry,last,Pollution,Environmental Science,Physical Sciences,article,en,journal,closed,1.0,6,4,6,2,70,4520.0,,0.99021051,393,0,0,0,0,0,1,0,0,1,1,14.0,0.5001504995993206,0.9006401300430298,1,0,0,13,0,43.0,109.0,36.333333333333336,36.333333333333336,19,60,79,79
W3106596460,2020,2020-11-25,The Crop Journal,middle,Nutrition and Dietetics,Nursing,Health Sciences,article,en,journal,diamond,0.9990000128746032,5,2,5,3,107,,,0.99504267,306,1,1,1,1,1,1,0,0,1,1,15.0,0.45422799785931905,0.643139123916626,1,0,0,11,230,11.0,51.0,17.0,17.0,9,33,42,42
W4317612782,2023,2023-01-01,Elsevier eBooks,middle,Plant Science,Agricultural and Biological Sciences,Life Sciences,book-chapter,en,ebook platform,closed,0.9998000264167786,7,6,7,4,692,,,1.0,202,0,0,0,0,0,0,0,0,1,1,8.0,0.4810675382614136,0.605185329914093,0,0,0,3,0,72.0,143.0,47.666666666666664,47.666666666666664,19,53,72,72
W2955692323,2019,2019-07-01,Journal of Agricultural and Food Chemistry,last,Plant Science,Agricultural and Biological Sciences,Life Sciences,article,en,journal,bronze,0.9998000264167786,16,5,16,3,50,,3582.0,0.99470033,162,1,0,1,0,0,1,0,1,1,1,10.0,0.6229440569877625,0.9852653741836548,1,0,0,20,155,19.0,52.0,17.333333333333332,17.333333333333332,8,27,35,35
W2819066463,2018,2018-03-01,JOURNAL OF INTERNATIONAL STUDIES,middle,Economics and Econometrics,"Economics, Econometrics and Finance",Social Sciences,article,en,journal,diamond,0.9976000189781188,3,1,3,4,46,,,0.99535221,141,1,1,1,1,1,0,1,0,1,1,5.0,0.48236148357391356,0.7690118551254272,1,0,0,12,136,15.0,36.0,12.0,12.0,8,14,22,22
W3104987825,2020,2020-11-13,Frontiers in Plant Science,last,Plant Science,Agricultural and Biological Sciences,Life Sciences,article,en,journal,gold,0.9995999932289124,18,6,18,6,76,2950.0,2950.0,0.99132767,127,1,1,1,1,1,1,1,1,1,1,12.0,0.527741643289725,0.9878175258636475,1,0,0,20,339,15.0,34.0,11.333333333333334,11.333333333333334,11,19,30,30
W2895008079,2018,2018-10-06,Physiologia Plantarum,middle,Food Science,Agricultural and Biological Sciences,Life Sciences,article,en,journal,bronze,0.9839000105857848,8,3,8,5,60,3760.0,,0.99108448,123,1,1,1,0,0,1,1,0,1,1,16.0,0.4603005051612854,0.8376458287239075,1,1,0,17,255,8.0,28.0,9.333333333333334,9.333333333333334,6,15,21,21
W4210647038,2022,2022-01-28,Journal of Experimental Botany,middle,Plant Science,Agricultural and Biological Sciences,Life Sciences,review,en,journal,hybrid,0.9998000264167786,6,6,6,7,128,3530.0,3468.0,0.99567813,106,1,1,1,0,0,1,1,0,1,1,12.0,0.36331791430711746,0.7603004574775696,1,0,0,12,187,35.0,64.0,21.333333333333332,21.333333333333332,9,30,39,39
W4223640201,2022,2022-04-09,Global Food Security,middle,Industrial and Manufacturing Engineering,Environmental Science,Physical Sciences,article,en,journal,hybrid,0.9858999848365784,11,8,11,5,130,3760.0,3760.0,0.99157649,103,1,1,1,0,0,1,0,0,1,1,15.0,0.4448733448982239,0.6982474327087402,0,0,0,11,234,34.0,63.0,21.0,21.0,15,25,40,40
W53229177,2024,2024-11-06,,first,Plant Science,Agricultural and Biological Sciences,Life Sciences,book-chapter,en,,closed,0.2777999937534332,2,0,2,1,0,,,0.99265477,102,0,0,0,0,0,0,0,1,1,1,12.0,0.39966532091299695,0.6978585124015808,1,0,0,9,261,9.0,12.0,4.0,4.0,8,4,12,12
W4388513244,2023,2023-11-08,Agronomy for Sustainable Development,middle,Plant Science,Agricultural and Biological Sciences,Life Sciences,article,en,journal,hybrid,0.9979000091552734,16,5,16,4,98,2790.0,2790.0,0.99814185,92,1,1,1,0,0,1,1,0,1,1,17.0,0.394160460023319,0.5945478081703186,1,0,0,12,250,24.0,73.0,24.333333333333332,24.333333333333332,19,43,62,62
W4320004711,2023,2023-01-01,Elsevier eBooks,first,Plant Science,Agricultural and Biological Sciences,Life Sciences,book-chapter,en,ebook platform,green,0.9998999834060668,9,7,9,4,859,,,0.99962307,81,1,1,0,0,0,0,0,1,1,1,12.0,0.4220730662345886,0.7023000121116638,1,0,0,1,0,38.0,68.0,22.666666666666668,22.666666666666668,10,28,38,38
W2902105002,2018,2018-12-02,Plant and Soil,middle,Plant Science,Agricultural and Biological Sciences,Life Sciences,article,en,journal,bronze,0.992900013923645,3,3,3,2,46,4390.0,,0.96624973,71,1,0,1,0,0,1,1,0,0,1,14.0,0.3715887452874865,0.6881445646286011,0,0,0,14,0,2.0,9.0,3.0,3.0,2,7,9,9
W3025381929,2020,2020-05-15,Field Crops Research,middle,Plant Science,Agricultural and Biological Sciences,Life Sciences,article,en,journal,hybrid,0.9988999962806702,18,7,18,4,65,3970.0,3970.0,0.97682092,59,1,1,1,0,0,1,0,0,0,1,6.0,0.521710142493248,0.7025679349899292,1,1,0,24,264,13.0,22.0,7.333333333333333,7.333333333333333,7,8,15,15
W3128348971,2021,2021-02-08,Field Crops Research,middle,Nutrition and Dietetics,Nursing,Health Sciences,article,en,journal,closed,0.9983999729156494,5,2,5,2,72,3970.0,,0.95354716,52,0,0,0,0,0,1,0,0,0,1,10.0,0.5799711972475052,0.8452726006507874,1,0,0,17,0,13.0,27.0,9.0,9.0,4,11,15,15
W2938163888,2019,2019-01-03,Journal of Nutrition,middle,Plant Science,Agricultural and Biological Sciences,Life Sciences,article,en,journal,bronze,0.9976000189781188,11,3,11,5,35,5000.0,,0.96593563,51,1,0,1,0,0,1,0,0,0,1,13.0,0.4781369223044469,0.8717159032821655,1,2,0,22,0,8.0,14.0,4.666666666666667,4.666666666666667,1,7,8,8
W3175061140,2021,2021-07-02,Plant and Soil,last,Plant Science,Agricultural and Biological Sciences,Life Sciences,article,en,journal,closed,0.9969000220298768,7,2,7,3,69,4390.0,,0.97957808,51,0,0,0,0,0,1,0,0,0,1,14.0,0.4868029611451285,0.6885722875595093,1,0,0,17,0,16.0,28.0,9.333333333333334,9.333333333333334,9,13,22,22
W2887976889,2018,2018-08-10,Journal of Agricultural and Food Chemistry,middle,Agronomy and Crop Science,Agricultural and Biological Sciences,Life Sciences,article,en,journal,closed,0.9955999851226808,19,9,19,4,81,,,0.96890724,45,0,0,0,0,0,1,0,0,0,1,9.0,0.5867174896928999,0.8533951044082642,1,0,0,22,145,2.0,11.0,3.6666666666666665,3.6666666666666665,1,9,10,10
W4367183371,2023,2023-04-26,Agronomy,middle,Plant Science,Agricultural and Biological Sciences,Life Sciences,article,en,journal,gold,0.9822999835014344,18,8,18,8,67,2165.0,2165.0,0.98362023,31,1,1,1,1,1,1,1,0,0,1,8.0,0.5166502855718136,0.6418596506118774,1,2,0,31,652,17.0,26.0,8.666666666666666,8.666666666666666,10,9,19,19
W4226514825,2022,2022-01-15,Plant and Soil,last,Plant Science,Agricultural and Biological Sciences,Life Sciences,article,en,journal,green,0.9833999872207642,8,3,8,2,55,4390.0,,0.95042876,29,1,1,0,0,0,1,0,0,0,1,14.0,0.5385550771440778,0.7442805767059326,0,1,0,15,0,4.0,17.0,5.666666666666667,5.666666666666667,2,3,5,5
W3047420215,2020,2020-08-04,Global Ecology and Biogeography,middle,Ecology,Environmental Science,Physical Sciences,article,en,journal,green,0.9994999766349792,8,4,8,6,124,4530.0,,0.98756561,96,1,1,0,0,0,1,0,0,0,1,9.0,0.5492111013995277,0.9555214047431946,1,2,0,10,301,22.0,44.0,14.666666666666666,14.666666666666666,11,25,36,36
W3111297976,2019,2019-12-01,AGU Fall Meeting Abstracts,middle,Atmospheric Science,Earth and Planetary Sciences,Physical Sciences,article,en,journal,closed,0.9998000264167786,7,0,7,1,0,,,0.20479134,0,0,0,0,0,0,1,0,0,0,0,16.0,0.4116799794137478,0.9264752268791199,0,0,0,22,0,0.0,0.0,0.0,0.0,0,0,0,0
W3197841408,2018,2018-12-01,AGU Fall Meeting Abstracts,middle,Atmospheric Science,Earth and Planetary Sciences,Physical Sciences,article,en,journal,closed,0.8747000098228455,72,0,72,1,0,,,0.31785242,0,0,0,0,0,0,1,0,0,0,0,8.0,0.3424396961927414,0.5446460247039795,1,0,0,15,0,0.0,0.0,0.0,0.0,0,0,0,0
W2800720856,2018,2018-04-25,Geoderma,first,Soil Science,Agricultural and Biological Sciences,Life Sciences,article,en,journal,closed,0.9997000098228456,2,1,2,1,235,2800.0,,0.99940701,754,0,0,0,0,1,1,0,1,1,1,19.0,0.43887838564421,0.642971396446228,1,0,0,5,0,47.0,111.0,37.0,37.0,15,60,75,75
W3044121320,2020,2020-07-24,Soil Science Society of America Journal,first,Soil Science,Agricultural and Biological Sciences,Life Sciences,review,en,journal,closed,0.998199999332428,2,1,2,1,135,1350.0,,0.99698058,338,0,0,0,0,0,1,0,1,1,1,22.0,0.39971785247325897,0.7813682556152344,1,0,0,9,253,30.0,65.0,21.666666666666668,21.666666666666668,12,35,47,47
W2999616190,2020,2020-01-13,Soil and Tillage Research,first,Soil Science,Agricultural and Biological Sciences,Life Sciences,review,en,journal,closed,0.9998999834060668,2,1,2,1,89,4230.0,,0.99526627,179,0,0,0,0,0,1,0,1,1,1,14.0,0.45630858838558197,0.7790182828903198,1,1,0,12,0,46.0,80.0,26.666666666666668,26.666666666666668,18,30,48,48
W2809408555,2018,2018-06-21,Agronomy Journal,first,Environmental Chemistry,Environmental Science,Physical Sciences,article,en,journal,closed,0.9995999932289124,1,1,1,1,69,1350.0,,0.91740344,140,0,0,0,0,0,1,0,1,0,1,14.0,0.4837101570197514,0.8448821902275085,1,0,0,5,297,3.0,11.0,3.6666666666666665,3.6666666666666665,2,8,10,10
W2941454126,2019,2019-04-25,Agronomy Journal,middle,Agronomy and Crop Science,Agricultural and Biological Sciences,Life Sciences,article,en,journal,closed,0.9991000294685364,6,1,6,1,65,1350.0,,0.99300534,135,0,0,0,0,0,1,0,0,1,1,13.0,0.5424588918685913,0.8039590120315552,1,0,0,7,383,16.0,39.0,13.0,13.0,10,11,21,21
W2995326441,2019,2019-12-21,GCB Bioenergy,first,Soil Science,Agricultural and Biological Sciences,Life Sciences,article,en,journal,gold,0.9998000264167786,5,1,5,3,45,2750.0,2750.0,0.97841153,112,1,1,1,1,1,1,0,1,0,1,15.0,0.4226238270600637,0.9827289581298828,1,0,0,19,283,5.0,27.0,9.0,9.0,5,22,27,27
W4212812143,2022,2022-02-18,Soil Science Society of America Journal,first,Soil Science,Agricultural and Biological Sciences,Life Sciences,article,en,journal,closed,0.9993000030517578,1,1,1,1,66,1350.0,,0.99334291,104,0,0,0,0,0,1,0,1,1,1,17.0,0.4153670633540434,0.7646763324737549,0,0,0,9,259,26.0,54.0,18.0,18.0,6,29,35,35
W3185048752,2021,2021-07-23,Geoderma,first,Soil Science,Agricultural and Biological Sciences,Life Sciences,article,en,journal,closed,0.9991999864578248,1,1,1,1,113,2800.0,,0.98022562,98,0,0,0,0,1,1,0,1,0,1,9.0,0.38498618536525303,0.972071647644043,1,1,0,10,0,13.0,28.0,9.333333333333334,9.333333333333334,8,10,18,18
W2962838148,2019,2019-07-01,Soil Science Society of America Journal,first,Soil Science,Agricultural and Biological Sciences,Life Sciences,article,en,journal,closed,0.9998000264167786,2,1,2,1,23,1350.0,,0.96387465,92,0,0,0,0,0,1,0,1,0,1,19.0,0.4732150607987454,0.8217846155166626,1,0,0,13,326,6.0,16.0,5.333333333333333,5.333333333333333,3,7,10,10
W3104530211,2020,2020-11-17,GCB Bioenergy,first,Soil Science,Agricultural and Biological Sciences,Life Sciences,article,en,journal,gold,0.9995999932289124,1,1,1,3,79,2750.0,2750.0,0.95992164,83,1,1,1,1,1,1,0,1,0,1,18.0,0.42742735147476196,0.9705051183700562,0,0,0,7,291,9.0,16.0,5.333333333333333,5.333333333333333,9,6,15,15
W2792023569,2018,2018-02-16,Agriculture Ecosystems & Environment,last,Soil Science,Agricultural and Biological Sciences,Life Sciences,article,en,journal,closed,0.9991000294685364,2,1,2,1,161,3690.0,,0.96200601,78,0,0,0,0,0,1,0,0,0,1,13.0,0.43219467309805065,0.8932362794876099,1,0,0,10,0,7.0,18.0,6.0,6.0,4,6,10,10
W3210083655,2021,2021-10-26,Soil Science Society of America Journal,first,Soil Science,Agricultural and Biological Sciences,Life Sciences,review,en,journal,bronze,0.9994000196456908,5,1,5,1,83,1350.0,,0.97704404,75,1,0,1,0,0,1,1,1,0,1,12.0,0.45932282507419586,0.8342200517654419,1,0,0,12,253,7.0,32.0,10.666666666666666,10.666666666666666,4,27,31,31
W2904236185,2018,2018-12-13,Journal of Environmental Quality,first,Soil Science,Agricultural and Biological Sciences,Life Sciences,review,en,journal,closed,0.9991999864578248,1,1,1,2,87,1350.0,,0.92723114,66,0,0,0,0,0,1,0,1,0,1,11.0,0.47668191519650543,0.9888359308242798,1,0,0,4,251,2.0,7.0,2.3333333333333335,2.3333333333333335,1,6,7,7
W3014876572,2020,2020-04-04,Agronomy Journal,middle,Soil Science,Agricultural and Biological Sciences,Life Sciences,article,en,journal,closed,0.9986000061035156,10,1,10,2,47,1350.0,,0.94008652,45,0,0,0,0,0,1,0,0,0,1,11.0,0.5519542314789512,0.811882734298706,1,0,0,12,260,4.0,15.0,5.0,5.0,1,6,7,7
W3118453831,2021,2021-01-01,Journal of Soil and Water Conservation,middle,Global and Planetary Change,Environmental Science,Physical Sciences,article,en,journal,bronze,0.9987000226974488,7,1,7,2,36,,,0.93921545,43,1,1,1,0,0,1,1,0,0,1,26.0,0.3470752892585901,0.9450581073760986,1,0,0,5,116,10.0,23.0,7.666666666666667,7.666666666666667,2,8,10,10
W3135994899,2021,2021-03-18,Agriculture Ecosystems & Environment,first,Soil Science,Agricultural and Biological Sciences,Life Sciences,article,en,journal,closed,0.9998000264167786,1,1,1,1,46,3690.0,,0.93414166,42,0,0,0,0,0,1,0,1,0,1,14.0,0.40358560000147137,0.738452136516571,1,0,0,14,0,10.0,19.0,6.333333333333333,6.333333333333333,5,8,13,13
W3003713250,2020,2020-01-31,Agronomy Journal,first,Soil Science,Agricultural and Biological Sciences,Life Sciences,article,en,journal,closed,0.9993000030517578,6,1,6,1,120,1350.0,,0.95471298,41,0,0,0,0,0,1,0,1,0,1,15.0,0.4733010470867157,0.7569326162338257,1,0,0,11,253,7.0,15.0,5.0,5.0,1,6,7,7
W3105914481,2020,2020-11-16,Soil and Tillage Research,first,Soil Science,Agricultural and Biological Sciences,Life Sciences,article,en,journal,closed,0.9998999834060668,4,1,4,1,36,4230.0,,0.85143464,35,0,0,0,0,0,1,0,1,0,0,10.0,0.5338156342506408,0.8524181842803955,1,1,0,13,0,4.0,7.0,2.3333333333333335,2.3333333333333335,1,6,7,7
W4389092833,2023,2023-11-28,Soil Use and Management,first,Soil Science,Agricultural and Biological Sciences,Life Sciences,article,en,journal,bronze,0.9983999729156494,3,1,3,2,57,3850.0,,0.95978354,30,1,0,1,0,0,1,1,1,0,1,16.0,0.41693825274705887,0.675029456615448,0,0,0,8,265,7.0,23.0,7.666666666666667,7.666666666666667,6,13,19,19
W3113353180,2020,2020-12-10,Journal of Environmental Quality,middle,Pollution,Environmental Science,Physical Sciences,article,en,journal,closed,0.9986000061035156,8,1,8,3,58,1350.0,,0.58420885,19,0,0,0,0,0,1,0,0,0,0,11.0,0.4616657007824291,0.8054468631744385,1,0,0,7,243,0.0,9.0,3.0,3.0,0,9,9,9
W4353065287,2023,2023-03-22,Soil Use and Management,first,Soil Science,Agricultural and Biological Sciences,Life Sciences,article,en,journal,hybrid,0.9990000128746032,1,1,1,1,51,3850.0,3850.0,0.91677263,19,1,0,1,0,0,1,1,1,0,1,7.0,0.3447879637990679,0.6918560862541199,0,0,0,12,301,8.0,14.0,4.666666666666667,4.666666666666667,1,9,10,10
W4382197419,2023,2023-06-27,Soil Science Society of America Journal,first,Soil Science,Agricultural and Biological Sciences,Life Sciences,article,en,journal,bronze,0.9998999834060668,8,1,8,2,38,1350.0,,0.91853645,19,1,0,1,0,0,1,1,1,0,1,12.0,0.48643822719653446,0.7970322966575623,1,1,0,17,265,5.0,13.0,4.333333333333333,4.333333333333333,3,5,8,8
W4391744348,2024,2024-02-12,The Science of The Total Environment,first,Forestry,Agricultural and Biological Sciences,Life Sciences,article,en,journal,closed,0.9993000030517578,1,1,1,2,117,3870.0,,0.99839513,18,0,0,0,0,0,1,0,1,1,1,16.0,0.44778671860694885,0.7569005489349365,0,1,0,13,0,15.0,18.0,6.0,6.0,4,14,18,18
W3216348229,2021,2021-11-26,Soil Science Society of America Journal,middle,Soil Science,Agricultural and Biological Sciences,Life Sciences,article,en,journal,closed,0.9997000098228456,9,1,9,1,43,1350.0,,0.82928001,17,0,0,0,0,0,1,0,0,0,0,14.0,0.47063821979931425,0.8185595273971558,1,0,0,15,257,1.0,8.0,2.6666666666666665,2.6666666666666665,1,6,7,7
W4401928115,2024,2024-08-26,Soil Science Society of America Journal,first,Soil Science,Agricultural and Biological Sciences,Life Sciences,article,en,journal,hybrid,0.9991000294685364,4,1,4,1,44,1350.0,1350.0,0.91195278,10,1,0,1,0,0,1,1,1,0,1,12.0,0.40217871963977814,0.7629390954971313,1,1,0,13,275,6.0,10.0,3.3333333333333335,3.3333333333333335,5,5,10,10
W4399328071,2024,2024-06-04,Canadian Journal of Soil Science,last,Soil Science,Agricultural and Biological Sciences,Life Sciences,article,en,journal,closed,0.9984999895095824,2,1,2,1,49,,,0.9062814,9,0,0,0,0,0,1,0,0,0,1,14.0,0.43766260147094727,0.8549835681915283,1,0,0,8,253,7.0,9.0,3.0,3.0,3,6,9,9
W2915058042,2019,2019-01-01,Soil Science Society of America Journal,middle,Civil and Structural Engineering,Engineering,Physical Sciences,article,en,journal,green,0.9994999766349792,4,1,4,3,36,1350.0,,0.93950784,46,1,1,0,0,0,1,0,0,0,1,16.0,0.4228315930813551,0.7723578214645386,1,0,0,16,325,11.0,16.0,5.333333333333333,5.333333333333333,2,9,11,11
W2999753387,2020,2020-01-17,Agronomy Journal,middle,Soil Science,Agricultural and Biological Sciences,Life Sciences,article,en,journal,closed,0.9998000264167786,8,1,8,1,63,1350.0,,0.91761433,42,0,0,0,0,0,1,0,0,0,1,10.0,0.6527587622404099,0.8863728046417236,1,0,0,11,282,3.0,11.0,3.6666666666666665,3.6666666666666665,1,1,2,2
W2887956858,2018,2018-08-02,Agronomy Journal,middle,Soil Science,Agricultural and Biological Sciences,Life Sciences,article,en,journal,closed,0.9990000128746032,11,1,11,2,21,1350.0,,0.87818205,33,0,0,0,0,0,1,0,0,0,0,13.0,0.484681798861577,0.9047048091888428,1,0,0,12,297,2.0,6.0,2.0,2.0,1,4,5,5
W2982103400,2019,2019-10-24,Agricultural Systems,middle,"Ecology, Evolution, Behavior and Systematics",Agricultural and Biological Sciences,Life Sciences,article,en,journal,closed,0.9950000047683716,5,2,5,2,100,3820.0,,0.97040923,29,0,0,0,0,0,1,0,0,0,1,13.0,0.3645534056883592,0.6040376424789429,1,0,0,11,0,3.0,17.0,5.666666666666667,5.666666666666667,3,10,13,13
W3083059538,2020,2020-09-05,GCB Bioenergy,middle,Agronomy and Crop Science,Agricultural and Biological Sciences,Life Sciences,article,en,journal,gold,0.9990000128746032,10,2,10,2,40,2750.0,2750.0,0.93142423,29,1,1,1,1,1,1,0,0,0,1,14.0,0.4224810940878732,0.9766771793365479,0,2,0,19,313,3.0,8.0,2.6666666666666665,2.6666666666666665,3,2,5,5
W4220845615,2022,2022-03-16,Soil and Tillage Research,middle,Soil Science,Agricultural and Biological Sciences,Life Sciences,article,en,journal,closed,0.9994999766349792,4,1,4,2,33,4230.0,,0.92974341,29,0,0,0,0,0,1,0,0,0,1,13.0,0.45315426817307103,0.7988653779029846,0,0,0,12,0,9.0,17.0,5.666666666666667,5.666666666666667,5,9,14,14
W2938155213,2019,2019-03-01,Soil Science Society of America Journal,middle,Soil Science,Agricultural and Biological Sciences,Life Sciences,article,en,journal,green,0.9969000220298768,4,1,4,3,37,1350.0,,0.85150597,26,1,1,0,0,0,1,1,1,0,0,20.0,0.42301116287708285,0.7259588837623596,1,0,0,11,282,3.0,5.0,1.6666666666666667,1.6666666666666667,2,1,3,3
W4285676306,2022,2022-07-17,Geoderma,first,Soil Science,Agricultural and Biological Sciences,Life Sciences,article,en,journal,closed,0.9988999962806702,5,1,5,1,28,2800.0,,0.92009949,26,0,0,0,0,1,1,0,1,0,1,10.0,0.3036846131086349,0.6002522110939026,1,1,0,10,0,10.0,17.0,5.666666666666667,5.666666666666667,7,8,15,15
W3087622136,2020,2020-01-01,Agrosystems Geosciences & Environment,first,Soil Science,Agricultural and Biological Sciences,Life Sciences,article,en,journal,gold,0.9998000264167786,7,1,7,3,36,1100.0,1100.0,0.89592686,25,1,1,1,1,1,1,0,1,0,0,9.0,0.5562690529558394,0.8515549302101135,0,1,0,10,261,4.0,9.0,3.0,3.0,0,4,4,4
W3088893507,2020,2020-01-01,Agrosystems Geosciences & Environment,middle,Soil Science,Agricultural and Biological Sciences,Life Sciences,article,en,journal,gold,0.9997000098228456,7,1,7,3,36,1100.0,1100.0,0.84959399,22,1,1,1,1,1,1,0,0,0,0,11.0,0.5058912309733304,0.8476856350898743,1,0,0,11,256,2.0,7.0,2.3333333333333335,2.3333333333333335,0,2,2,2
W3193819449,2021,2021-08-18,Agronomy Journal,last,Soil Science,Agricultural and Biological Sciences,Life Sciences,article,en,journal,hybrid,0.9987000226974488,9,1,9,3,79,1350.0,1350.0,0.83719307,21,1,1,1,0,0,1,0,0,0,0,17.0,0.4735427656594445,0.7363578081130981,1,0,0,12,191,1.0,5.0,1.6666666666666667,1.6666666666666667,1,4,5,5
W4224936410,2022,2022-04-27,Soil Science Society of America Journal,last,Soil Science,Agricultural and Biological Sciences,Life Sciences,review,en,journal,closed,0.9987999796867372,2,1,2,1,106,1350.0,,0.87802964,20,0,0,0,0,0,1,0,0,0,0,9.0,0.42524901032447815,0.6705973148345947,1,0,0,11,254,6.0,13.0,4.333333333333333,4.333333333333333,5,5,10,10
W2792560235,2018,2018-03-25,GCB Bioenergy,last,Agronomy and Crop Science,Agricultural and Biological Sciences,Life Sciences,review,en,journal,gold,0.9994999766349792,2,1,2,2,190,2750.0,2750.0,0.94413859,19,1,0,1,1,1,1,1,0,0,1,17.0,0.40543006097569184,0.7874205112457275,1,2,0,8,314,7.0,13.0,4.333333333333333,4.333333333333333,3,6,9,9
W4288084502,2022,2022-07-28,Renewable Agriculture and Food Systems,middle,Soil Science,Agricultural and Biological Sciences,Life Sciences,article,en,journal,hybrid,0.9962000250816344,6,1,6,1,61,,,0.86434783,18,1,0,1,0,1,1,1,0,0,0,15.0,0.45617583592732747,0.7944360971450806,1,2,0,23,373,4.0,9.0,3.0,3.0,2,5,7,7
W2951363837,2019,2019-06-21,Geoderma,middle,Earth-Surface Processes,Earth and Planetary Sciences,Physical Sciences,article,en,journal,closed,1.0,3,1,3,2,28,2800.0,,0.86459758,17,0,0,0,0,1,1,0,0,0,0,15.0,0.38518513639767965,0.839698314666748,1,1,0,16,0,4.0,7.0,2.3333333333333335,2.3333333333333335,1,5,6,6
W4380202445,2023,2023-06-10,Plant and Soil,first,Soil Science,Agricultural and Biological Sciences,Life Sciences,article,en,journal,closed,0.9990000128746032,1,1,1,2,43,4390.0,,0.89302268,15,0,0,0,0,0,1,0,1,0,0,14.0,0.4405320201601301,0.9830566644668579,1,0,0,11,0,4.0,14.0,4.666666666666667,4.666666666666667,0,8,8,8
W2897686303,2018,2018-10-11,Agronomy Journal,middle,Agronomy and Crop Science,Agricultural and Biological Sciences,Life Sciences,article,en,journal,bronze,0.9984999895095824,9,1,9,1,27,1350.0,,0.91000285,13,1,0,1,0,0,1,1,0,0,1,9.0,0.5331666337119209,0.8024270534515381,1,3,0,15,299,2.0,6.0,2.0,2.0,2,3,5,5
W4385679015,2023,2023-08-08,Field Crops Research,middle,Soil Science,Agricultural and Biological Sciences,Life Sciences,article,en,journal,closed,0.9998000264167786,5,1,5,2,57,3970.0,,0.86913661,12,0,0,0,0,0,1,0,0,0,0,15.0,0.4431663473447164,0.7619556188583374,0,2,0,16,0,4.0,10.0,3.3333333333333335,3.3333333333333335,2,6,8,8
W4393210965,2024,2024-03-26,Field Crops Research,first,Soil Science,Agricultural and Biological Sciences,Life Sciences,article,en,journal,closed,0.9975000023841858,3,1,3,1,31,3970.0,,0.92885825,12,0,0,0,0,0,1,0,1,0,1,10.0,0.46198232769966124,0.8998231291770935,1,0,0,14,0,11.0,12.0,4.0,4.0,2,10,12,12
W4285494398,2022,2022-07-14,Agronomy Journal,first,Soil Science,Agricultural and Biological Sciences,Life Sciences,article,en,journal,closed,0.998199999332428,1,1,1,1,55,1350.0,,0.7799066,11,0,0,0,0,0,1,0,1,0,0,11.0,0.5700816999782216,0.9782284498214722,1,0,0,6,250,1.0,5.0,1.6666666666666667,1.6666666666666667,0,3,3,3
W4307574221,2022,2022-10-26,Agronomy Journal,middle,Agronomy and Crop Science,Agricultural and Biological Sciences,Life Sciences,article,en,journal,hybrid,0.9984999895095824,9,1,9,2,39,1350.0,1350.0,0.85677363,10,1,1,1,0,0,1,0,0,0,0,8.0,0.641120720654726,0.8439471125602722,1,0,0,12,252,1.0,4.0,1.3333333333333333,1.3333333333333333,1,3,4,4
W4386954546,2023,2023-09-22,Agronomy Journal,first,Soil Science,Agricultural and Biological Sciences,Life Sciences,article,en,journal,bronze,0.9997000098228456,6,1,6,1,110,1350.0,,0.79321937,7,1,0,1,0,0,1,1,1,0,0,10.0,0.5102219641208648,0.8693380355834961,0,2,0,10,246,0.0,5.0,1.6666666666666667,1.6666666666666667,0,3,3,3
W4392438800,2024,2024-02-29,Soil and Tillage Research,middle,Soil Science,Agricultural and Biological Sciences,Life Sciences,article,en,journal,closed,0.9998000264167786,4,1,4,1,55,4230.0,,0.87480569,7,0,0,0,0,0,1,0,0,0,0,20.0,0.4230571538209915,0.8467022776603699,1,2,0,18,0,6.0,7.0,2.3333333333333335,2.3333333333333335,3,3,6,6
W3092706838,2020,2020-10-16,Soil Science Society of America Journal,first,Earth-Surface Processes,Earth and Planetary Sciences,Physical Sciences,article,en,journal,closed,0.9995999932289124,3,1,3,1,33,1350.0,,0.74210852,6,0,0,0,0,0,1,0,1,0,0,11.0,0.4667672108520161,0.792984127998352,1,0,0,14,255,0.0,2.0,0.6666666666666666,0.6666666666666666,0,2,2,2
W3109608912,2020,2020-12-01,Water Air & Soil Pollution,last,Ecology,Environmental Science,Physical Sciences,article,en,journal,closed,0.9912999868392944,5,1,5,1,108,,,0.5763778,6,0,0,0,0,0,1,0,0,0,0,17.0,0.4332713905502768,0.7387734055519104,0,0,0,9,0,1.0,1.0,0.3333333333333333,0.3333333333333333,0,1,1,1
W4386832586,2023,2023-01-01,Renewable Agriculture and Food Systems,last,Soil Science,Agricultural and Biological Sciences,Life Sciences,article,en,journal,diamond,0.9986000061035156,3,1,3,2,39,,,0.77328849,6,1,0,1,1,1,1,1,0,0,0,14.0,0.4904661646911076,0.7754616737365723,0,2,0,12,258,3.0,4.0,1.3333333333333333,1.3333333333333333,1,2,3,3
W4396691583,2024,2024-05-07,Soil Science Society of America Journal,first,Soil Science,Agricultural and Biological Sciences,Life Sciences,article,en,journal,hybrid,0.9962000250816344,5,1,5,1,50,1350.0,1350.0,0.85399271,6,1,0,1,0,0,1,0,1,0,0,17.0,0.44480374981375304,0.872245192527771,1,0,0,16,283,6.0,6.0,2.0,2.0,2,3,5,5
W4392094436,2024,2024-02-23,Soil Science Society of America Journal,middle,Agronomy and Crop Science,Agricultural and Biological Sciences,Life Sciences,article,en,journal,closed,0.9652000069618224,5,1,5,1,62,1350.0,,0.8574892,4,0,0,0,0,0,1,0,0,0,0,5.0,0.41917137503623964,0.7035267353057861,1,1,0,18,253,3.0,4.0,1.3333333333333333,1.3333333333333333,1,2,3,3
W4408712587,2025,2025-03-21,Environmental Research Letters,first,Soil Science,Agricultural and Biological Sciences,Life Sciences,article,en,journal,gold,0.3555999994277954,1,1,1,2,32,1901.0,1901.0,0.93329911,4,1,1,1,1,1,1,0,1,0,1,7.0,0.4425014683178493,0.634228527545929,0,0,0,7,238,4.0,4.0,1.3333333333333333,1.3333333333333333,4,0,4,4
W4396662524,2024,2024-05-06,Agrosystems Geosciences & Environment,middle,Plant Science,Agricultural and Biological Sciences,Life Sciences,article,en,journal,gold,0.9993000030517578,6,1,6,2,52,1100.0,1100.0,0.87501183,3,1,1,1,1,1,1,0,0,0,0,8.0,0.7411731332540512,0.9615205526351929,0,0,0,20,298,2.0,3.0,1.0,1.0,2,1,3,3
W4406593836,2025,2025-01-01,Agronomy Journal,first,Soil Science,Agricultural and Biological Sciences,Life Sciences,article,en,journal,hybrid,0.9980000257492064,7,1,7,1,35,1350.0,1350.0,0.86125993,2,1,0,1,0,0,1,1,1,0,0,10.0,0.5138277232646942,0.8489294052124023,0,0,0,16,256,2.0,2.0,0.6666666666666666,0.6666666666666666,1,1,2,2
W4389824972,2023,2023-11-01,Berkshire Publishing Group eBooks,first,"Management, Monitoring, Policy and Law",Environmental Science,Physical Sciences,book-chapter,en,ebook platform,closed,0.1492000073194503,1,0,1,1,0,,,0.9085846,1,0,0,0,0,0,0,0,1,0,1,7.0,0.3060130604675838,0.45563238859176636,1,0,0,2,0,0.0,0.0,0.0,0.0,0,0,0,0
W4416385408,2025,2025-11-01,Agronomy Journal,last,Plant Science,Agricultural and Biological Sciences,Life Sciences,article,en,journal,hybrid,0.0930999964475631,4,3,4,3,17,1350.0,1350.0,0.88577379,1,1,1,1,0,0,1,1,0,0,0,7.0,0.6113714320319039,0.8644000291824341,0,0,0,12,187,1.0,1.0,0.3333333333333333,0.3333333333333333,1,0,1,1
W2794081146,2018,2018-03-22,Soil and Tillage Research,last,Soil Science,Agricultural and Biological Sciences,Life Sciences,article,en,journal,closed,0.9983000159263612,3,2,3,2,29,4230.0,,0.91673758,23,0,0,0,0,0,1,0,0,0,1,15.0,0.4452149490515391,0.7934306263923645,1,0,0,11,0,8.0,10.0,3.3333333333333335,3.3333333333333335,6,2,8,8
W3199208220,2021,2021-09-10,Renewable Agriculture and Food Systems,middle,Soil Science,Agricultural and Biological Sciences,Life Sciences,article,en,journal,hybrid,0.9940999746322632,8,1,8,1,52,,,0.83818982,18,1,0,1,0,1,1,1,0,0,0,9.0,0.5365819169415368,0.9649676084518433,1,2,0,16,306,5.0,8.0,2.6666666666666665,2.6666666666666665,5,0,5,5
W2891517203,2018,2018-09-20,Journal of Environmental Quality,middle,Soil Science,Agricultural and Biological Sciences,Life Sciences,article,en,journal,closed,0.9990000128746032,5,1,5,2,35,1350.0,,0.69836342,14,0,0,0,0,0,1,0,0,0,0,14.0,0.46850250235625673,0.8286129236221313,1,1,0,10,240,0.0,1.0,0.3333333333333333,0.3333333333333333,0,1,1,1
W2917097452,2019,2019-02-21,Agricultural Water Management,last,Environmental Engineering,Environmental Science,Physical Sciences,article,en,journal,green,1.0,5,1,5,3,35,2600.0,,0.73268206,14,1,1,0,0,1,1,1,0,0,0,12.0,0.431425578892231,0.8109264373779297,1,0,0,13,0,5.0,5.0,1.6666666666666667,1.6666666666666667,4,1,5,5
W3178952143,2021,2021-01-01,Agrosystems Geosciences & Environment,middle,Plant Science,Agricultural and Biological Sciences,Life Sciences,article,en,journal,gold,0.9958000183105468,4,1,4,3,47,1100.0,1100.0,0.81792846,8,1,1,1,1,1,1,0,0,0,0,14.0,0.501407938344138,0.8651531934738159,0,0,0,10,259,0.0,1.0,0.3333333333333333,0.3333333333333333,0,0,0,0
W2908916470,2019,2019-01-10,Journal of Environmental Quality,middle,Agronomy and Crop Science,Agricultural and Biological Sciences,Life Sciences,article,en,journal,closed,0.9990000128746032,5,1,5,3,37,1350.0,,0.90715704,16,0,0,0,0,0,1,0,0,0,1,16.0,0.4289822895079851,0.9319654107093811,1,3,0,6,239,4.0,8.0,2.6666666666666665,2.6666666666666665,1,3,4,4
W2948188879,2019,2019-06-06,Agronomy Journal,middle,Soil Science,Agricultural and Biological Sciences,Life Sciences,article,en,journal,closed,0.9991999864578248,6,1,6,1,71,1350.0,,0.85806677,16,0,0,0,0,0,1,0,0,0,0,17.0,0.4613785743713379,0.7864625453948975,1,0,0,16,326,3.0,7.0,2.3333333333333335,2.3333333333333335,2,2,4,4
W2782719449,2018,2018-01-01,Soil Science Society of America Journal,middle,Soil Science,Agricultural and Biological Sciences,Life Sciences,article,en,journal,closed,0.9994999766349792,8,1,8,1,37,1350.0,,0.87710117,15,0,0,0,0,0,1,0,0,0,0,13.0,0.45916797106082624,0.7376495599746704,1,0,0,16,324,5.0,7.0,2.3333333333333335,2.3333333333333335,2,3,5,5
W2897492098,2018,2018-10-11,Agronomy Journal,middle,Soil Science,Agricultural and Biological Sciences,Life Sciences,article,en,journal,closed,0.9991000294685364,9,1,9,1,49,1350.0,,0.88872887,15,0,0,0,0,0,1,0,0,0,0,12.0,0.4517538820703824,0.7860089540481567,1,1,0,19,313,3.0,7.0,2.3333333333333335,2.3333333333333335,3,3,6,6
W3033790928,2020,2020-06-02,Journal of Environmental Quality,first,Soil Science,Agricultural and Biological Sciences,Life Sciences,article,en,journal,closed,0.9948999881744384,8,1,8,2,37,1350.0,,0.73048083,12,0,0,0,0,0,1,0,1,0,0,13.0,0.4171701532143813,0.7201732397079468,1,0,0,12,270,3.0,5.0,1.6666666666666667,1.6666666666666667,2,1,3,3
W3195631697,2021,2021-08-20,Journal of soil science and plant nutrition,last,Soil Science,Agricultural and Biological Sciences,Life Sciences,article,en,journal,gold,0.9980000257492064,3,2,3,3,36,2990.0,2990.0,0.71359117,7,1,0,0,0,0,1,0,0,0,0,12.0,0.48437650005022687,0.8987258076667786,1,1,0,10,225,2.0,2.0,0.6666666666666666,0.6666666666666666,1,1,2,2
W4387989440,2023,2023-10-27,Journal of Agriculture and Food Research,middle,Soil Science,Agricultural and Biological Sciences,Life Sciences,article,en,journal,gold,0.9997000098228456,6,1,6,3,70,1800.0,1800.0,0.77449653,6,1,1,1,1,1,1,0,0,0,0,16.0,0.45891308411955833,0.6693789958953857,1,2,0,18,313,3.0,6.0,2.0,2.0,2,3,5,5
W3174963908,2021,2021-06-28,Soil and Tillage Research,middle,Soil Science,Agricultural and Biological Sciences,Life Sciences,article,en,journal,closed,0.9990000128746032,4,1,4,1,62,4230.0,,0.64006821,5,0,0,0,0,0,1,0,0,0,0,19.0,0.48941208343756826,0.8088849782943726,1,0,0,13,0,0.0,3.0,1.0,1.0,0,2,2,2
W4388680992,2023,2023-11-14,Agrosystems Geosciences & Environment,middle,Soil Science,Agricultural and Biological Sciences,Life Sciences,article,en,journal,gold,0.9995999932289124,6,1,6,2,43,1100.0,1100.0,0.74963647,5,1,1,1,1,1,1,0,1,0,0,13.0,0.4502699031279637,0.8672035932540894,1,0,0,11,255,3.0,5.0,1.6666666666666667,1.6666666666666667,3,2,5,5
W2896142853,2018,2018-10-09,Journal of Plant Nutrition,middle,Soil Science,Agricultural and Biological Sciences,Life Sciences,article,en,journal,closed,0.9980999827384948,4,1,4,1,14,,,0.80781513,8,0,0,0,0,0,1,0,0,0,0,18.0,0.40985575318336487,0.8359702229499817,1,0,0,19,286,1.0,3.0,1.0,1.0,1,1,2,2
W3088313550,2020,2020-01-01,Agrosystems Geosciences & Environment,last,Soil Science,Agricultural and Biological Sciences,Life Sciences,article,en,journal,gold,0.9998000264167786,3,2,3,3,22,1100.0,1100.0,0.68210758,4,1,1,1,1,1,1,0,0,0,0,13.0,0.521304958141767,0.9060682654380798,1,0,0,10,253,0.0,2.0,0.6666666666666666,0.6666666666666666,0,0,0,0
W4402230255,2024,2024-09-04,CABI Reviews,first,Agronomy and Crop Science,Agricultural and Biological Sciences,Life Sciences,article,en,journal,closed,0.9961000084877014,2,1,2,1,43,,,0.79504728,2,0,0,0,0,0,1,0,1,0,0,16.0,0.40282360278069973,0.7932411432266235,0,0,0,10,265,2.0,2.0,0.6666666666666666,0.6666666666666666,1,1,2,2
W2955332885,2019,2019-06-27,Agronomy Journal,middle,Agronomy and Crop Science,Agricultural and Biological Sciences,Life Sciences,article,en,journal,closed,0.9984999895095824,5,1,5,1,39,1350.0,,0.74838804,4,0,0,0,0,0,1,0,0,0,0,15.0,0.4613993684450785,0.8112660646438599,1,0,0,10,263,1.0,2.0,0.6666666666666666,0.6666666666666666,1,0,1,1
W3083656464,2020,2020-01-01,,first,Soil Science,Agricultural and Biological Sciences,Life Sciences,book-chapter,en,,closed,0.9994999766349792,1,1,1,1,43,,,0.24735861,1,0,0,0,0,0,0,0,1,0,0,17.0,0.4513343923232135,0.691444456577301,1,0,0,7,0,0.0,0.0,0.0,0.0,0,0,0,0
W2904403745,2018,2018-12-01,Natural sciences education,first,Education,Social Sciences,Social Sciences,article,en,journal,closed,0.984000027179718,4,1,4,1,19,1150.0,,0.88031257,2,0,0,0,0,0,1,0,1,0,0,11.0,0.3790257627313787,0.5794175863265991,1,0,0,12,270,1.0,2.0,0.6666666666666666,0.6666666666666666,1,1,2,2
W2970543632,2019,2019-01-01,Natural sciences education,first,Education,Social Sciences,Social Sciences,article,en,journal,closed,0.972599983215332,4,1,4,1,17,1150.0,,0.76552425,2,0,0,0,0,0,1,0,1,0,0,5.0,0.38155633211135864,0.5173367857933044,0,0,0,10,242,0.0,1.0,0.3333333333333333,0.3333333333333333,0,0,0,0
W2805475395,2018,2018-05-28,Agriculture Ecosystems & Environment,last,"Ecology, Evolution, Behavior and Systematics",Agricultural and Biological Sciences,Life Sciences,erratum,en,journal,closed,0.1712999939918518,2,1,2,1,0,3690.0,,0.73790436,1,0,0,0,0,0,1,0,0,0,0,12.0,0.42743906875451404,0.7269500494003296,1,0,0,18,0,0.0,1.0,0.3333333333333333,0.3333333333333333,0,1,1,1
W3134721054,2021,2021-02-26,Agronomy Journal,middle,Soil Science,Agricultural and Biological Sciences,Life Sciences,article,en,journal,bronze,0.994700014591217,8,1,8,2,30,1350.0,,0.45152427,1,1,1,1,0,0,1,1,0,0,0,13.0,0.4741593049122737,0.8251552581787109,0,0,0,14,258,0.0,1.0,0.3333333333333333,0.3333333333333333,0,1,1,1
W2921183946,2019,2019-02-01,HortScience,middle,Soil Science,Agricultural and Biological Sciences,Life Sciences,article,en,journal,gold,0.9936000108718872,4,1,4,1,17,3000.0,3000.0,0.53111344,1,1,0,1,1,1,1,1,0,0,0,11.0,0.42840837890451605,0.9628636837005615,1,0,0,9,368,0.0,1.0,0.3333333333333333,0.3333333333333333,0,0,0,0
W2887754577,2018,2018-08-06,Burleigh Dodds series in agricultural science,first,Forestry,Agricultural and Biological Sciences,Life Sciences,book-chapter,en,book series,closed,0.9539999961853028,1,0,1,1,0,,,0.06735751,0,0,0,0,0,0,1,0,1,0,0,17.0,0.3808647937634412,0.6873935461044312,1,0,0,7,89,0.0,0.0,0.0,0.0,0,0,0,0
W3118913060,2019,2019-04-01,EGU General Assembly Conference Abstracts,middle,Agronomy and Crop Science,Agricultural and Biological Sciences,Life Sciences,article,en,conference,closed,0.97979998588562,5,0,5,1,0,,,0.37887067,0,0,0,0,0,0,0,0,0,0,0,12.0,0.3645426332950592,0.9930140972137451,0,0,0,17,0,0.0,0.0,0.0,0.0,0,0,0,0
W3129556586,2021,2021-02-10,Global Journal of Human-Social Science,middle,General Agricultural and Biological Sciences,Agricultural and Biological Sciences,Life Sciences,article,en,journal,diamond,0.8597999811172485,4,1,4,1,11,,,0.02528433,0,1,0,1,1,0,0,1,0,0,0,13.0,0.4194761858536647,0.5854154825210571,1,0,0,14,180,0.0,0.0,0.0,0.0,0,0,0,0
W4396662719,2024,2024-05-06,Agrosystems Geosciences & Environment,middle,Soil Science,Agricultural and Biological Sciences,Life Sciences,article,en,journal,gold,0.993399977684021,7,1,7,2,32,1100.0,1100.0,0.07753909,0,1,1,1,1,1,1,0,0,0,0,14.0,0.48831470736435484,0.7821711897850037,1,0,0,12,259,0.0,0.0,0.0,0.0,0,0,0,0
W4403735215,2024,2024-10-24,CABI Reviews,middle,Agronomy and Crop Science,Agricultural and Biological Sciences,Life Sciences,article,en,journal,closed,0.992900013923645,3,1,3,1,36,,,0.26280955,0,0,0,0,0,0,1,0,0,0,0,8.0,0.36349479109048843,0.7222378253936768,1,0,0,8,285,0.0,0.0,0.0,0.0,0,0,0,0
W4405653809,2024,2024-12-20,Weed Science,middle,Food Science,Agricultural and Biological Sciences,Life Sciences,article,en,journal,hybrid,0.9639000296592712,8,1,8,1,128,,,0.28283608,0,1,0,1,0,0,1,1,0,0,0,14.0,0.4817500561475754,0.8342886567115784,0,1,0,18,324,0.0,0.0,0.0,0.0,0,0,0,0
W4413384643,2025,2025-01-01,Elsevier eBooks,middle,Soil Science,Agricultural and Biological Sciences,Life Sciences,book-chapter,en,ebook platform,closed,0.9904999732971193,4,1,4,1,49,,,0.41691307,0,0,0,0,0,0,0,0,0,0,0,6.0,0.31025317311286926,0.5123251676559448,0,0,0,3,0,0.0,0.0,0.0,0.0,0,0,0,0
W4415515713,2022,2022-12-01,CSIRO Publishing eBooks,last,Soil Science,Agricultural and Biological Sciences,Life Sciences,book-chapter,en,ebook platform,closed,0.9904999732971193,3,0,3,1,74,,,0.57551564,0,0,0,0,0,0,0,0,0,0,0,0.0,0.0,0.0,0,0,0,6,0,0.0,0.0,0.0,0.0,0,0,0,0
W2887614386,2018,2018-08-05,Advanced Functional Materials,middle,Electrical and Electronic Engineering,Engineering,Physical Sciences,article,en,journal,closed,1.0,4,2,4,2,111,5250.0,,0.99992519,2130,0,0,0,0,0,1,0,1,1,1,19.0,0.39628493472149495,0.8316738605499268,1,3,0,5,117,179.0,511.0,170.33333333333334,170.33333333333334,96,290,386,386
W3027710877,2020,2020-05-22,Science Advances,first,Electrical and Electronic Engineering,Engineering,Physical Sciences,review,en,journal,gold,1.0,7,2,7,4,125,4500.0,4500.0,0.99993722,1808,1,1,1,1,1,1,0,0,1,1,12.0,0.3598565955956777,0.6487760543823242,1,1,0,11,150,315.0,674.0,224.66666666666666,224.66666666666666,158,310,468,468
W2939364935,2019,2019-04-11,Angewandte Chemie International Edition,first,Electrical and Electronic Engineering,Engineering,Physical Sciences,article,en,journal,closed,1.0,8,2,8,3,38,5250.0,,0.99977841,1058,0,0,0,0,0,1,0,0,1,1,17.0,0.4316767401555005,0.7203615307807922,1,3,0,10,163,215.0,402.0,134.0,134.0,75,201,276,276
W3164646544,2021,2021-05-26,Angewandte Chemie International Edition,middle,Electrical and Electronic Engineering,Engineering,Physical Sciences,article,en,journal,closed,1.0,7,1,7,2,51,5250.0,,0.99992742,1036,0,0,0,0,0,1,0,1,1,1,13.0,0.3931872569597684,0.7271226644515991,1,0,0,19,142,209.0,468.0,156.0,156.0,91,227,318,318
W3132344615,2021,2021-01-15,Angewandte Chemie International Edition,middle,Electrical and Electronic Engineering,Engineering,Physical Sciences,article,en,journal,closed,1.0,7,1,7,4,76,5250.0,,0.99989566,894,0,0,0,0,0,1,0,0,1,1,15.0,0.4475853522618612,0.7966464757919312,1,1,0,11,172,241.0,466.0,155.33333333333334,155.33333333333334,88,182,270,270
W4379141752,2023,2023-06-01,Joule,middle,Electrical and Electronic Engineering,Engineering,Physical Sciences,article,en,journal,closed,1.0,12,1,12,1,105,9080.0,,0.9999756,751,0,0,0,0,0,1,0,0,1,1,13.0,0.3976840583177713,0.7299998998641968,1,0,0,11,0,349.0,658.0,219.33333333333334,219.33333333333334,191,314,505,505
W2810845233,2018,2018-07-02,Advanced Materials,first,Electrical and Electronic Engineering,Engineering,Physical Sciences,article,en,journal,closed,1.0,11,2,11,3,53,5250.0,,0.99936634,704,0,0,0,0,0,1,0,0,1,1,21.0,0.39393709954761325,0.8539711833000183,1,0,0,14,190,107.0,233.0,77.66666666666667,77.66666666666667,55,127,182,182
W2794026322,2018,2018-02-13,Advanced Materials,middle,"Renewable Energy, Sustainability and the Environment",Energy,Physical Sciences,article,en,journal,closed,1.0,13,1,13,4,37,5250.0,,0.99662478,499,0,0,0,0,0,1,0,0,1,1,10.0,0.5566480785608292,0.9103783369064331,1,3,0,10,162,102.0,184.0,61.333333333333336,61.333333333333336,41,75,116,116
W2783868804,2018,2018-01-10,Advanced Functional Materials,middle,Electrical and Electronic Engineering,Engineering,Physical Sciences,article,en,journal,closed,0.9998999834060668,10,2,10,1,48,5250.0,,0.99859703,417,0,0,0,0,0,1,0,0,1,1,13.0,0.45867222318282497,0.857018232345581,0,2,0,17,195,119.0,191.0,63.666666666666664,63.666666666666664,47,80,127,127
W3121894891,2021,2021-01-18,Advanced Energy Materials,middle,Electrical and Electronic Engineering,Engineering,Physical Sciences,article,en,journal,closed,1.0,7,1,7,2,62,5250.0,,0.99907901,386,0,0,0,0,0,1,0,0,1,1,18.0,0.39052342706256443,0.8131672143936157,0,1,0,11,190,132.0,221.0,73.66666666666667,73.66666666666667,50,87,137,137
W3202510580,2021,2021-09-27,ACS Nano,middle,Electrical and Electronic Engineering,Engineering,Physical Sciences,article,en,journal,closed,1.0,5,1,5,2,238,,,0.99800639,349,0,0,0,0,0,1,0,0,1,1,16.0,0.4611773770302534,0.9678061008453369,1,2,0,13,194,51.0,127.0,42.333333333333336,42.333333333333336,33,75,108,108
W3165145178,2021,2021-05-25,Advanced Materials,middle,"Renewable Energy, Sustainability and the Environment",Energy,Physical Sciences,review,en,journal,closed,0.9998000264167786,11,2,11,3,210,5250.0,,0.99627439,332,0,0,0,0,0,1,0,1,1,1,18.0,0.37906095882256824,0.7775112390518188,1,1,0,12,127,131.0,211.0,70.33333333333333,70.33333333333333,78,93,171,171
W3079915060,2020,2020-08-19,Joule,first,Electrical and Electronic Engineering,Engineering,Physical Sciences,article,en,journal,closed,1.0,2,1,2,2,12,9080.0,,0.99721528,322,0,0,0,0,0,1,0,1,1,1,10.0,0.35990551114082336,0.6881393790245056,1,1,0,8,0,62.0,149.0,49.666666666666664,49.666666666666664,37,85,122,122
W4320709593,2023,2023-02-14,Advanced Materials,last,Electrical and Electronic Engineering,Engineering,Physical Sciences,article,en,journal,bronze,1.0,16,1,16,2,67,5250.0,,0.9994104,318,1,0,1,0,0,1,0,1,1,1,15.0,0.40367557605107623,0.7662200331687927,1,0,0,15,180,200.0,296.0,98.66666666666667,98.66666666666667,95,114,209,209
W3027182864,2020,2020-05-19,Advanced Materials,first,Electrical and Electronic Engineering,Engineering,Physical Sciences,article,en,journal,closed,1.0,9,2,9,3,55,5250.0,,0.9976807,316,0,0,0,0,0,1,0,0,1,1,14.0,0.3799868928534644,0.7239392399787903,1,1,0,17,202,102.0,174.0,58.0,58.0,61,62,123,123
W2800227084,2018,2018-01-01,Chemical Society Reviews,middle,"Renewable Energy, Sustainability and the Environment",Energy,Physical Sciences,review,en,journal,closed,0.9998999834060668,5,2,5,7,141,,,0.98715772,309,0,0,0,0,0,1,0,1,0,1,8.0,0.4035300277173519,0.5395030975341797,0,3,0,11,274,50.0,104.0,34.666666666666664,34.666666666666664,7,43,50,50
W3199781400,2021,2021-09-12,Journal of the American Chemical Society,middle,Electrical and Electronic Engineering,Engineering,Physical Sciences,article,en,journal,closed,1.0,8,2,8,2,96,,,0.99736408,281,0,0,0,0,0,1,0,1,1,1,9.0,0.4328477415773604,0.7471798658370972,0,3,0,6,176,66.0,139.0,46.333333333333336,46.333333333333336,45,77,122,122
W3115889865,2020,2020-12-21,Advanced Energy Materials,middle,Electrical and Electronic Engineering,Engineering,Physical Sciences,article,en,journal,bronze,1.0,8,4,8,3,175,5250.0,,0.99202569,246,1,1,1,0,0,1,1,0,1,1,12.0,0.44094008455673855,0.8655596971511841,1,2,0,10,176,27.0,73.0,24.333333333333332,24.333333333333332,25,47,72,72
W3120805833,2021,2021-01-10,Global Food Security,middle,Ecology,Environmental Science,Physical Sciences,review,en,journal,hybrid,0.9995999932289124,5,2,5,4,238,3760.0,2549.0,0.99979121,701,1,1,1,0,0,1,0,0,1,1,16.0,0.47525184601545334,0.7749824523925781,1,0,0,15,178,66.0,218.0,72.66666666666667,72.66666666666667,22,70,92,92
W3015355998,2020,2020-05-19,Nature Food,middle,Ecology,Environmental Science,Physical Sciences,article,en,journal,green,0.9957000017166138,48,11,48,9,40,11690.0,,0.99957874,544,1,1,0,0,0,1,1,0,1,1,15.0,0.28688504298528034,0.5336991548538208,1,2,0,10,0,101.0,191.0,63.666666666666664,63.666666666666664,52,91,143,143
W3000355687,2020,2020-01-20,Scientific Data,middle,"Ecology, Evolution, Behavior and Systematics",Agricultural and Biological Sciences,Life Sciences,article,en,journal,gold,0.9995999932289124,5,4,5,5,116,1990.0,1990.0,0.99989289,428,1,1,1,1,1,1,1,0,1,1,14.0,0.45544575793402536,0.8080941438674927,1,0,0,10,147,91.0,183.0,61.0,61.0,21,79,100,100
W3112169905,2020,2020-12-09,The Lancet Planetary Health,middle,Ecology,Environmental Science,Physical Sciences,review,en,journal,gold,0.997099995613098,37,11,37,14,92,5000.0,5000.0,0.99845088,310,1,1,1,1,1,1,1,0,1,1,12.0,0.43014635394016904,0.7834529280662537,0,0,0,12,151,40.0,104.0,34.666666666666664,34.666666666666664,38,61,99,99
W3082466097,2020,2020-08-29,Global Environmental Change,middle,General Agricultural and Biological Sciences,Agricultural and Biological Sciences,Life Sciences,article,en,journal,hybrid,0.9979000091552734,7,4,7,8,101,5150.0,3619.0,0.99936213,283,1,1,1,0,0,1,1,0,1,1,15.0,0.49348797599474586,0.9061446189880371,1,2,0,13,229,46.0,89.0,29.666666666666668,29.666666666666668,25,48,73,73
W2794855262,2018,2018-03-31,Global Change Biology,middle,General Agricultural and Biological Sciences,Agricultural and Biological Sciences,Life Sciences,article,en,journal,hybrid,0.9980999827384948,7,4,7,7,57,4120.0,4120.0,0.99918582,277,1,1,1,0,0,1,1,0,1,1,12.0,0.5390297000606855,0.7759093642234802,1,0,0,12,259,22.0,44.0,14.666666666666666,14.666666666666666,11,17,28,28
W2787056864,2018,2018-01-01,Ecology and Society,middle,"Ecology, Evolution, Behavior and Systematics",Agricultural and Biological Sciences,Life Sciences,article,en,journal,gold,0.9057999849319458,25,7,25,8,51,975.0,975.0,0.99808549,247,1,1,1,1,1,1,1,0,1,1,13.0,0.38264857347194964,0.7279516458511353,1,0,0,16,79,34.0,56.0,18.666666666666668,18.666666666666668,7,27,34,34
W3194103487,2021,2021-08-19,Global Change Biology,first,Animal Science and Zoology,Agricultural and Biological Sciences,Life Sciences,article,en,journal,bronze,0.9998999834060668,4,3,4,4,78,4120.0,,0.9977096,194,1,1,1,0,0,1,0,1,1,1,13.0,0.5155304051362551,0.8629227876663208,1,0,0,13,237,26.0,65.0,21.666666666666668,21.666666666666668,12,36,48,48
W2898034033,2018,2018-10-10,Frontiers in Sustainable Food Systems,last,"Ecology, Evolution, Behavior and Systematics",Agricultural and Biological Sciences,Life Sciences,review,en,journal,gold,0.998199999332428,5,5,5,3,71,950.0,950.0,0.99395044,179,1,1,1,1,1,1,1,0,1,1,17.0,0.3897106209222008,0.8210514187812805,1,0,0,16,254,7.0,21.0,7.0,7.0,5,14,19,19
W3111628121,2020,2020-12-10,Nature Sustainability,middle,Ecology,Environmental Science,Physical Sciences,article,en,journal,bronze,0.9984999895095824,18,9,18,5,13,11690.0,,0.99374669,169,1,0,1,0,0,1,1,0,1,1,14.0,0.31586443313530516,0.621596097946167,1,10,0,6,0,25.0,44.0,14.666666666666666,14.666666666666666,23,21,44,44
W2884597352,2018,2018-07-13,Agricultural Systems,middle,"Ecology, Evolution, Behavior and Systematics",Agricultural and Biological Sciences,Life Sciences,article,en,journal,closed,0.9947999715805054,6,5,6,3,67,3820.0,,0.99572689,161,0,0,0,0,0,1,0,1,1,1,18.0,0.4160853707128101,0.7321476936340332,1,1,0,9,0,17.0,35.0,11.666666666666666,11.666666666666666,13,18,31,31
W2894867854,2018,2018-10-05,Agricultural Systems,first,"Ecology, Evolution, Behavior and Systematics",Agricultural and Biological Sciences,Life Sciences,article,en,journal,hybrid,0.9993000030517578,17,9,17,7,159,3820.0,3820.0,0.99467059,161,1,1,1,0,0,1,1,1,1,1,18.0,0.42126819160249496,0.7104407548904419,1,0,0,9,156,16.0,30.0,10.0,10.0,8,17,25,25
W3004912775,2020,2020-02-07,Environmental Research Letters,middle,"Management, Monitoring, Policy and Law",Environmental Science,Physical Sciences,article,en,journal,gold,0.9998000264167786,7,3,7,5,127,1901.0,1901.0,0.99669443,155,1,1,1,1,1,1,1,0,1,1,16.0,0.48445034213364124,0.9665389657020569,1,0,0,13,299,23.0,47.0,15.666666666666666,15.666666666666666,8,16,24,24
W2808018527,2018,2018-06-13,Sustainability,last,"Ecology, Evolution, Behavior and Systematics",Agricultural and Biological Sciences,Life Sciences,article,en,journal,gold,0.977299988269806,7,5,7,7,123,2382.0,2382.0,0.99494625,144,1,1,1,1,0,1,1,0,1,1,16.0,0.3225911557674408,0.6824133396148682,0,0,0,9,181,13.0,24.0,8.0,8.0,7,8,15,15
W2807883872,2018,2018-06-15,Global Environmental Change,first,"Ecology, Evolution, Behavior and Systematics",Agricultural and Biological Sciences,Life Sciences,article,en,journal,hybrid,0.978600025177002,6,4,6,2,40,5150.0,5150.0,0.99456297,116,1,1,1,0,0,1,0,1,1,1,18.0,0.46144293745358783,0.7831140756607056,1,0,0,18,298,14.0,31.0,10.333333333333334,10.333333333333334,6,16,22,22
W2914218540,2019,2019-02-10,Global Food Security,middle,Ecology,Environmental Science,Physical Sciences,article,en,journal,hybrid,0.9987999796867372,7,5,7,4,48,3760.0,3760.0,0.98372912,106,1,1,1,0,0,1,0,0,0,1,15.0,0.5048485894997915,0.8363157510757446,1,0,0,17,124,14.0,32.0,10.666666666666666,10.666666666666666,3,14,17,17
W2947637466,2019,2019-04-17,Global Food Security,middle,"Ecology, Evolution, Behavior and Systematics",Agricultural and Biological Sciences,Life Sciences,article,en,journal,hybrid,0.9994999766349792,5,4,5,2,57,3760.0,3760.0,0.98661499,103,1,1,1,0,0,1,0,0,0,1,14.0,0.43443929510457174,0.780293345451355,0,0,0,13,217,11.0,26.0,8.666666666666666,8.666666666666666,6,11,17,17
W2941118999,2019,2019-04-26,Global Change Biology,middle,"Management, Monitoring, Policy and Law",Environmental Science,Physical Sciences,article,en,journal,hybrid,0.9997000098228456,8,4,8,5,91,4120.0,4019.0,0.99160638,86,1,1,1,0,0,1,0,0,1,1,21.0,0.47885618039539884,0.8085374236106873,1,2,0,18,287,18.0,31.0,10.333333333333334,10.333333333333334,8,13,21,21
W3138298066,2021,2021-03-01,Climatic Change,middle,Sociology and Political Science,Social Sciences,Social Sciences,article,en,journal,closed,1.0,6,5,6,4,27,3990.0,,0.99578095,82,0,0,0,0,0,1,0,0,1,1,9.0,0.4114735854996575,0.7170290946960449,1,1,0,10,0,25.0,40.0,13.333333333333334,13.333333333333334,14,18,32,32
W2904428292,2018,2018-12-01,Outlook on Agriculture,first,Ecology,Environmental Science,Physical Sciences,article,en,journal,hybrid,0.9904000163078308,5,3,5,3,49,,,0.96944042,77,1,1,1,0,0,1,0,1,0,1,18.0,0.4130180279413859,0.7053396701812744,1,0,0,14,114,5.0,12.0,4.0,4.0,5,7,12,12
W2905633079,2018,2018-12-20,Environmental Research Letters,middle,"Ecology, Evolution, Behavior and Systematics",Agricultural and Biological Sciences,Life Sciences,article,en,journal,gold,0.9991000294685364,4,3,4,3,41,1901.0,1901.0,0.96584783,65,1,1,1,1,1,1,0,0,0,1,14.0,0.38367464925561634,0.7826546430587769,1,0,0,15,164,3.0,7.0,2.3333333333333335,2.3333333333333335,3,4,7,7
W2906293461,2018,2018-12-24,American Journal of Transplantation,middle,Transplantation,Medicine,Health Sciences,article,en,journal,bronze,1.0,11,1,11,3,33,4300.0,,0.8827898,47,1,0,1,0,0,1,1,0,0,0,10.0,0.5398905366659165,0.9306670427322388,1,0,0,18,0,1.0,5.0,1.6666666666666667,1.6666666666666667,1,4,5,5
W2892194064,2018,2018-09-18,Kidney International Reports,middle,Transplantation,Medicine,Health Sciences,article,en,journal,gold,1.0,10,2,10,6,39,3200.0,2681.0,0.9414791,34,1,1,1,1,1,1,1,0,0,1,7.0,0.5389967858791351,0.8772845268249512,1,3,0,11,19,0.0,9.0,3.0,3.0,0,7,7,7
W2935882959,2019,2019-04-13,Transplant International,middle,Transplantation,Medicine,Health Sciences,article,en,journal,bronze,0.9998999834060668,11,1,11,2,32,2911.0,,0.93184201,34,1,0,1,0,1,1,0,0,0,1,16.0,0.5516454875469208,0.9093430042266846,1,5,0,15,210,7.0,13.0,4.333333333333333,4.333333333333333,4,5,9,9
W3048800695,2020,2020-08-13,International Journal of Cardiology,middle,Epidemiology,Medicine,Health Sciences,article,en,journal,closed,0.9998000264167786,9,1,9,2,25,3340.0,,0.84369277,22,0,0,0,0,0,1,0,0,0,0,13.0,0.5752154749173385,0.9665985703468323,1,0,0,15,0,3.0,7.0,2.3333333333333335,2.3333333333333335,3,3,6,6
W2952269345,2019,2019-06-11,BioMed Research International,middle,Genetics,"Biochemistry, Genetics and Molecular Biology",Life Sciences,article,en,journal,hybrid,1.0,6,1,6,6,34,2400.0,2400.0,0.84588212,19,1,1,1,0,0,1,1,0,0,0,17.0,0.5650589956956751,0.9223051071166992,1,0,0,22,45,3.0,4.0,1.3333333333333333,1.3333333333333333,2,1,3,3
W4394934392,2024,2024-04-18,EJNMMI Reports,middle,Surgery,Medicine,Health Sciences,article,en,journal,diamond,1.0,10,2,10,3,22,,,0.91668356,6,1,1,1,1,1,0,1,0,0,1,10.0,0.5319455683231353,0.9193593263626099,1,0,0,14,24,4.0,6.0,2.0,2.0,1,5,6,6
W3005096260,2020,2020-02-05,Frontiers in Immunology,middle,Transplantation,Medicine,Health Sciences,article,en,journal,gold,0.9998999834060668,18,1,18,6,46,2950.0,2950.0,0.91588472,26,1,1,1,1,1,1,1,0,0,1,5.0,0.5398933589458466,0.862537145614624,0,10,0,16,184,5.0,10.0,3.3333333333333335,3.3333333333333335,2,4,6,6
W2974352046,2019,2019-09-17,American Journal of Transplantation,middle,Transplantation,Medicine,Health Sciences,article,en,journal,hybrid,1.0,7,1,7,2,39,4300.0,4300.0,0.75358266,17,1,0,1,0,0,1,1,0,0,0,15.0,0.513741934299469,0.9280637502670288,1,0,0,20,209,1.0,3.0,1.0,1.0,0,3,3,3
W4315621382,2023,2023-01-11,Clinical Transplantation,middle,Surgery,Medicine,Health Sciences,article,en,journal,hybrid,0.9998999834060668,8,1,8,2,30,4120.0,4120.0,0.8888922,9,1,0,1,0,0,1,0,0,0,0,15.0,0.5469083031018575,0.941853404045105,1,0,0,21,28,3.0,8.0,2.6666666666666665,2.6666666666666665,1,2,3,3
W4213336009,2022,2022-02-23,International Journal of Infectious Diseases,middle,Infectious Diseases,Medicine,Health Sciences,article,en,journal,gold,1.0,5,1,5,4,7,1750.0,1750.0,0.5402658,4,1,1,1,1,1,1,0,0,0,0,7.0,0.5165751108101436,0.6559305191040039,0,0,0,13,47,2.0,3.0,1.0,1.0,0,3,3,3
W3201538360,2021,2021-09-23,International Journal of Immunogenetics,middle,Transplantation,Medicine,Health Sciences,review,en,journal,hybrid,1.0,30,5,30,5,45,2630.0,2630.0,0.75597574,9,1,1,1,0,0,1,0,0,0,0,4.0,0.5116108059883118,0.6069492101669312,1,0,0,9,160,3.0,4.0,1.3333333333333333,1.3333333333333333,3,0,3,3
W4221020008,2022,2022-03-17,PLoS ONE,middle,Nephrology,Medicine,Health Sciences,article,en,journal,gold,0.9973999857902528,6,1,6,6,30,1805.0,1805.0,0.04425273,0,1,1,1,1,1,1,1,0,0,0,12.0,0.43621278802553815,0.7186101675033569,1,2,0,21,40,0.0,0.0,0.0,0.0,0,0,0,0
W3196375261,2021,2021-09-03,Food Security,first,General Agricultural and Biological Sciences,Agricultural and Biological Sciences,Life Sciences,article,en,journal,hybrid,0.9937000274658204,17,6,17,8,144,3790.0,3790.0,1.0,578,1,1,1,0,0,1,1,1,1,1,18.0,0.454726936088668,0.6958202123641968,1,0,0,9,398,64.0,174.0,58.0,58.0,30,113,143,143
W3135705482,2021,2021-03-01,Outlook on Agriculture,first,Ecology,Environmental Science,Physical Sciences,article,en,journal,hybrid,0.9740999937057496,4,1,4,6,64,,,0.99961926,519,1,1,1,0,0,1,0,1,1,1,8.0,0.39519258961081505,0.6060602068901062,1,0,0,5,265,103.0,216.0,72.0,72.0,40,94,134,134
W2893311698,2018,2018-09-28,AMBIO,middle,"Management, Monitoring, Policy and Law",Environmental Science,Physical Sciences,review,en,journal,hybrid,0.986299991607666,6,2,6,5,41,4190.0,4190.0,0.99837517,324,1,1,1,0,0,1,1,0,1,1,16.0,0.43230258487164974,0.8425694704055786,1,1,0,13,147,9.0,28.0,9.333333333333334,9.333333333333334,3,17,20,20
W3206706771,2021,2021-10-15,Food Security,first,General Agricultural and Biological Sciences,Agricultural and Biological Sciences,Life Sciences,article,en,journal,hybrid,0.993499994277954,11,4,11,4,86,3790.0,3790.0,0.99953165,289,1,1,1,0,0,1,1,1,1,1,13.0,0.5048396037175105,0.7980092763900757,1,0,0,18,360,29.0,87.0,29.0,29.0,20,55,75,75
W3089203402,2020,2020-09-01,Global Food Security,first,Soil Science,Agricultural and Biological Sciences,Life Sciences,article,en,journal,hybrid,0.9822999835014344,1,1,1,2,79,3760.0,3760.0,0.99432838,258,1,1,1,0,0,1,1,1,1,1,7.0,0.394197085074016,0.770699143409729,1,0,0,7,179,17.0,48.0,16.0,16.0,7,30,37,37
W2954141634,2019,2019-07-03,Agriculture Ecosystems & Environment,last,Plant Science,Agricultural and Biological Sciences,Life Sciences,review,en,journal,hybrid,0.9998999834060668,4,3,4,6,125,3690.0,3783.0,0.99805679,252,1,1,1,0,0,1,0,0,1,1,17.0,0.43432628056582284,0.9075050354003906,1,2,0,19,531,25.0,68.0,22.666666666666668,22.666666666666668,12,35,47,47
W4316464889,2023,2023-01-16,Global Change Biology,last,Soil Science,Agricultural and Biological Sciences,Life Sciences,review,en,journal,hybrid,0.991699993610382,4,1,4,5,106,4120.0,4120.0,0.99926211,213,1,1,1,0,0,1,1,0,1,1,12.0,0.3746270289023717,0.7939453125,1,1,0,7,268,103.0,194.0,64.66666666666667,64.66666666666667,34,67,101,101
W2894867854,2018,2018-10-05,Agricultural Systems,middle,"Ecology, Evolution, Behavior and Systematics",Agricultural and Biological Sciences,Life Sciences,article,en,journal,hybrid,0.9993000030517578,17,9,17,7,159,3820.0,3820.0,0.99467059,161,1,1,1,0,0,1,1,0,1,1,18.0,0.42126819160249496,0.7104407548904419,1,0,0,9,156,16.0,30.0,10.0,10.0,8,17,25,25
W4213187198,2022,2022-02-14,Global Food Security,last,Plant Science,Agricultural and Biological Sciences,Life Sciences,article,en,journal,hybrid,0.9994000196456908,2,1,2,4,29,3760.0,3760.0,0.99796216,160,1,1,1,0,0,1,0,1,1,1,7.0,0.5339463949203491,0.8811989426612854,1,0,0,4,117,60.0,101.0,33.666666666666664,33.666666666666664,29,40,69,69
W2985829986,2019,2019-11-08,Global Food Security,middle,Ecology,Environmental Science,Physical Sciences,article,en,journal,hybrid,0.9962000250816344,7,1,7,2,40,3760.0,3760.0,0.98148071,107,1,1,1,0,0,1,0,0,0,1,20.0,0.4426714852452278,0.7361926436424255,1,1,0,21,116,12.0,32.0,10.666666666666666,10.666666666666666,10,20,30,30
W3170687972,2021,2021-05-31,Frontiers in Sustainable Food Systems,middle,Plant Science,Agricultural and Biological Sciences,Life Sciences,article,en,journal,gold,0.9997000098228456,17,5,17,4,211,950.0,950.0,0.99244952,102,1,1,1,1,1,1,1,0,1,1,17.0,0.4153330887065214,0.7379934191703796,1,3,0,10,222,30.0,55.0,18.333333333333332,18.333333333333332,16,20,36,36
W4386713820,2023,2023-09-01,Outlook on Agriculture,last,Agronomy and Crop Science,Agricultural and Biological Sciences,Life Sciences,article,en,journal,hybrid,0.993499994277954,14,6,14,5,115,,2976.0,0.99943233,98,1,1,1,0,0,1,1,0,1,1,11.0,0.4356953582980416,0.8197542428970337,1,1,0,18,298,36.0,81.0,27.0,27.0,29,35,64,64
W2947294918,2019,2019-05-31,Annual Review of Phytopathology,middle,Molecular Biology,"Biochemistry, Genetics and Molecular Biology",Life Sciences,review,en,journal,hybrid,0.9998999834060668,8,3,8,5,134,,,0.95169657,96,1,1,1,0,0,1,0,0,0,1,20.0,0.4043501079082489,0.7528673410415649,1,0,0,17,164,14.0,32.0,10.666666666666666,10.666666666666666,4,22,26,26
W2792092344,2018,2018-03-18,Agriculture Ecosystems & Environment,last,Plant Science,Agricultural and Biological Sciences,Life Sciences,article,en,journal,hybrid,0.9998000264167786,9,3,9,7,37,3690.0,3598.0,0.98817189,88,1,1,1,0,0,1,0,0,0,1,19.0,0.46447270638064336,0.7841123342514038,1,4,0,19,274,15.0,28.0,9.333333333333334,9.333333333333334,7,12,19,19
W3204341673,2021,2021-10-06,Plant and Soil,middle,Plant Science,Agricultural and Biological Sciences,Life Sciences,article,en,journal,green,0.9995999932289124,4,3,4,3,75,4390.0,,0.9886201,86,1,1,0,0,0,1,0,0,0,1,13.0,0.47183302503365737,0.8566157817840576,1,1,0,18,0,15.0,34.0,11.333333333333334,11.333333333333334,11,18,29,29
W3153681254,2020,2020-12-01,The Journal of Agricultural Science,last,"Ecology, Evolution, Behavior and Systematics",Agricultural and Biological Sciences,Life Sciences,article,en,journal,hybrid,0.9987999796867372,2,0,2,2,95,,,0.98847813,85,1,1,1,0,0,1,1,0,0,1,14.0,0.39549566166741507,0.7551266551017761,1,2,0,14,250,4.0,23.0,7.666666666666667,7.666666666666667,4,19,23,23
W3203659197,2021,2021-10-06,Frontiers in Sustainable Food Systems,last,Horticulture,Agricultural and Biological Sciences,Life Sciences,article,en,journal,gold,0.9991999864578248,4,1,4,3,31,950.0,950.0,0.99116608,78,1,1,1,1,1,1,1,1,1,1,17.0,0.4295153723043554,0.7352833151817322,1,0,0,11,319,7.0,20.0,6.666666666666667,6.666666666666667,5,14,19,19
W4220984798,2022,2022-03-25,Plant and Soil,middle,Plant Science,Agricultural and Biological Sciences,Life Sciences,article,en,journal,closed,0.9998000264167786,4,3,4,3,88,4390.0,,0.98958295,73,0,0,0,0,0,1,0,0,0,1,8.0,0.6139887720346451,0.8220407366752625,1,1,0,18,0,24.0,47.0,15.666666666666666,15.666666666666666,9,24,33,33
W3082570636,2020,2020-09-02,Geoderma,last,Environmental Chemistry,Environmental Science,Physical Sciences,article,en,journal,hybrid,0.991599977016449,2,1,2,2,52,2800.0,2800.0,0.95807837,71,1,1,1,0,1,1,1,0,0,1,17.0,0.3762746207854327,0.839991569519043,1,0,0,7,147,9.0,23.0,7.666666666666667,7.666666666666667,7,12,19,19
W2906601935,2018,2018-12-20,International Journal of Agricultural Sustainability,last,General Agricultural and Biological Sciences,Agricultural and Biological Sciences,Life Sciences,article,en,journal,hybrid,0.9976999759674072,4,3,4,9,79,,2795.0,0.99038642,68,1,1,1,0,1,1,0,0,1,1,13.0,0.4281068123303927,0.6774393916130066,1,1,0,15,160,9.0,14.0,4.666666666666667,4.666666666666667,7,5,12,12
W3169153826,2021,2021-06-11,Global Food Security,middle,General Agricultural and Biological Sciences,Agricultural and Biological Sciences,Life Sciences,article,en,journal,hybrid,0.9973000288009644,6,2,6,2,92,3760.0,3760.0,0.99456607,68,1,1,1,0,0,1,0,0,1,1,19.0,0.46977181654227407,0.6920325756072998,1,0,0,16,302,20.0,37.0,12.333333333333334,12.333333333333334,11,14,25,25
W2942708618,2019,2019-05-01,Agricultural Systems,last,General Agricultural and Biological Sciences,Agricultural and Biological Sciences,Life Sciences,article,en,journal,hybrid,0.9983999729156494,4,0,4,3,56,3820.0,3820.0,0.99414939,67,1,1,1,0,0,1,0,0,1,1,10.0,0.5740432292222977,0.912111759185791,1,3,0,20,451,11.0,23.0,7.666666666666667,7.666666666666667,5,7,12,12
W2803307850,2018,2018-05-25,Agricultural Systems,middle,Ecology,Environmental Science,Physical Sciences,article,en,journal,bronze,1.0,5,4,5,6,36,3820.0,,0.92893761,60,1,1,1,0,0,1,1,0,0,1,15.0,0.4756634732087453,0.8338978886604309,0,0,0,19,0,5.0,14.0,4.666666666666667,4.666666666666667,3,5,8,8
W3007882797,2020,2020-02-21,European Journal of Agronomy,middle,Ecology,Environmental Science,Physical Sciences,article,en,journal,hybrid,1.0,9,2,9,2,53,3830.0,3830.0,0.96814227,57,1,1,1,0,0,1,0,0,0,1,15.0,0.4684276282787323,0.8126324415206909,1,1,0,14,237,13.0,26.0,8.666666666666666,8.666666666666666,7,8,15,15
W3105174717,2020,2020-11-18,Agriculture Ecosystems & Environment,last,General Agricultural and Biological Sciences,Agricultural and Biological Sciences,Life Sciences,article,en,journal,hybrid,0.9997000098228456,3,2,3,2,55,3690.0,3690.0,0.98654292,55,1,1,1,0,0,1,0,0,0,1,20.0,0.45407712161540986,0.7589089870452881,1,0,0,9,254,8.0,20.0,6.666666666666667,6.666666666666667,6,13,19,19
W3100208812,2020,2020-11-20,Human Ecology,middle,Horticulture,Agricultural and Biological Sciences,Life Sciences,article,en,journal,hybrid,0.9998999834060668,9,5,9,4,54,2890.0,2890.0,0.95881826,50,1,1,1,0,0,1,1,0,0,1,10.0,0.3829181522130966,0.7908642888069153,0,2,0,19,257,4.0,12.0,4.0,4.0,4,8,12,12
W4221048141,2022,2022-03-01,Outlook on Agriculture,middle,Plant Science,Agricultural and Biological Sciences,Life Sciences,article,en,journal,hybrid,0.9991999864578248,4,2,4,5,107,,,0.97705349,44,1,1,1,0,0,1,0,0,0,1,19.0,0.4154301458283475,0.5960960984230042,1,0,0,10,287,19.0,29.0,9.666666666666666,9.666666666666666,7,13,20,20
W3047094998,2020,2020-08-06,Agricultural Systems,middle,Soil Science,Agricultural and Biological Sciences,Life Sciences,article,en,journal,hybrid,0.996399998664856,4,3,4,6,84,3820.0,3820.0,0.88841727,39,1,1,1,0,0,1,1,0,0,0,17.0,0.38990723034914804,0.6562920212745667,0,0,0,11,325,4.0,8.0,2.6666666666666665,2.6666666666666665,1,6,7,7
W4224268080,2022,2022-04-05,Outlook on Agriculture,last,General Agricultural and Biological Sciences,Agricultural and Biological Sciences,Life Sciences,article,en,journal,hybrid,0.9926999807357788,4,2,4,2,76,,,0.98953406,37,1,1,1,0,0,1,0,0,0,1,15.0,0.4218286613623301,0.8572152256965637,0,2,0,15,301,9.0,20.0,6.666666666666667,6.666666666666667,4,10,14,14
W4294042769,2022,2022-09-01,Science,middle,Plant Science,Agricultural and Biological Sciences,Life Sciences,article,en,journal,green,0.9948999881744384,16,1,16,5,8,,,0.96459353,36,1,1,0,0,0,1,0,0,0,1,8.0,0.346446231007576,0.52374267578125,1,0,0,5,11,18.0,26.0,8.666666666666666,8.666666666666666,14,11,25,25
W3004103484,2020,2020-01-28,Pedosphere,middle,Plant Science,Agricultural and Biological Sciences,Life Sciences,review,en,journal,closed,0.9979000091552734,7,2,7,2,198,,,0.99928748,409,0,0,0,0,0,1,0,0,1,1,18.0,0.4289693898624844,0.8095531463623047,1,0,0,15,0,92.0,159.0,53.0,53.0,41,61,102,102
W2799888831,2018,2018-04-27,Journal of Pineal Research,middle,Molecular Biology,"Biochemistry, Genetics and Molecular Biology",Life Sciences,article,en,journal,closed,0.9995999932289124,7,2,7,3,65,4530.0,,0.99178101,407,0,0,0,0,0,1,0,0,1,1,16.0,0.5142718106508255,0.8310024738311768,0,2,0,11,179,33.0,80.0,26.666666666666668,26.666666666666668,14,37,51,51
W4313826145,2023,2023-01-09,Genes,last,Plant Science,Agricultural and Biological Sciences,Life Sciences,review,en,journal,gold,0.9994000196456908,2,2,2,4,117,2598.0,2598.0,0.99997331,483,1,1,1,1,0,1,1,1,1,1,11.0,0.4722747233780948,0.7190645337104797,1,0,0,9,249,193.0,412.0,137.33333333333334,137.33333333333334,66,180,246,246
W3002291039,2020,2020-01-22,Frontiers in Agronomy,first,Plant Science,Agricultural and Biological Sciences,Life Sciences,article,en,journal,gold,0.9995999932289124,1,1,1,1,24,1900.0,1900.0,0.99837987,289,1,0,1,1,1,1,1,1,1,1,6.0,0.34812140961488086,0.5963153839111328,1,0,0,5,17,35.0,76.0,25.333333333333332,25.333333333333332,9,33,42,42
W4212999574,2022,2022-02-22,Frontiers in Plant Science,last,Plant Science,Agricultural and Biological Sciences,Life Sciences,review,en,journal,gold,0.9998000264167786,4,3,4,4,116,2950.0,2950.0,0.99544138,103,1,1,1,1,1,1,1,0,1,1,9.0,0.4147878454791175,0.6840384006500244,1,0,0,13,194,30.0,55.0,18.333333333333332,18.333333333333332,6,28,34,34
W3080442490,2020,2020-08-26,Agronomy,last,Plant Science,Agricultural and Biological Sciences,Life Sciences,review,en,journal,gold,0.9998000264167786,3,2,3,4,143,2165.0,2165.0,0.98132508,96,1,1,1,1,1,1,1,1,0,1,14.0,0.43513629479067667,0.646686851978302,1,0,0,16,214,14.0,24.0,8.0,8.0,11,12,23,23
W3166940432,2021,2021-06-17,Frontiers in Plant Science,last,Biomaterials,Materials Science,Physical Sciences,review,en,journal,gold,1.0,4,2,4,4,114,2950.0,2950.0,0.96488114,92,1,1,1,1,1,1,0,1,0,1,8.0,0.46702663600444794,0.8564273118972778,0,1,0,16,275,23.0,39.0,13.0,13.0,8,24,32,32
W2910359053,2019,2019-01-08,Environmental Science and Pollution Research,last,Plant Science,Agricultural and Biological Sciences,Life Sciences,review,en,journal,closed,0.9998999834060668,5,3,5,3,163,3690.0,,0.9569009,73,0,0,0,0,0,1,0,0,0,1,15.0,0.5296835343043009,0.8924898505210876,0,0,0,21,0,5.0,15.0,5.0,5.0,1,7,8,8
W2955811376,2019,2019-06-28,PLoS ONE,middle,Plant Science,Agricultural and Biological Sciences,Life Sciences,article,en,journal,gold,0.9995999932289124,5,1,5,8,60,1805.0,1805.0,0.95797163,67,1,1,1,1,1,1,1,0,0,1,17.0,0.4722084367976469,0.6877630949020386,1,0,0,21,370,2.0,13.0,4.333333333333333,4.333333333333333,1,6,7,7
W2954950083,2019,2019-06-29,Biological Invasions,middle,Plant Science,Agricultural and Biological Sciences,Life Sciences,article,en,journal,closed,0.9986000061035156,6,3,6,2,38,3490.0,,0.96963691,63,0,0,0,0,0,1,0,0,0,1,13.0,0.5791530632055722,0.9520012140274048,1,3,0,20,0,7.0,16.0,5.333333333333333,5.333333333333333,6,8,14,14
W2874314288,2018,2018-07-05,PLoS ONE,middle,Plant Science,Agricultural and Biological Sciences,Life Sciences,article,en,journal,gold,0.9997000098228456,3,1,3,6,56,1805.0,1805.0,0.97111343,56,1,1,1,1,1,1,1,0,0,1,12.0,0.5240644166866938,0.810724139213562,1,0,0,18,405,2.0,13.0,4.333333333333333,4.333333333333333,0,6,6,6
W4281383045,2022,2022-05-24,Frontiers in Agronomy,last,Insect Science,Agricultural and Biological Sciences,Life Sciences,article,en,journal,gold,0.9976999759674072,5,2,5,2,119,1900.0,1900.0,0.98688623,56,1,1,1,1,1,1,1,1,0,1,16.0,0.5239397343248129,0.9238678216934204,1,4,0,15,271,9.0,23.0,7.666666666666667,7.666666666666667,2,14,16,16
W2985246869,2019,2019-11-05,Scientific Reports,first,Plant Science,Agricultural and Biological Sciences,Life Sciences,article,en,journal,gold,0.9998999834060668,3,2,3,6,22,2190.0,2190.0,0.93712725,49,1,1,1,1,1,1,1,1,0,1,10.0,0.5746170461177826,0.933988094329834,0,0,0,12,440,4.0,9.0,3.0,3.0,3,6,9,9
W4393199006,2024,2024-03-26,Frontiers in Sustainable Food Systems,last,Food Science,Agricultural and Biological Sciences,Life Sciences,review,en,journal,gold,0.9962000250816344,3,2,3,2,125,950.0,950.0,0.99580587,46,1,1,1,1,1,1,1,1,1,1,9.0,0.36536210775375366,0.631833016872406,1,0,0,12,346,30.0,46.0,15.333333333333334,15.333333333333334,19,26,45,45
W2807334829,2018,2018-06-05,Weed Science,last,"Ecology, Evolution, Behavior and Systematics",Agricultural and Biological Sciences,Life Sciences,article,en,journal,closed,0.9988999962806702,6,2,6,1,51,,,0.95136959,40,0,0,0,0,0,1,0,0,0,1,11.0,0.5281211788004095,0.9615990519523621,1,1,0,18,311,3.0,9.0,3.0,3.0,2,2,4,4
W2901728515,2018,2018-11-23,Frontiers in Plant Science,last,Plant Science,Agricultural and Biological Sciences,Life Sciences,article,en,journal,gold,1.0,6,4,6,6,65,2950.0,2807.0,0.93424721,38,1,1,1,1,1,1,1,0,0,1,14.0,0.5570315058742251,0.6826609373092651,0,2,0,24,351,0.0,3.0,1.0,1.0,0,3,3,3
W2921370858,2019,2019-03-11,Pest Management Science,middle,Plant Science,Agricultural and Biological Sciences,Life Sciences,article,en,journal,closed,0.9987000226974488,4,1,4,2,35,5100.0,,0.9572158,38,0,0,0,0,0,1,0,0,0,1,12.0,0.5256976435581843,0.9881428480148315,1,1,0,18,38,11.0,17.0,5.666666666666667,5.666666666666667,5,7,12,12
W4384557413,2023,2023-07-16,Agronomy,last,Plant Science,Agricultural and Biological Sciences,Life Sciences,article,en,journal,gold,0.9995999932289124,2,2,2,3,161,2165.0,2165.0,0.9897434,38,1,1,1,1,1,1,1,1,0,1,14.0,0.46426089107990265,0.6968291997909546,1,0,0,12,205,13.0,35.0,11.666666666666666,11.666666666666666,10,15,25,25
W4380990085,2023,2023-06-15,Plants,middle,Plant Science,Agricultural and Biological Sciences,Life Sciences,review,en,journal,gold,0.9998000264167786,8,3,8,5,118,2382.0,2382.0,0.98548172,33,1,1,1,1,1,1,1,0,0,1,9.0,0.5600539743900299,0.9503237009048462,0,0,0,12,187,14.0,24.0,8.0,8.0,6,13,19,19
W4404726991,2024,2024-09-01,Weed Science,middle,Plant Science,Agricultural and Biological Sciences,Life Sciences,review,en,journal,hybrid,0.9998999834060668,10,4,10,1,257,,,0.99085398,26,1,0,1,0,0,1,0,0,1,1,7.0,0.5157140833990914,0.797482430934906,0,0,0,14,289,17.0,26.0,8.666666666666666,8.666666666666666,8,18,26,26
W4206169884,2021,2021-11-01,The Journal of Agricultural Science,last,Plant Science,Agricultural and Biological Sciences,Life Sciences,article,en,journal,bronze,0.9998999834060668,4,2,4,1,108,,,0.86438693,17,1,0,1,0,0,1,1,1,0,0,14.0,0.4373644271067211,0.7504172325134277,1,0,0,10,211,1.0,3.0,1.0,1.0,0,3,3,3
W4206133561,2022,2022-01-01,Advances in Weed Science,last,Plant Science,Agricultural and Biological Sciences,Life Sciences,article,en,journal,gold,0.9997000098228456,2,1,2,1,85,350.0,350.0,0.89280517,16,1,0,1,1,1,1,1,0,0,0,12.0,0.4607911556959152,0.7105710506439209,1,0,0,11,80,9.0,11.0,3.6666666666666665,3.6666666666666665,1,8,9,9
W4282920926,2022,2022-03-04,Plant Ecology & Diversity,last,Plant Science,Agricultural and Biological Sciences,Life Sciences,article,en,journal,closed,0.9976999759674072,4,2,4,1,30,,,0.65865762,3,0,0,0,0,0,1,0,0,0,0,4.0,0.5996009930968285,0.7834469079971313,1,0,0,15,205,0.0,1.0,0.3333333333333333,0.3333333333333333,0,1,1,1
W2806277506,2018,2018-05-31,Crop Protection,middle,Plant Science,Agricultural and Biological Sciences,Life Sciences,article,en,journal,closed,0.9994999766349792,7,2,7,2,29,3920.0,,0.94146987,46,0,0,0,0,0,1,0,0,0,1,13.0,0.5424655813437241,0.8108286261558533,0,2,0,13,0,5.0,7.0,2.3333333333333335,2.3333333333333335,3,3,6,6
W2885480103,2018,2018-08-06,Wetlands,last,Insect Science,Agricultural and Biological Sciences,Life Sciences,review,en,journal,closed,0.9997000098228456,5,3,5,3,97,3390.0,,0.85206553,44,0,0,0,0,0,1,0,0,0,0,7.0,0.5904669378484998,0.8252159357070923,1,0,0,12,0,2.0,3.0,1.0,1.0,2,1,3,3
W2914490130,2019,2019-02-06,Archives of Agronomy and Soil Science,middle,Plant Science,Agricultural and Biological Sciences,Life Sciences,article,en,journal,closed,1.0,4,2,4,3,56,,,0.90637605,39,0,0,0,0,1,1,0,0,0,1,12.0,0.6177932197848955,0.955072283744812,1,0,0,11,200,3.0,5.0,1.6666666666666667,1.6666666666666667,2,1,3,3
W4238487483,2020,2020-01-01,,last,Plant Science,Agricultural and Biological Sciences,Life Sciences,book,en,,closed,0.6442000269889832,3,2,3,2,0,,,0.94606888,37,0,0,0,0,0,0,0,0,0,1,8.0,0.5206231735646725,0.7197865843772888,1,0,0,5,0,7.0,10.0,3.3333333333333335,3.3333333333333335,0,7,7,7
W2943960172,2019,2019-05-11,Crop Protection,middle,Plant Science,Agricultural and Biological Sciences,Life Sciences,article,en,journal,closed,0.9998999834060668,6,3,6,2,52,3920.0,,0.94299123,35,0,0,0,0,0,1,0,0,0,1,14.0,0.46846611159188406,0.8432190418243408,0,1,0,23,0,7.0,12.0,4.0,4.0,2,8,10,10
W3130416631,2021,2021-02-22,Agronomy,last,Plant Science,Agricultural and Biological Sciences,Life Sciences,article,en,journal,gold,1.0,7,3,7,3,41,2165.0,2165.0,0.94012909,33,1,1,1,1,1,1,0,0,0,1,9.0,0.5482405854596032,0.796320915222168,0,0,0,16,253,11.0,14.0,4.666666666666667,4.666666666666667,5,7,12,12
W2804094548,2018,2018-01-01,Advances in agronomy,last,Plant Science,Agricultural and Biological Sciences,Life Sciences,book-chapter,en,book series,closed,1.0,5,3,5,2,161,,,0.95267195,32,0,0,0,0,0,1,0,1,0,1,15.0,0.39495869477589923,0.7036944031715393,0,0,0,13,0,3.0,7.0,2.3333333333333335,2.3333333333333335,2,1,3,3
W2790858493,2018,2018-01-01,Elsevier eBooks,last,Plant Science,Agricultural and Biological Sciences,Life Sciences,book-chapter,en,ebook platform,green,0.9998999834060668,2,2,2,3,43,,,0.96657563,30,1,1,0,0,0,0,0,0,0,1,10.0,0.5165794432163239,0.7866130471229553,1,0,0,7,0,3.0,6.0,2.0,2.0,1,2,3,3
W2999269041,2020,2020-01-09,Agronomy,last,Plant Science,Agricultural and Biological Sciences,Life Sciences,article,en,journal,gold,0.9998999834060668,3,2,3,3,25,2165.0,2165.0,0.93114294,29,1,1,1,1,1,1,0,0,0,1,7.0,0.5574751581464495,0.9201655387878418,0,0,0,9,249,5.0,11.0,3.6666666666666665,3.6666666666666665,5,2,7,7
W2889448944,2018,2018-08-28,Frontiers in Plant Science,last,Plant Science,Agricultural and Biological Sciences,Life Sciences,article,en,journal,gold,0.9994000196456908,4,2,4,8,34,2950.0,2950.0,0.90690256,26,1,1,1,1,1,1,1,0,0,1,10.0,0.37924814522266387,0.5657662153244019,1,1,0,20,405,3.0,6.0,2.0,2.0,3,3,6,6
W3026085232,2020,2020-05-20,PLoS ONE,last,Plant Science,Agricultural and Biological Sciences,Life Sciences,article,en,journal,gold,0.9998000264167786,5,3,5,5,41,1805.0,1805.0,0.93723027,25,1,1,1,1,1,1,1,0,0,1,9.0,0.575778646601571,0.9775075912475586,1,1,0,19,299,7.0,18.0,6.0,6.0,3,11,14,14
W3119300158,2021,2021-01-08,Pharmacognosy Journal,last,Plant Science,Agricultural and Biological Sciences,Life Sciences,review,en,journal,diamond,0.9994999766349792,4,1,4,3,86,,,0.90645961,25,1,1,1,1,0,1,1,0,0,1,9.0,0.6290007929007212,0.9958436489105225,1,0,0,13,199,6.0,11.0,3.6666666666666665,3.6666666666666665,3,5,8,8
W2963648586,2019,2019-07-24,Plants,last,Plant Science,Agricultural and Biological Sciences,Life Sciences,article,en,journal,gold,0.9998999834060668,3,1,3,5,22,2382.0,2382.0,0.95314749,24,1,1,1,1,1,1,0,1,0,1,8.0,0.6447499766945839,0.9682823419570923,1,1,0,17,375,6.0,16.0,5.333333333333333,5.333333333333333,3,11,14,14
W3017242165,2020,2020-04-16,Weed Science,last,Plant Science,Agricultural and Biological Sciences,Life Sciences,article,en,journal,closed,0.9998999834060668,4,2,4,2,35,,,0.92872337,22,0,0,0,0,0,1,0,1,0,1,13.0,0.5649478894013625,0.9603230357170105,1,0,0,13,290,8.0,15.0,5.0,5.0,4,4,8,8
W3127970642,2021,2021-01-29,Weed Science,last,Plant Science,Agricultural and Biological Sciences,Life Sciences,article,en,journal,closed,0.9995999932289124,2,2,2,1,43,,,0.93933212,22,0,0,0,0,0,1,0,0,0,1,9.0,0.56565989057223,0.9635201692581177,1,0,0,26,408,8.0,15.0,5.0,5.0,2,7,9,9
W3143148242,2021,2021-04-05,Weed Science,last,Plant Science,Agricultural and Biological Sciences,Life Sciences,article,en,journal,closed,1.0,2,2,2,1,33,,,0.92910011,22,0,0,0,0,0,1,0,0,0,1,8.0,0.6401153914630413,0.9920530915260315,1,0,0,15,294,7.0,11.0,3.6666666666666665,3.6666666666666665,4,4,8,8
W4210886202,2022,2022-02-09,PLoS ONE,last,Plant Science,Agricultural and Biological Sciences,Life Sciences,article,en,journal,gold,0.9994000196456908,4,3,4,5,37,1805.0,1805.0,0.93711702,22,1,1,1,1,1,1,1,0,0,1,9.0,0.5603549248642392,0.954627513885498,1,1,0,20,296,13.0,19.0,6.333333333333333,6.333333333333333,4,10,14,14
W3167556499,2021,2021-06-16,Crop Protection,last,Plant Science,Agricultural and Biological Sciences,Life Sciences,article,en,journal,closed,0.9975000023841858,4,2,4,1,47,3920.0,,0.86840604,20,0,0,0,0,0,1,0,0,0,0,10.0,0.5904587298631668,0.9595526456832886,1,0,0,12,0,6.0,8.0,2.6666666666666665,2.6666666666666665,1,7,8,8
W4378070202,2023,2023-05-24,Nature,middle,Soil Science,Agricultural and Biological Sciences,Life Sciences,review,en,journal,hybrid,0.9991999864578248,33,11,33,13,64,11690.0,11690.0,1.0,749,1,1,1,0,0,1,0,0,1,1,12.0,0.48492088665564853,0.8139891624450684,0,0,0,9,218,289.0,622.0,207.33333333333334,207.33333333333334,150,265,415,415
W3044067219,2020,2020-07-23,Nature Communications,middle,Ecology,Environmental Science,Physical Sciences,article,en,journal,gold,0.9990000128746032,6,1,6,9,85,4808.0,4808.0,0.99917107,549,1,1,1,1,1,1,1,0,1,1,14.0,0.4978528086628233,0.8831733465194702,0,2,0,10,148,64.0,146.0,48.666666666666664,48.666666666666664,38,59,97,97
W2988837284,2019,2019-11-02,Annual Review of Ecology Evolution and Systematics,first,Plant Science,Agricultural and Biological Sciences,Life Sciences,article,en,journal,closed,0.9998000264167786,1,1,1,1,135,,,0.99913826,527,0,0,0,0,0,1,0,1,1,1,17.0,0.4090757738141453,0.8440564870834351,1,0,0,9,156,24.0,98.0,32.666666666666664,32.666666666666664,19,64,83,83
W2806993282,2018,2018-06-07,Biogeochemistry,middle,Soil Science,Agricultural and Biological Sciences,Life Sciences,article,en,journal,hybrid,0.9995999932289124,9,2,9,1,180,3290.0,3290.0,0.99695032,365,1,0,1,0,0,1,1,0,1,1,13.0,0.4840604823369246,0.7796198129653931,1,0,0,14,261,27.0,61.0,20.333333333333332,20.333333333333332,15,24,39,39
W4293770982,2022,2022-08-31,Global Change Biology,last,Soil Science,Agricultural and Biological Sciences,Life Sciences,review,en,journal,closed,0.9997000098228456,7,1,7,2,213,4120.0,,0.99947824,342,0,0,0,0,0,1,0,0,1,1,9.0,0.41979265213012695,0.6447831392288208,1,0,0,18,279,63.0,166.0,55.333333333333336,55.333333333333336,42,96,138,138
W4221041604,2022,2022-03-09,Nature Communications,middle,Soil Science,Agricultural and Biological Sciences,Life Sciences,article,en,journal,gold,0.9997000098228456,8,2,8,7,88,4808.0,4808.0,0.99921739,290,1,1,1,1,1,1,1,0,1,1,16.0,0.4187812153249979,0.807565450668335,1,8,0,15,176,84.0,173.0,57.666666666666664,57.666666666666664,28,75,103,103
W2897830120,2018,2018-10-09,Soil Biology and Biochemistry,last,Soil Science,Agricultural and Biological Sciences,Life Sciences,article,en,journal,hybrid,0.9984999895095824,4,1,4,2,63,4520.0,4520.0,0.99453575,289,1,1,1,0,0,1,0,0,1,1,17.0,0.37538403623244343,0.6453644037246704,1,0,0,12,245,17.0,47.0,15.666666666666666,15.666666666666666,11,28,39,39
W2897459387,2018,2018-10-10,Environmental Pollution,middle,Atmospheric Science,Earth and Planetary Sciences,Physical Sciences,review,en,journal,closed,0.9977999925613404,6,3,6,2,166,3770.0,,0.98947458,201,0,0,0,0,0,1,0,0,0,1,12.0,0.4345547631382942,0.6886876225471497,1,1,0,13,0,13.0,43.0,14.333333333333334,14.333333333333334,7,28,35,35
W3103173649,2020,2020-11-07,Global Change Biology,last,Plant Science,Agricultural and Biological Sciences,Life Sciences,article,en,journal,green,0.9991000294685364,8,2,8,3,90,4120.0,,0.99480386,186,1,1,0,0,0,1,1,0,1,1,16.0,0.4466662313789129,0.7591845989227295,1,4,0,10,306,16.0,55.0,18.333333333333332,18.333333333333332,12,33,45,45
W3160019526,2021,2021-05-06,Biogeochemistry,middle,Soil Science,Agricultural and Biological Sciences,Life Sciences,article,en,journal,hybrid,0.9997000098228456,10,2,10,11,210,3290.0,3290.0,0.99481685,176,1,1,1,0,0,1,1,0,1,1,14.0,0.39238338598183226,0.5793957710266113,1,4,0,10,9,30.0,65.0,21.666666666666668,21.666666666666668,15,27,42,42
W2901529854,2018,2018-11-12,Global Change Biology,middle,Soil Science,Agricultural and Biological Sciences,Life Sciences,article,en,journal,green,0.9994000196456908,9,1,9,6,70,4120.0,,0.98098102,139,1,1,0,0,0,1,0,0,0,1,17.0,0.37591419675770926,0.6955299377441406,0,5,0,11,222,7.0,21.0,7.0,7.0,6,12,18,18
W3047161383,2020,2020-08-04,Ecological Monographs,middle,Nature and Landscape Conservation,Environmental Science,Physical Sciences,article,en,journal,bronze,0.9990000128746032,25,1,25,6,175,3600.0,,0.99606927,124,1,1,1,0,0,1,1,0,1,1,20.0,0.4348612681031227,0.6652436256408691,1,10,0,17,352,30.0,50.0,16.666666666666668,16.666666666666668,17,25,42,42
W3000834351,2020,2020-01-20,mBio,middle,Soil Science,Agricultural and Biological Sciences,Life Sciences,article,en,journal,gold,0.9969000220298768,6,1,6,7,91,3900.0,3900.0,0.9851069,104,1,1,1,1,1,1,0,0,0,1,9.0,0.3929256995519002,0.6429098844528198,0,2,0,11,377,16.0,40.0,13.333333333333334,13.333333333333334,6,13,19,19
W2807894597,2018,2018-09-26,Soil Biology and Biochemistry,last,Plant Science,Agricultural and Biological Sciences,Life Sciences,article,en,journal,closed,0.9980999827384948,4,1,4,1,128,4520.0,,0.97682792,86,0,0,0,0,0,1,0,0,0,1,19.0,0.5046793175371069,0.9456449747085571,1,0,0,14,0,10.0,17.0,5.666666666666667,5.666666666666667,7,8,15,15
W4404692346,2024,2024-11-25,Nature Communications,last,Soil Science,Agricultural and Biological Sciences,Life Sciences,article,en,journal,gold,0.9991999864578248,5,2,5,4,104,4808.0,4808.0,0.99848663,86,1,1,1,1,1,1,1,0,1,1,10.0,0.37252476811408997,0.5798635482788086,1,0,0,9,190,52.0,86.0,28.666666666666668,28.666666666666668,40,44,84,84
W3098001326,2020,2020-11-17,Biogeochemistry,last,Soil Science,Agricultural and Biological Sciences,Life Sciences,article,en,journal,hybrid,0.9994999766349792,5,2,5,2,81,3290.0,3290.0,0.97800718,77,1,1,1,0,0,1,1,0,0,1,16.0,0.37949295714497566,0.5689854025840759,0,0,0,16,251,6.0,27.0,9.0,9.0,3,21,24,24
W2895888243,2018,2018-10-20,Biogeochemistry,middle,Soil Science,Agricultural and Biological Sciences,Life Sciences,article,en,journal,closed,0.9993000030517578,8,4,8,3,108,3290.0,,0.93609598,75,0,0,0,0,0,1,0,0,0,1,22.0,0.42742957174777985,0.744887113571167,1,2,0,15,0,5.0,9.0,3.0,3.0,2,7,9,9
W3088292389,2020,2020-09-22,Geoscientific model development,middle,Soil Science,Agricultural and Biological Sciences,Life Sciences,article,en,journal,gold,0.9998000264167786,4,1,4,5,108,1725.0,1725.0,0.97045863,73,1,1,1,1,1,1,1,1,0,1,23.0,0.4464723675147347,0.8578132390975952,1,0,0,16,247,19.0,27.0,9.0,9.0,10,17,27,27
W2990272218,2019,2019-11-19,NJAS - Wageningen Journal of Life Sciences,first,Plant Science,Agricultural and Biological Sciences,Life Sciences,review,en,journal,hybrid,0.9535999894142152,3,4,3,3,200,,,0.99986643,1116,1,1,1,0,0,1,0,1,1,1,10.0,0.3567111313343048,0.6974640488624573,1,0,0,20,369,64.0,227.0,75.66666666666667,75.66666666666667,53,146,199,199
W2896303451,2018,2018-10-11,Research Policy,last,Global and Planetary Change,Environmental Science,Physical Sciences,review,en,journal,hybrid,0.9973000288009644,4,3,4,7,100,3960.0,2286.0,0.99855277,751,1,1,1,0,0,1,0,0,1,1,15.0,0.392276527484258,0.9047210216522217,1,2,0,15,243,31.0,99.0,33.0,33.0,23,62,85,85
W2995631322,2019,2019-12-19,Global Food Security,first,Plant Science,Agricultural and Biological Sciences,Life Sciences,article,en,journal,hybrid,0.8959000110626221,2,2,2,3,122,3760.0,3760.0,0.99950019,606,1,1,1,0,0,1,1,1,1,1,15.0,0.39149692257245383,0.7841001749038696,1,0,0,20,141,28.0,123.0,41.0,41.0,27,93,120,120
W4200084972,2021,2021-12-06,Nature Food,middle,Aquatic Science,Agricultural and Biological Sciences,Life Sciences,review,en,journal,green,0.9858999848365784,20,2,20,6,113,11690.0,,0.99987788,494,1,1,0,0,0,1,0,0,1,1,16.0,0.4132027141749859,0.7262481451034546,1,0,0,12,0,48.0,161.0,53.666666666666664,53.666666666666664,43,106,149,149
W2802951056,2018,2018-04-26,Agricultural Systems,last,Management of Technology and Innovation,"Business, Management and Accounting",Social Sciences,article,en,journal,hybrid,0.9789999723434448,3,2,3,3,103,3820.0,3820.0,0.99914078,396,1,1,1,0,0,1,0,1,1,1,12.0,0.4169842377305031,0.714301347732544,1,1,0,18,225,38.0,75.0,25.0,25.0,17,31,48,48
W3083910680,2020,2020-09-08,Ecosystem Services,last,Global and Planetary Change,Environmental Science,Physical Sciences,article,en,journal,green,0.8784999847412109,4,2,4,3,79,3960.0,,0.99620295,360,1,1,0,0,0,1,0,1,1,1,16.0,0.4144786652177572,0.8048315644264221,1,0,0,15,0,47.0,113.0,37.666666666666664,37.666666666666664,30,54,84,84
W3164641649,2021,2021-05-21,Journal of Rural Studies,middle,Industrial and Manufacturing Engineering,Engineering,Physical Sciences,article,en,journal,hybrid,0.9670000076293944,9,3,9,8,167,3740.0,3740.0,0.99831683,328,1,1,1,0,0,1,1,0,1,1,13.0,0.4725338793717898,0.8611189126968384,1,1,0,14,175,85.0,144.0,48.0,48.0,41,72,113,113
W2942941363,2019,2019-05-03,Journal of Rural Studies,middle,Sociology and Political Science,Social Sciences,Social Sciences,article,en,journal,hybrid,0.997099995613098,3,2,3,2,88,3740.0,3740.0,0.99920832,317,1,1,1,0,0,1,0,0,1,1,9.0,0.4358595510323842,0.9431807994842529,0,2,0,17,307,26.0,72.0,24.0,24.0,10,34,44,44
W3047322504,2020,2020-08-05,Agricultural Systems,first,General Agricultural and Biological Sciences,Agricultural and Biological Sciences,Life Sciences,review,en,journal,hybrid,0.9959999918937684,2,1,2,5,133,3820.0,3820.0,0.9995361,311,1,1,1,0,0,1,1,1,1,1,11.0,0.43227008797905664,0.7757848501205444,1,2,0,16,211,49.0,104.0,34.666666666666664,34.666666666666664,28,50,78,78
W2911071331,2019,2019-01-09,Environmental Innovation and Societal Transitions,middle,Global and Planetary Change,Environmental Science,Physical Sciences,article,en,journal,hybrid,0.9973000288009644,6,3,6,6,87,3410.0,3410.0,0.99287075,229,1,1,1,0,0,1,0,0,1,1,22.0,0.42020577734166925,0.8764756917953491,1,2,0,11,207,29.0,62.0,20.666666666666668,20.666666666666668,10,22,32,32
W2904710350,2018,2018-12-17,Agronomy for Sustainable Development,middle,Plant Science,Agricultural and Biological Sciences,Life Sciences,review,en,journal,hybrid,0.9991999864578248,8,3,8,5,124,2790.0,2790.0,0.99504417,220,1,1,1,0,0,1,1,0,1,1,19.0,0.4064311714548814,0.8375060558319092,2,1,0,12,291,8.0,31.0,10.333333333333334,10.333333333333334,7,22,29,29
W3012137949,2020,2020-01-01,Ecology and Society,middle,"Ecology, Evolution, Behavior and Systematics",Agricultural and Biological Sciences,Life Sciences,article,en,journal,gold,0.9937999844551086,12,6,12,9,127,975.0,975.0,0.99814854,176,1,1,1,1,1,1,1,0,1,1,11.0,0.3834171945398504,0.6966135501861572,1,2,0,15,56,31.0,56.0,18.666666666666668,18.666666666666668,5,26,31,31
W2808816276,2018,2018-06-19,Agricultural Systems,last,Management of Technology and Innovation,"Business, Management and Accounting",Social Sciences,article,en,journal,hybrid,0.8810999989509583,3,3,3,3,73,3820.0,3820.0,0.99466377,147,1,1,1,0,0,1,0,1,1,1,10.0,0.28896942138671877,0.5237131714820862,1,1,0,16,261,17.0,31.0,10.333333333333334,10.333333333333334,8,16,24,24
W2913341777,2019,2019-02-12,Journal of Rural Studies,middle,Sociology and Political Science,Social Sciences,Social Sciences,article,en,journal,green,0.9901999831199646,5,3,5,3,92,3740.0,,0.99723986,139,1,1,0,0,0,1,0,0,1,1,10.0,0.4149772793054581,0.8494488000869751,1,1,0,13,0,18.0,47.0,15.666666666666666,15.666666666666666,6,18,24,24
W2991426639,2019,2019-11-26,NJAS - Wageningen Journal of Life Sciences,middle,General Agricultural and Biological Sciences,Agricultural and Biological Sciences,Life Sciences,article,en,journal,bronze,0.9713000059127808,3,2,3,3,83,,,0.99839316,136,1,1,1,0,0,1,0,0,1,1,13.0,0.3844613043161539,0.6828410625457764,1,0,0,19,279,13.0,38.0,12.666666666666666,12.666666666666666,11,21,32,32
W3011202783,2020,2020-03-14,The Journal of Agricultural Education and Extension,first,General Agricultural and Biological Sciences,Agricultural and Biological Sciences,Life Sciences,article,en,journal,bronze,0.9901999831199646,1,2,1,2,76,,,0.99791244,126,1,1,1,0,0,1,0,1,1,1,15.0,0.4329650561014811,0.7265455722808838,1,0,0,23,32,25.0,57.0,19.0,19.0,9,20,29,29
W3194080861,2021,2021-08-21,Agronomy Journal,last,Soil Science,Agricultural and Biological Sciences,Life Sciences,article,en,journal,hybrid,0.9998000264167786,3,1,3,1,100,1350.0,1350.0,0.97691537,98,1,0,1,0,0,1,0,0,0,1,19.0,0.4029377212649898,0.7579798698425293,1,0,0,13,266,7.0,25.0,8.333333333333334,8.333333333333334,2,16,18,18
W2971410101,2019,2019-09-05,Nutrient Cycling in Agroecosystems,last,Soil Science,Agricultural and Biological Sciences,Life Sciences,article,en,journal,green,0.9998999834060668,10,2,10,3,71,3490.0,,0.94233196,62,1,1,0,0,0,1,0,1,0,1,12.0,0.5389612267414728,0.7979167103767395,1,3,0,21,0,5.0,18.0,6.0,6.0,2,8,10,10
W2799381382,2018,2018-05-01,Soil Science Society of America Journal,first,Soil Science,Agricultural and Biological Sciences,Life Sciences,article,en,journal,closed,0.9998000264167786,1,1,1,1,47,1350.0,,0.97050605,58,0,0,0,0,0,1,0,1,0,1,11.0,0.42442597313360736,0.6990457773208618,1,1,0,17,318,9.0,24.0,8.0,8.0,4,13,17,17
W2800827317,2018,2018-05-01,Soil Science Society of America Journal,first,Soil Science,Agricultural and Biological Sciences,Life Sciences,article,en,journal,hybrid,0.9998999834060668,5,1,5,1,35,1350.0,1350.0,0.96725825,53,1,0,1,0,0,1,0,1,0,1,10.0,0.4700581818819046,0.7753560543060303,1,1,0,20,358,7.0,23.0,7.666666666666667,7.666666666666667,6,12,18,18
W4308341370,2022,2022-11-04,Grass and Forage Science,first,"Management, Monitoring, Policy and Law",Environmental Science,Physical Sciences,article,en,journal,hybrid,0.989799976348877,2,2,2,3,113,4330.0,4330.0,0.98378909,43,1,0,1,0,0,1,0,1,0,1,14.0,0.4363812782934734,0.6475420594215393,1,1,0,16,249,11.0,17.0,5.666666666666667,5.666666666666667,9,6,15,15
W3010818447,2020,2020-03-13,Agronomy Journal,first,Soil Science,Agricultural and Biological Sciences,Life Sciences,article,en,journal,hybrid,0.9998000264167786,1,1,1,1,73,1350.0,1350.0,0.92282893,39,1,0,1,0,0,1,0,1,0,1,12.0,0.4156682640314102,0.6404805779457092,1,1,0,16,258,14.0,17.0,5.666666666666667,5.666666666666667,5,9,14,14
W3093276570,2020,2020-10-15,Soil Science Society of America Journal,first,Soil Science,Agricultural and Biological Sciences,Life Sciences,article,en,journal,hybrid,0.9998999834060668,1,1,1,1,36,1350.0,1350.0,0.8899951,38,1,0,1,0,0,1,0,1,0,0,16.0,0.4150792080909014,0.8101615905761719,1,1,0,8,262,3.0,10.0,3.3333333333333335,3.3333333333333335,1,6,7,7
W3093329998,2020,2020-01-01,Agricultural & Environmental Letters,first,Ecology,Environmental Science,Physical Sciences,article,en,journal,gold,0.9918000102043152,4,1,4,2,40,1100.0,1100.0,0.897769,28,1,1,1,1,1,1,0,1,0,0,18.0,0.38129684660169816,0.697508692741394,1,0,0,7,153,4.0,11.0,3.6666666666666665,3.6666666666666665,0,4,4,4
W4389490598,2023,2023-12-08,Agronomy Journal,first,Ecology,Environmental Science,Physical Sciences,article,en,journal,bronze,0.9890000224113464,2,1,2,1,136,1350.0,,0.96662261,25,1,0,1,0,0,1,1,1,0,1,15.0,0.38628097573916115,0.513148844242096,1,0,0,17,253,3.0,19.0,6.333333333333333,6.333333333333333,3,16,19,19
W4319440893,2023,2023-02-07,Journal of Soil and Water Conservation,first,Soil Science,Agricultural and Biological Sciences,Life Sciences,article,en,journal,bronze,0.9988999962806702,1,1,1,1,55,,,0.93018489,23,1,0,1,0,0,1,1,1,0,1,12.0,0.42290593932072323,0.7008219957351685,1,4,0,21,332,12.0,18.0,6.0,6.0,5,8,13,13
W4283462037,2022,2022-06-25,Soil Science Society of America Journal,first,Soil Science,Agricultural and Biological Sciences,Life Sciences,article,en,journal,hybrid,0.9997000098228456,1,1,1,1,41,1350.0,1350.0,0.8862176,21,1,0,1,0,0,1,0,1,0,0,12.0,0.472103218237559,0.7409006953239441,1,0,0,16,242,7.0,14.0,4.666666666666667,4.666666666666667,2,9,11,11
W4293321339,2022,2022-08-27,Soil Science Society of America Journal,first,Soil Science,Agricultural and Biological Sciences,Life Sciences,article,en,journal,closed,0.9995999932289124,1,1,1,1,32,1350.0,,0.82429189,15,0,0,0,0,0,1,0,1,0,0,15.0,0.3992232660452525,0.6659488081932068,1,0,0,15,253,4.0,8.0,2.6666666666666665,2.6666666666666665,2,4,6,6
W4401670091,2024,2024-08-16,Soil Science Society of America Journal,first,Soil Science,Agricultural and Biological Sciences,Life Sciences,article,en,journal,hybrid,0.9787999987602234,1,1,1,1,57,1350.0,1350.0,0.94301714,14,1,0,1,0,0,1,1,1,0,1,16.0,0.3779847174882889,0.7126246690750122,1,0,0,16,267,9.0,14.0,4.666666666666667,4.666666666666667,5,9,14,14
W4396939053,2024,2024-05-15,Agronomy Journal,first,Ecology,Environmental Science,Physical Sciences,article,en,journal,hybrid,0.9986000061035156,1,1,1,1,30,1350.0,1350.0,0.9095342,7,1,0,1,0,0,1,0,1,0,1,11.0,0.3988755670460788,0.7203723192214966,1,0,0,15,264,4.0,7.0,2.3333333333333335,2.3333333333333335,2,5,7,7
W3095660270,2020,2020-11-02,Field Crops Research,middle,Agronomy and Crop Science,Agricultural and Biological Sciences,Life Sciences,article,en,journal,closed,0.9995999932289124,14,2,14,1,142,3970.0,,0.98275336,56,0,0,0,0,0,1,0,0,0,1,13.0,0.43446871867546666,0.6347856521606445,1,0,0,9,0,8.0,23.0,7.666666666666667,7.666666666666667,8,13,21,21
W2917292254,2019,2019-02-23,Nutrient Cycling in Agroecosystems,middle,Soil Science,Agricultural and Biological Sciences,Life Sciences,article,en,journal,green,0.9987999796867372,8,2,8,3,49,3490.0,,0.92790443,50,1,1,0,0,0,1,0,0,0,1,9.0,0.5357890195316739,0.8280462026596069,1,1,0,9,0,3.0,13.0,4.333333333333333,4.333333333333333,0,2,2,2
W2989923037,2019,2019-11-30,Nutrient Cycling in Agroecosystems,middle,Soil Science,Agricultural and Biological Sciences,Life Sciences,article,en,journal,green,0.9998000264167786,10,2,10,2,65,3490.0,,0.93985532,39,1,1,0,0,0,1,0,0,0,1,14.0,0.4761886852128165,0.9252726435661316,0,2,0,13,0,7.0,16.0,5.333333333333333,5.333333333333333,7,8,15,15
W3011904401,2020,2020-03-10,Agriculture Ecosystems & Environment,last,Forestry,Agricultural and Biological Sciences,Life Sciences,article,en,journal,green,0.9998000264167786,3,1,3,2,60,3690.0,,0.99113308,39,1,1,0,0,0,1,0,0,1,1,14.0,0.4178853716169085,0.8052757978439331,1,0,0,16,0,7.0,15.0,5.0,5.0,5,4,9,9
W3108914021,2020,2020-11-27,Field Crops Research,middle,Agronomy and Crop Science,Agricultural and Biological Sciences,Life Sciences,article,en,journal,green,0.9997000098228456,12,3,12,4,80,3970.0,,0.95918812,38,1,1,0,0,0,1,0,0,0,1,15.0,0.45075143575668336,0.8918368816375732,1,1,0,17,0,8.0,16.0,5.333333333333333,5.333333333333333,7,9,16,16
W3083157755,2020,2020-09-01,Journal of Soil and Water Conservation,middle,Soil Science,Agricultural and Biological Sciences,Life Sciences,article,en,journal,bronze,0.9995999932289124,3,1,3,2,70,,,0.92586631,32,1,1,1,0,0,1,1,0,0,1,18.0,0.45846853653589886,0.8650785684585571,1,4,0,14,256,10.0,18.0,6.0,6.0,8,8,16,16
W3100880091,2020,2020-11-06,Geoderma Regional,middle,Soil Science,Agricultural and Biological Sciences,Life Sciences,article,en,journal,green,0.9998000264167786,8,2,8,2,90,2640.0,,0.90745817,30,1,1,0,0,0,1,0,0,0,1,15.0,0.43968833088874815,0.7132896184921265,1,2,0,19,0,7.0,14.0,4.666666666666667,4.666666666666667,6,8,14,14
W2885471089,2018,2018-08-16,Agronomy Journal,first,"Ecology, Evolution, Behavior and Systematics",Agricultural and Biological Sciences,Life Sciences,article,en,journal,bronze,1.0,3,1,3,1,38,1350.0,,0.96896633,29,1,0,1,0,0,1,0,1,0,1,11.0,0.45582771030339325,0.7244343161582947,1,0,0,17,327,4.0,18.0,6.0,6.0,1,11,12,12
W2788961991,2018,2018-02-08,Soil Science Society of America Journal,first,Soil Science,Agricultural and Biological Sciences,Life Sciences,article,en,journal,closed,0.9998000264167786,2,1,2,1,20,1350.0,,0.92482037,28,0,0,0,0,0,1,0,1,0,1,15.0,0.44585898518562317,0.7834281921386719,1,1,0,14,320,5.0,14.0,4.666666666666667,4.666666666666667,2,4,6,6
W2889286660,2018,2018-08-29,CABI Reviews,first,Soil Science,Agricultural and Biological Sciences,Life Sciences,article,en,journal,closed,0.9937999844551086,1,0,1,1,0,,,0.91590899,28,0,0,0,0,0,1,0,1,0,1,11.0,0.45369552211327985,0.68011474609375,1,0,0,17,225,0.0,9.0,3.0,3.0,0,8,8,8
W3016410151,2020,2020-04-16,Nature Sustainability,first,"Ecology, Evolution, Behavior and Systematics",Agricultural and Biological Sciences,Life Sciences,article,en,journal,closed,0.9973000288009644,2,1,2,3,50,11690.0,,0.99990818,492,0,0,0,0,0,1,0,1,1,1,16.0,0.39868233911693096,0.7712270617485046,1,0,0,7,0,83.0,178.0,59.333333333333336,59.333333333333336,37,76,113,113
W2937245784,2019,2019-04-12,Nature Communications,middle,Plant Science,Agricultural and Biological Sciences,Life Sciences,article,en,journal,gold,0.9973000288009644,6,2,6,7,42,4808.0,4808.0,0.99834978,315,1,1,1,1,1,1,1,0,1,1,11.0,0.37738939306952735,0.7339946031570435,1,0,0,8,151,31.0,75.0,25.0,25.0,12,31,43,43
W4200189258,2021,2021-12-09,Nature Communications,middle,Plant Science,Agricultural and Biological Sciences,Life Sciences,article,en,journal,gold,0.9994000196456908,19,8,19,12,55,4808.0,4808.0,0.99853243,315,1,1,1,1,1,1,1,0,1,1,18.0,0.4219021581941181,0.7966525554656982,1,0,0,8,162,31.0,82.0,27.333333333333332,27.333333333333332,29,50,79,79
W2963046423,2019,2019-07-23,Earth s Future,middle,Ecology,Environmental Science,Physical Sciences,article,en,journal,gold,0.9469000101089478,18,5,18,8,50,2350.0,2350.0,0.99635658,206,1,1,1,1,1,1,0,0,1,1,15.0,0.3951026995976766,0.6588793396949768,1,2,0,9,75,23.0,66.0,22.0,22.0,12,35,47,47
W4205766186,2022,2022-01-18,Proceedings of the National Academy of Sciences,middle,Agronomy and Crop Science,Agricultural and Biological Sciences,Life Sciences,article,en,journal,hybrid,0.9994000196456908,6,1,6,4,55,,,0.99951255,184,1,1,1,0,0,1,0,0,1,1,8.0,0.36271364614367485,0.6085699796676636,1,0,0,13,181,68.0,121.0,40.333333333333336,40.333333333333336,31,38,69,69
W2915119646,2019,2019-02-18,Field Crops Research,middle,Plant Science,Agricultural and Biological Sciences,Life Sciences,article,en,journal,hybrid,0.9994000196456908,5,2,5,4,38,3970.0,3223.0,0.99305011,158,1,1,1,0,0,1,0,0,1,1,18.0,0.4125702265236113,0.6174479722976685,0,0,0,14,286,10.0,35.0,11.666666666666666,11.666666666666666,3,11,14,14
W2793154560,2018,2018-03-18,Geoderma,last,Environmental Engineering,Environmental Science,Physical Sciences,article,en,journal,hybrid,0.9976000189781188,9,5,9,10,75,2800.0,2946.0,0.9821943,144,1,1,1,0,1,1,1,0,0,1,11.0,0.52005565979264,0.8316686153411865,0,1,0,16,381,29.0,40.0,13.333333333333334,13.333333333333334,12,21,33,33
W2784774344,2018,2018-01-12,Agriculture,first,Plant Science,Agricultural and Biological Sciences,Life Sciences,article,en,journal,gold,0.9965000152587892,2,1,2,4,31,1949.0,1949.0,0.99834355,368,1,1,1,1,1,1,1,1,1,1,9.0,0.4569864206843906,0.9543735980987549,0,0,0,8,281,25.0,64.0,21.333333333333332,21.333333333333332,14,15,29,29
W2913793637,2019,2019-02-10,Journal of Environmental Management,middle,Marketing,"Business, Management and Accounting",Social Sciences,article,en,journal,closed,0.967199981212616,4,2,4,2,136,3700.0,,0.99735816,327,0,0,0,0,0,1,0,0,1,1,13.0,0.482759558237516,0.939610481262207,0,0,0,18,0,29.0,66.0,22.0,22.0,8,21,29,29
W2963929228,2019,2019-07-25,Journal of Environmental Management,last,"Management, Monitoring, Policy and Law",Environmental Science,Physical Sciences,article,en,journal,closed,0.9865999817848206,4,2,4,2,70,3700.0,,0.99863955,257,0,0,0,0,0,1,0,1,1,1,11.0,0.418926171281121,0.8572487831115723,1,0,0,15,0,27.0,69.0,23.0,23.0,13,36,49,49
W2896533596,2018,2018-10-13,The Science of The Total Environment,middle,Plant Science,Agricultural and Biological Sciences,Life Sciences,article,en,journal,closed,0.9993000030517578,5,2,5,2,53,3870.0,,0.99169021,151,0,0,0,0,0,1,0,0,1,1,15.0,0.40786452293395997,0.66464763879776,1,1,0,9,0,8.0,30.0,10.0,10.0,7,18,25,25
W2900762485,2018,2018-11-20,The Science of The Total Environment,last,Pollution,Environmental Science,Physical Sciences,article,en,journal,closed,0.9951000213623048,4,2,4,2,41,3870.0,,0.9480057,135,0,0,0,0,0,1,0,1,0,1,14.0,0.5085028856992722,0.8148366808891296,1,0,0,18,0,9.0,28.0,9.333333333333334,9.333333333333334,8,19,27,27
W2933884870,2019,2019-04-02,Agricultural Water Management,last,Plant Science,Agricultural and Biological Sciences,Life Sciences,article,en,journal,closed,0.9998999834060668,4,2,4,2,67,2600.0,,0.99072785,131,0,0,0,0,1,1,0,1,1,1,12.0,0.49647174527247745,0.7569912672042847,1,0,0,17,0,20.0,34.0,11.333333333333334,11.333333333333334,9,14,23,23
W2781475597,2018,2018-01-07,Industrial Crops and Products,last,Complementary and alternative medicine,Medicine,Health Sciences,article,en,journal,closed,0.9968000054359436,5,2,5,1,71,3780.0,,0.99527828,125,0,0,0,0,1,1,0,1,1,1,17.0,0.36350282325464134,0.6489021182060242,1,0,0,20,0,17.0,27.0,9.0,9.0,4,15,19,19
W3049229825,2020,2020-08-14,The Science of The Total Environment,last,Insect Science,Agricultural and Biological Sciences,Life Sciences,article,en,journal,closed,0.9990000128746032,3,2,3,2,52,3870.0,,0.99005615,120,0,0,0,0,0,1,0,1,1,1,16.0,0.378246096894145,0.757714033126831,0,0,0,14,0,13.0,39.0,13.0,13.0,7,21,28,28
W2972948364,2019,2019-09-13,Agriculture,first,Plant Science,Agricultural and Biological Sciences,Life Sciences,article,en,journal,gold,0.9998999834060668,3,1,3,4,54,1949.0,1949.0,0.98315998,119,1,1,1,1,1,1,1,1,0,1,7.0,0.7109142329011645,0.958235502243042,0,0,0,14,359,9.0,23.0,7.666666666666667,7.666666666666667,4,15,19,19
W2906774058,2019,2019-01-04,Urban forestry & urban greening,middle,"Health, Toxicology and Mutagenesis",Environmental Science,Physical Sciences,article,en,journal,closed,0.9995999932289124,5,3,5,1,50,3440.0,,0.96377626,117,0,0,0,0,0,1,0,0,0,1,5.0,0.4523339748382568,0.7845823764801025,1,1,0,18,0,11.0,32.0,10.666666666666666,10.666666666666666,3,8,11,11
W2789587000,2018,2018-03-14,Human and Ecological Risk Assessment An International Journal,last,Plant Science,Agricultural and Biological Sciences,Life Sciences,article,en,journal,closed,1.0,4,2,4,1,36,,,0.98712927,112,0,0,0,0,0,1,0,1,0,1,17.0,0.4129253941423753,0.7446128129959106,1,1,0,14,198,15.0,29.0,9.666666666666666,9.666666666666666,5,11,16,16
W2793556912,2018,2018-02-12,Agriculture,middle,Insect Science,Agricultural and Biological Sciences,Life Sciences,article,en,journal,gold,0.9980000257492064,4,2,4,4,53,1949.0,1949.0,0.98775654,110,1,1,1,1,1,1,1,1,0,1,12.0,0.36531416326761246,0.7431842088699341,0,0,0,12,368,12.0,27.0,9.0,9.0,7,8,15,15
W2843845732,2018,2018-07-10,Current Opinion in Environmental Science & Health,first,Plant Science,Agricultural and Biological Sciences,Life Sciences,article,en,journal,closed,0.9998000264167786,2,1,2,1,37,3590.0,,0.98111279,107,0,0,0,0,0,1,0,1,0,1,19.0,0.38752561964486776,0.7409203052520752,0,0,0,12,0,8.0,18.0,6.0,6.0,4,7,11,11
W2901794313,2018,2018-11-16,Scientia Horticulturae,first,Plant Science,Agricultural and Biological Sciences,Life Sciences,article,en,journal,closed,0.997099995613098,1,1,1,1,77,3430.0,,0.97731302,106,0,0,0,0,1,1,0,1,0,1,14.0,0.5842309253556388,0.9701124429702759,1,0,0,11,0,5.0,12.0,4.0,4.0,4,5,9,9
W2911944766,2019,2019-02-05,Environmental Science and Pollution Research,middle,Insect Science,Agricultural and Biological Sciences,Life Sciences,article,en,journal,closed,0.9998000264167786,4,2,4,2,34,3690.0,,0.97944557,98,0,0,0,0,0,1,0,1,0,1,16.0,0.38457920402288437,0.776705801486969,1,0,0,18,0,9.0,18.0,6.0,6.0,1,9,10,10
W2946681131,2019,2019-05-18,Chemosphere,last,Pollution,Environmental Science,Physical Sciences,article,en,journal,closed,0.9976000189781188,5,2,5,2,53,3610.0,,0.90964202,94,0,0,0,0,0,1,0,1,0,1,12.0,0.5002307345469793,0.8280353546142578,1,1,0,16,0,10.0,29.0,9.666666666666666,9.666666666666666,5,13,18,18
W2945802405,2019,2019-05-15,The Science of The Total Environment,last,Plant Science,Agricultural and Biological Sciences,Life Sciences,article,en,journal,closed,0.9997000098228456,6,3,6,2,46,3870.0,,0.98075794,90,0,0,0,0,0,1,0,1,0,1,10.0,0.4339715510606766,0.7754020690917969,1,0,0,16,0,10.0,18.0,6.0,6.0,4,11,15,15
W3116675460,2020,2020-12-26,Sustainable Production and Consumption,last,General Agricultural and Biological Sciences,Agricultural and Biological Sciences,Life Sciences,article,en,journal,closed,0.9925000071525574,10,2,10,1,59,3200.0,,0.99298246,87,0,0,0,0,0,1,0,0,1,1,10.0,0.3110615760087967,0.8865622282028198,0,1,0,21,0,4.0,17.0,5.666666666666667,5.666666666666667,4,13,17,17
W3135515730,2021,2021-03-05,Environmental Science and Pollution Research,first,Insect Science,Agricultural and Biological Sciences,Life Sciences,article,en,journal,closed,0.9832000136375428,1,1,1,2,54,3690.0,,0.98970916,82,0,0,0,0,0,1,0,1,0,1,12.0,0.35401784628629684,0.8605241179466248,1,0,0,21,0,21.0,41.0,13.666666666666666,13.666666666666666,4,18,22,22
W2912399291,2019,2019-02-07,Agriculture,first,Plant Science,Agricultural and Biological Sciences,Life Sciences,article,en,journal,gold,0.9988999962806702,3,2,3,4,49,1949.0,1949.0,0.97771189,73,1,1,1,1,1,1,1,1,0,1,20.0,0.41594012677669523,0.8762775659561157,0,0,0,12,326,11.0,23.0,7.666666666666667,7.666666666666667,3,12,15,15
W2883310173,2018,2018-07-18,Agricultural Water Management,last,Plant Science,Agricultural and Biological Sciences,Life Sciences,article,en,journal,closed,0.9975000023841858,5,2,5,2,65,2600.0,,0.98114861,69,0,0,0,0,1,1,0,1,0,1,10.0,0.6297520756721496,0.9344301819801331,1,0,0,16,0,3.0,9.0,3.0,3.0,1,6,7,7
W2794847892,2018,2018-03-27,Environmental Science and Pollution Research,last,Plant Science,Agricultural and Biological Sciences,Life Sciences,article,en,journal,closed,0.9998999834060668,5,3,5,2,54,3690.0,,0.95785304,59,0,0,0,0,0,1,0,1,0,1,15.0,0.4480632543563843,0.7048970460891724,1,0,0,10,0,10.0,13.0,4.333333333333333,4.333333333333333,2,9,11,11
W2908481466,2018,2018-12-28,Environmental Monitoring and Assessment,last,Plant Science,Agricultural and Biological Sciences,Life Sciences,article,en,journal,closed,0.9998000264167786,4,2,4,2,32,3690.0,,0.92936128,58,0,0,0,0,0,1,0,1,0,1,14.0,0.4047396800347737,0.7042840719223022,1,0,0,16,0,4.0,8.0,2.6666666666666665,2.6666666666666665,4,4,8,8
W3028500698,2020,2020-05-22,Agricultural Water Management,last,Industrial and Manufacturing Engineering,Environmental Science,Physical Sciences,article,en,journal,closed,0.9995999932289124,4,2,4,2,52,2600.0,,0.93778602,56,0,0,0,0,1,1,0,1,0,1,16.0,0.426156597211957,0.8400472402572632,1,0,0,18,0,9.0,20.0,6.666666666666667,6.666666666666667,7,5,12,12
W2950606190,2019,2019-05-23,Journal of soil science and plant nutrition,middle,Plant Science,Agricultural and Biological Sciences,Life Sciences,article,en,journal,closed,0.9990000128746032,6,2,6,1,61,2990.0,,0.96953736,50,0,0,0,0,0,1,0,1,0,1,8.0,0.5953485891222954,0.8742184638977051,1,0,0,17,0,5.0,12.0,4.0,4.0,2,5,7,7
W3034755390,2020,2020-06-12,Industrial Crops and Products,middle,Plant Science,Agricultural and Biological Sciences,Life Sciences,article,en,journal,closed,0.9968000054359436,4,1,4,2,65,3780.0,,0.97250812,41,0,0,0,0,1,1,0,0,0,1,15.0,0.5289864758650462,0.9628355503082275,1,0,0,14,0,10.0,19.0,6.333333333333333,6.333333333333333,2,12,14,14
W3129342457,2021,2021-02-23,Pest Management Science,last,Insect Science,Agricultural and Biological Sciences,Life Sciences,article,en,journal,closed,0.9979000091552734,3,2,3,2,59,5100.0,,0.9559854,39,0,0,0,0,0,1,0,0,0,1,15.0,0.414025882879893,0.8604412078857422,1,0,0,20,62,13.0,22.0,7.333333333333333,7.333333333333333,5,8,13,13
W4320917998,2023,2023-02-15,Weed Biology and Management,first,Plant Science,Agricultural and Biological Sciences,Life Sciences,article,en,journal,hybrid,0.9998999834060668,2,1,2,1,93,3040.0,3040.0,0.98669179,34,1,0,1,0,0,1,1,1,0,1,19.0,0.47898968269950465,0.9828292727470398,0,0,0,8,266,17.0,32.0,10.666666666666666,10.666666666666666,5,15,20,20
W4313644978,2023,2023-01-06,Journal of soil science and plant nutrition,middle,Agronomy and Crop Science,Agricultural and Biological Sciences,Life Sciences,article,en,journal,hybrid,0.9990000128746032,4,1,4,1,50,2990.0,2990.0,0.98529554,27,1,0,1,0,0,1,1,0,0,1,12.0,0.4807661647597949,0.698606014251709,1,0,0,13,305,15.0,24.0,8.0,8.0,10,5,15,15
W3009700384,2020,2020-03-01,Revista Brasileira de Botânica,last,Plant Science,Agricultural and Biological Sciences,Life Sciences,article,en,journal,closed,0.9997000098228456,3,2,3,1,49,3090.0,,0.91802245,26,0,0,0,0,0,1,0,0,0,1,14.0,0.5380438757794244,0.9319913387298584,1,0,0,15,0,7.0,11.0,3.6666666666666665,3.6666666666666665,2,5,7,7
W4389092828,2023,2023-11-28,Plant Science,first,Plant Science,Agricultural and Biological Sciences,Life Sciences,review,en,journal,closed,0.9998999834060668,2,1,2,2,71,3500.0,,0.97810146,25,0,0,0,0,0,1,0,1,0,1,12.0,0.5400533626476923,0.7755764126777649,1,0,0,11,0,3.0,21.0,7.0,7.0,3,15,18,18
W4382361811,2023,2023-06-28,Pest Management Science,middle,Plant Science,Agricultural and Biological Sciences,Life Sciences,article,en,journal,hybrid,0.9983999729156494,3,1,3,2,64,5100.0,5100.0,0.97501394,23,1,0,1,0,0,1,1,1,0,1,15.0,0.37508156498273215,0.8079478740692139,0,0,0,15,51,8.0,19.0,6.333333333333333,6.333333333333333,4,7,11,11
W3026586217,2020,2020-05-20,Journal of soil science and plant nutrition,middle,Plant Science,Agricultural and Biological Sciences,Life Sciences,article,en,journal,closed,0.9968000054359436,4,1,4,2,49,2990.0,,0.88566683,17,0,0,0,0,0,1,0,0,0,0,12.0,0.4911675378680229,0.7626806497573853,1,0,0,11,0,3.0,7.0,2.3333333333333335,2.3333333333333335,1,3,4,4
W4391691501,2024,2024-01-01,Environmental Challenges,first,Plant Science,Agricultural and Biological Sciences,Life Sciences,article,en,journal,gold,0.984000027179718,3,2,3,2,44,1800.0,1800.0,0.97932103,16,1,1,1,1,1,1,0,1,0,1,15.0,0.3470352073510488,0.7352976202964783,1,0,0,16,279,13.0,16.0,5.333333333333333,5.333333333333333,3,10,13,13
W2993130158,2019,2019-12-03,Biological Agriculture & Horticulture,middle,Ecology,Environmental Science,Physical Sciences,article,en,journal,closed,0.9735999703407288,4,3,4,1,43,,,0.67160163,15,0,0,0,0,0,1,0,1,0,0,14.0,0.41954744287899565,0.7647989988327026,1,0,0,19,227,0.0,1.0,0.3333333333333333,0.3333333333333333,0,1,1,1
W4224258010,2022,2022-04-19,Environment Development and Sustainability,last,Plant Science,Agricultural and Biological Sciences,Life Sciences,article,en,journal,closed,0.986299991607666,3,2,3,2,39,2890.0,,0.86869735,13,0,0,0,0,0,1,0,1,0,0,12.0,0.3501660202940305,0.5923426151275635,1,0,0,16,0,2.0,5.0,1.6666666666666667,1.6666666666666667,0,2,2,2
W4286457294,2022,2022-07-22,Pest Management Science,first,Plant Science,Agricultural and Biological Sciences,Life Sciences,article,en,journal,closed,0.9914000034332277,3,2,3,2,68,5100.0,,0.82155665,8,0,0,0,0,0,1,0,1,0,0,16.0,0.3572992365807295,0.9473510980606079,0,0,0,17,36,1.0,3.0,1.0,1.0,1,2,3,3
W4403110258,2024,2024-10-02,Agronomy Journal,first,Agronomy and Crop Science,Agricultural and Biological Sciences,Life Sciences,review,en,journal,hybrid,0.9912999868392944,2,1,2,1,109,1350.0,1350.0,0.92855572,7,1,0,1,0,0,1,1,1,0,1,6.0,0.47302039961020154,0.7736079692840576,0,0,0,11,281,3.0,7.0,2.3333333333333335,2.3333333333333335,1,6,7,7
W4407269415,2025,2025-02-08,Plant Biosystems - An International Journal Dealing with all Aspects of Plant Biology,first,Plant Science,Agricultural and Biological Sciences,Life Sciences,article,en,journal,closed,0.9998999834060668,2,1,2,1,68,,,0.98182747,7,0,0,0,0,0,1,0,1,0,1,12.0,0.4833909124135971,0.8732035756111145,1,0,0,17,0,7.0,7.0,2.3333333333333335,2.3333333333333335,5,2,7,7
W4411507326,2025,2025-06-21,Crop Protection,first,Plant Science,Agricultural and Biological Sciences,Life Sciences,article,en,journal,hybrid,0.9995999932289124,2,1,2,1,119,3920.0,3920.0,0.9641858,4,1,0,1,0,0,1,0,1,0,1,8.0,0.500486470758915,0.9366684556007385,1,0,0,12,300,4.0,4.0,1.3333333333333333,1.3333333333333333,3,0,3,3
W2981963669,2019,2019-10-21,Chemosphere,middle,Oceanography,Earth and Planetary Sciences,Physical Sciences,retraction,en,journal,closed,0.8039000034332275,5,2,5,2,0,3610.0,,0.10095509,1,0,0,0,0,0,1,0,1,0,0,10.0,0.5249375164508819,0.8953808546066284,1,0,0,22,0,0.0,0.0,0.0,0.0,0,0,0,0
W2803908288,2018,2018-05-25,The Science of The Total Environment,middle,Plant Science,Agricultural and Biological Sciences,Life Sciences,article,en,journal,closed,0.9943000078201294,4,2,4,2,40,3870.0,,0.97071055,49,0,0,0,0,0,1,0,1,0,1,16.0,0.40707668475806713,0.7295035719871521,0,0,0,15,0,10.0,22.0,7.333333333333333,7.333333333333333,5,8,13,13
W2949694062,2019,2019-06-19,Journal of Rural Studies,last,General Agricultural and Biological Sciences,Agricultural and Biological Sciences,Life Sciences,article,en,journal,closed,0.9980999827384948,3,2,3,1,62,3740.0,,0.98929831,45,0,0,0,0,0,1,0,1,0,1,13.0,0.3542588719954857,0.8314316868782043,1,0,0,13,0,8.0,16.0,5.333333333333333,5.333333333333333,4,11,15,15
W2921295334,2019,2019-03-13,Environmental Science and Pollution Research,last,"Health, Toxicology and Mutagenesis",Environmental Science,Physical Sciences,article,en,journal,closed,0.9965999722480774,8,2,8,2,63,3690.0,,0.85312707,41,0,0,0,0,0,1,0,1,0,0,10.0,0.6119595259428025,0.9629494547843933,1,0,0,15,0,6.0,9.0,3.0,3.0,2,4,6,6
W2802677236,2018,2018-04-18,Crop Protection,last,Insect Science,Agricultural and Biological Sciences,Life Sciences,article,en,journal,closed,0.9984999895095824,5,2,5,1,46,3920.0,,0.92106778,36,0,0,0,0,0,1,0,1,0,1,7.0,0.5032740873949868,0.7826451063156128,0,0,0,15,0,8.0,13.0,4.333333333333333,4.333333333333333,5,5,10,10
W3026389025,2020,2020-05-18,Journal of Plant Growth Regulation,last,Plant Science,Agricultural and Biological Sciences,Life Sciences,article,en,journal,closed,0.996399998664856,7,2,7,1,49,3490.0,,0.91912178,34,0,0,0,0,0,1,0,0,0,1,19.0,0.4398501923209743,0.8530089259147644,0,0,0,17,0,3.0,9.0,3.0,3.0,1,3,4,4
W2804704791,2018,2018-05-16,Journal of Plant Growth Regulation,middle,Plant Science,Agricultural and Biological Sciences,Life Sciences,article,en,journal,closed,0.9976999759674072,6,2,6,1,53,3490.0,,0.94896535,33,0,0,0,0,0,1,0,1,0,1,15.0,0.47728363474210106,0.7918638586997986,1,1,0,17,0,2.0,11.0,3.6666666666666665,3.6666666666666665,1,4,5,5
W2901208279,2018,2018-11-13,The Science of The Total Environment,last,Plant Science,Agricultural and Biological Sciences,Life Sciences,article,en,journal,closed,0.9998999834060668,11,3,11,2,64,3870.0,,0.95935528,33,0,0,0,0,0,1,0,1,0,1,19.0,0.3997511424516377,0.7087969183921814,0,0,0,14,0,2.0,10.0,3.3333333333333335,3.3333333333333335,2,6,8,8
W3000910201,2020,2020-01-22,Journal of Plant Growth Regulation,last,Soil Science,Agricultural and Biological Sciences,Life Sciences,article,en,journal,closed,0.9847999811172484,8,3,8,1,87,3490.0,,0.87815726,31,0,0,0,0,0,1,0,0,0,0,14.0,0.4176801251513617,0.6809076070785522,1,0,0,18,0,8.0,13.0,4.333333333333333,4.333333333333333,3,5,8,8
W2793639001,2018,2018-02-18,Agricultural Water Management,middle,Ocean Engineering,Engineering,Physical Sciences,article,en,journal,closed,0.9995999932289124,4,2,4,2,17,2600.0,,0.93998536,29,0,0,0,0,1,1,0,1,0,1,10.0,0.462002232670784,0.7263289093971252,1,0,0,12,0,7.0,12.0,4.0,4.0,3,7,10,10
W3182771507,2021,2021-07-07,Environmental Science and Pollution Research,last,Plant Science,Agricultural and Biological Sciences,Life Sciences,article,en,journal,closed,0.9976000189781188,4,2,4,1,63,3690.0,,0.92571827,23,0,0,0,0,0,1,0,1,0,1,16.0,0.4051357991993427,0.7954134941101074,1,0,0,17,0,1.0,8.0,2.6666666666666665,2.6666666666666665,1,6,7,7
W4210469547,2022,2022-01-27,Biologia,first,Plant Science,Agricultural and Biological Sciences,Life Sciences,review,en,journal,closed,0.9995999932289124,2,1,2,1,94,3090.0,,0.93695693,22,0,0,0,0,0,1,0,1,0,1,14.0,0.42793735223157064,0.7179675698280334,1,0,0,16,0,8.0,13.0,4.333333333333333,4.333333333333333,3,7,10,10
W2909660731,2019,2019-01-06,Outlook on Agriculture,middle,Plant Science,Agricultural and Biological Sciences,Life Sciences,article,en,journal,closed,0.957099974155426,5,2,5,1,39,,,0.85613448,21,0,0,0,0,0,1,0,0,0,0,11.0,0.38692136244340375,0.9877588748931885,1,0,0,12,311,4.0,5.0,1.6666666666666667,1.6666666666666667,3,1,4,4
W3190596346,2021,2021-08-09,Environmental Science and Pollution Research,last,Pollution,Environmental Science,Physical Sciences,article,en,journal,closed,0.998199999332428,3,2,3,2,93,3690.0,,0.66229017,21,0,0,0,0,0,1,0,0,0,0,8.0,0.46520625427365303,0.9477468729019165,0,0,0,17,0,4.0,10.0,3.3333333333333335,3.3333333333333335,3,5,8,8
W4205896664,2022,2022-01-17,Forests,middle,Forestry,Agricultural and Biological Sciences,Life Sciences,article,en,journal,gold,0.9990000128746032,5,1,5,3,55,2165.0,2165.0,0.98841144,21,1,1,1,1,0,1,0,0,0,1,11.0,0.44943666187199677,0.6690682172775269,0,0,0,8,206,9.0,16.0,5.333333333333333,5.333333333333333,3,8,11,11
W2800162358,2018,2018-04-19,International Journal of Pest Management,middle,Insect Science,Agricultural and Biological Sciences,Life Sciences,article,en,journal,closed,0.99099999666214,5,2,5,1,18,,,0.67113035,19,0,0,0,0,0,1,0,1,0,0,11.0,0.45598126270554284,0.758756160736084,1,0,0,12,195,1.0,2.0,0.6666666666666666,0.6666666666666666,1,1,2,2
W2911705781,2019,2019-02-06,Journal of Plant Growth Regulation,last,Complementary and alternative medicine,Medicine,Health Sciences,article,en,journal,closed,0.997099995613098,4,2,4,1,35,3490.0,,0.88312726,19,0,0,0,0,0,1,0,1,0,0,16.0,0.48127367347478867,0.9194746613502502,1,0,0,20,0,2.0,3.0,1.0,1.0,0,2,2,2
W4382536746,2023,2023-06-29,International Journal of Pest Management,last,Insect Science,Agricultural and Biological Sciences,Life Sciences,article,en,journal,closed,0.9785000085830688,3,2,3,1,35,,,0.95053856,17,0,0,0,0,0,1,0,0,0,1,13.0,0.3663402749941899,0.7086681723594666,0,0,0,17,278,5.0,17.0,5.666666666666667,5.666666666666667,2,11,13,13
W4401429790,2024,2024-08-08,Pest Management Science,middle,Plant Science,Agricultural and Biological Sciences,Life Sciences,article,en,journal,closed,0.9976999759674072,3,2,3,2,69,5100.0,,0.97818274,16,0,0,0,0,0,1,0,0,0,1,11.0,0.4158382036469199,0.8698805570602417,0,1,0,16,59,14.0,16.0,5.333333333333333,5.333333333333333,8,8,16,16
W2801896212,2018,2018-04-24,The Science of The Total Environment,last,Insect Science,Agricultural and Biological Sciences,Life Sciences,article,en,journal,closed,1.0,8,3,8,2,99,3870.0,,0.89052194,15,0,0,0,0,0,1,0,1,0,0,10.0,0.38502818048000337,0.6674842834472656,1,0,0,22,0,7.0,10.0,3.3333333333333335,3.3333333333333335,3,4,7,7
W4319459548,2023,2023-02-08,Environmental Science and Pollution Research,middle,Pollution,Environmental Science,Physical Sciences,article,en,journal,closed,0.9994999766349792,8,3,8,2,57,3690.0,,0.7188133,15,0,0,0,0,0,1,0,0,0,0,19.0,0.372624452176847,0.7242648601531982,1,0,0,20,0,8.0,15.0,5.0,5.0,5,4,9,9
W3166420679,2021,2021-06-14,SOIL,middle,Environmental Engineering,Environmental Science,Physical Sciences,article,en,journal,gold,0.9991999864578248,7,1,7,3,110,1110.0,1110.0,1.0,1945,1,1,1,1,1,1,1,1,1,1,18.0,0.42923779951201546,0.6284831166267395,1,3,0,12,179,302.0,646.0,215.33333333333334,215.33333333333334,134,310,444,444
W2969592549,2019,2019-08-30,Global Change Biology,middle,Soil Science,Agricultural and Biological Sciences,Life Sciences,review,en,journal,hybrid,0.9954000115394592,18,10,18,12,208,4120.0,4120.0,0.99962202,715,1,1,1,0,0,1,1,0,1,1,21.0,0.4169025988805862,0.8027010560035706,0,0,0,22,250,42.0,138.0,46.0,46.0,28,70,98,98
W2807448259,2018,2018-05-30,Agriculture Ecosystems & Environment,middle,Soil Science,Agricultural and Biological Sciences,Life Sciences,review,en,journal,hybrid,0.9995999932289124,15,7,15,2,62,3690.0,3690.0,0.99881401,446,1,1,1,0,0,1,1,0,1,1,17.0,0.4392268517438103,0.8425071835517883,1,3,0,17,369,29.0,83.0,27.666666666666668,27.666666666666668,7,46,53,53
W2974097001,2020,2020-02-10,Earth system science data,first,Environmental Engineering,Environmental Science,Physical Sciences,article,en,journal,gold,0.9991999864578248,3,1,3,3,43,1509.0,1509.0,0.99778263,363,1,1,1,1,1,1,1,1,1,1,21.0,0.4214601573489961,0.709561288356781,1,0,0,13,415,53.0,131.0,43.666666666666664,43.666666666666664,17,46,63,63
W3028476056,2020,2020-05-20,European Journal of Soil Science,middle,Environmental Engineering,Environmental Science,Physical Sciences,article,en,journal,hybrid,0.9986000061035156,11,5,11,3,59,4400.0,4400.0,0.98505004,198,1,1,1,0,0,1,1,0,0,1,14.0,0.4380120762756893,0.6874454021453857,1,3,0,12,407,28.0,56.0,18.666666666666668,18.666666666666668,10,31,41,41
W3104274306,2020,2020-11-09,,middle,Environmental Engineering,Environmental Science,Physical Sciences,article,en,,gold,0.9957000017166138,7,1,7,1,88,,,0.97921463,101,1,0,1,0,0,0,0,0,0,1,19.0,0.43366921261737224,0.6280423402786255,1,0,0,8,185,16.0,53.0,17.666666666666668,17.666666666666668,12,36,48,48
W2898882281,2018,2018-10-30,Land Degradation and Development,first,Soil Science,Agricultural and Biological Sciences,Life Sciences,article,en,journal,green,0.9987000226974488,1,1,1,2,62,4740.0,,0.94370791,63,1,1,0,0,0,1,1,1,0,1,23.0,0.40176756096922833,0.7808489203453064,0,2,0,11,266,3.0,12.0,4.0,4.0,3,8,11,11
W4293577608,2022,2022-08-28,International Soil and Water Conservation Research,middle,Civil and Structural Engineering,Engineering,Physical Sciences,article,en,journal,diamond,0.9998000264167786,7,2,7,6,77,,,0.97025116,61,1,1,1,1,1,1,1,0,0,1,22.0,0.39130502397363837,0.6890435218811035,1,0,0,18,250,2.0,25.0,8.333333333333334,8.333333333333334,1,18,19,19
W4403649905,2024,2024-10-22,Earth system science data,first,Environmental Engineering,Environmental Science,Physical Sciences,article,en,journal,gold,0.9991000294685364,3,1,3,3,70,1509.0,1509.0,0.98952293,47,1,1,1,1,1,1,1,1,0,1,5.0,0.5157380878925324,0.8694692850112915,1,0,0,15,525,38.0,47.0,15.666666666666666,15.666666666666666,28,18,46,46
W4403231445,2024,2024-10-08,Carbon Management,first,Soil Science,Agricultural and Biological Sciences,Life Sciences,article,en,journal,gold,0.9926000237464904,8,4,8,5,196,1590.0,1590.0,0.94981835,15,1,1,1,1,1,1,1,1,0,1,15.0,0.3564365327358246,0.6229148507118225,0,0,0,17,2,8.0,15.0,5.0,5.0,5,10,15,15
W4391423483,2024,2024-02-01,Geoderma,middle,Environmental Engineering,Environmental Science,Physical Sciences,article,en,journal,gold,0.9983999729156494,4,1,4,3,56,2800.0,2800.0,0.90033868,14,1,1,1,1,1,1,1,0,0,1,13.0,0.36525920262703526,0.9285855293273926,1,3,0,18,340,11.0,14.0,4.666666666666667,4.666666666666667,6,6,12,12
W2795092029,2018,2018-03-27,Journal of Earth System Science,last,Civil and Structural Engineering,Engineering,Physical Sciences,article,en,journal,closed,0.9991999864578248,7,2,7,2,40,,,0.95921401,55,0,0,0,0,0,1,0,0,0,1,14.0,0.5017602273396083,0.9541061520576477,1,1,0,19,0,9.0,14.0,4.666666666666667,4.666666666666667,5,5,10,10
W2972577164,2019,2019-09-08,Progress in Physical Geography Earth and Environment,middle,Ecology,Environmental Science,Physical Sciences,article,en,journal,green,0.9987000226974488,15,6,15,5,50,,,0.95477025,49,1,1,0,0,0,1,1,0,0,1,9.0,0.392574710978402,0.7330873608589172,1,3,0,11,193,6.0,17.0,5.666666666666667,5.666666666666667,4,10,14,14
W3168985624,2021,2021-06-14,European Journal of Soil Science,middle,Environmental Engineering,Environmental Science,Physical Sciences,article,en,journal,hybrid,0.9966999888420104,4,1,4,2,37,4400.0,4400.0,0.88297341,38,1,1,1,0,0,1,0,0,0,0,13.0,0.4600041233576261,0.7159919142723083,1,0,0,10,332,11.0,16.0,5.333333333333333,5.333333333333333,5,8,13,13
W4249841823,2019,2019-09-16,,first,Environmental Engineering,Environmental Science,Physical Sciences,preprint,en,,gold,0.9976000189781188,3,1,3,1,9,,,0.844793,21,1,0,1,0,0,0,1,1,0,0,20.0,0.43072928488254547,0.6966981887817383,1,0,0,13,399,5.0,11.0,3.6666666666666665,3.6666666666666665,4,1,5,5
W3094107855,2020,2020-03-09,,middle,Environmental Engineering,Environmental Science,Physical Sciences,article,en,,gold,0.993499994277954,11,4,11,1,0,,,0.75385064,13,1,0,1,0,0,0,0,1,0,0,12.0,0.4045165479183197,0.7123871445655823,1,0,0,9,387,8.0,11.0,3.6666666666666665,3.6666666666666665,2,7,9,9
W3134843510,2021,2021-03-03,,middle,Environmental Engineering,Environmental Science,Physical Sciences,article,en,,gold,0.977299988269806,4,1,4,1,0,,,0.71027948,11,1,0,1,0,0,0,0,1,0,0,9.0,0.36577757861879134,0.43243178725242615,1,0,0,10,496,9.0,10.0,3.3333333333333335,3.3333333333333335,6,4,10,10
W4393232397,2024,2024-03-27,,first,Environmental Engineering,Environmental Science,Physical Sciences,preprint,en,,gold,0.8998000025749207,3,1,3,1,50,,,0.71038618,5,1,0,1,0,0,0,1,1,0,0,9.0,0.37082239654329086,0.8818868398666382,1,0,0,15,508,5.0,5.0,1.6666666666666667,1.6666666666666667,4,1,5,5
W4243736153,2020,2020-11-09,,middle,Environmental Engineering,Environmental Science,Physical Sciences,preprint,en,,closed,0.9175999760627748,7,0,7,1,0,,,0.23864446,3,0,0,0,0,0,0,0,0,0,0,3.0,0.3090554177761078,0.6988115906715393,0,0,0,11,0,0.0,0.0,0.0,0.0,0,0,0,0
W3138571393,2019,2019-04-01,Socio-Environmental Systems Modeling,middle,Atmospheric Science,Earth and Planetary Sciences,Physical Sciences,article,en,journal,green,0.4726999998092651,11,0,11,2,0,,,0.55450916,1,1,1,1,1,0,1,1,0,0,0,8.0,0.38126229867339134,0.6909400224685669,1,0,0,14,0,1.0,1.0,0.3333333333333333,0.3333333333333333,1,0,1,1
W2989690973,2019,2019-09-03,Socio-Environmental Systems Modeling,first,Environmental Engineering,Environmental Science,Physical Sciences,article,en,journal,green,0.9936000108718872,3,1,3,3,0,,,,6,1,1,1,1,0,1,0,1,0,0,19.0,0.43800206403983266,0.674390435218811,1,0,0,5,161,1.0,2.0,0.6666666666666666,0.6666666666666666,1,1,2,2
W4387294662,2024,2024-09-16,HAL (Le Centre pour la Communication Scientifique Directe),first,Materials Chemistry,Materials Science,Physical Sciences,preprint,en,repository,green,0.6394000053405762,8,4,8,3,0,,,,2,1,1,1,0,0,0,0,1,0,0,10.0,0.31834481954574584,0.534166157245636,1,0,0,19,94,2.0,2.0,0.6666666666666666,0.6666666666666666,1,1,2,2
W1566569107,2022,2022-01-21,Espaço e Geografia,middle,Water Science and Technology,Environmental Science,Physical Sciences,article,pt,journal,diamond,0.2416000068187713,4,1,4,1,0,,,0.37878788,7,1,0,1,1,0,0,1,0,0,0,3.0,0.27253270149230957,0.3568944036960602,0,0,0,17,353,1.0,1.0,0.3333333333333333,0.3333333333333333,1,0,1,1
W2792620322,2018,2018-02-08,Communications in Soil Science and Plant Analysis,first,Plant Science,Agricultural and Biological Sciences,Life Sciences,article,en,journal,closed,0.9994999766349792,2,1,2,1,30,,,0.79224868,3,0,0,0,0,0,1,0,0,0,0,13.0,0.4712062615614671,0.7270452976226807,1,0,0,9,229,1.0,2.0,0.6666666666666666,0.6666666666666666,0,1,1,1
W4394506950,2022,2022-01-01,Figshare,middle,Plant Science,Agricultural and Biological Sciences,Life Sciences,dataset,en,repository,green,0.6488000154495239,4,0,4,1,0,,,,0,1,1,1,0,0,0,0,0,0,0,11.0,0.43429927934299817,0.7625035047531128,0,0,0,15,191,0.0,0.0,0.0,0.0,0,0,0,0
W3129092892,2021,2021-01-28,Agriculture Ecosystems & Environment,middle,Pollution,Environmental Science,Physical Sciences,article,en,journal,closed,0.9990000128746032,10,2,10,1,67,3690.0,,0.8819172,54,0,0,0,0,0,1,0,0,0,0,13.0,0.5245786148768204,0.6576223969459534,1,0,0,21,0,19.0,32.0,10.666666666666666,10.666666666666666,10,9,19,19
W3092357636,2020,2020-10-11,Soil Biology and Biochemistry,last,Soil Science,Agricultural and Biological Sciences,Life Sciences,article,en,journal,closed,0.9983000159263612,7,2,7,1,116,4520.0,,0.99522,235,0,0,0,0,0,1,0,0,1,1,21.0,0.43630666392190115,0.734687089920044,1,2,0,17,0,15.0,55.0,18.333333333333332,18.333333333333332,7,40,47,47
W4387782520,2023,2023-10-19,Nature Communications,first,Soil Science,Agricultural and Biological Sciences,Life Sciences,article,en,journal,gold,0.9993000030517578,30,17,30,14,58,4808.0,4808.0,0.9987292,174,1,1,1,1,1,1,1,1,1,1,16.0,0.42134314589202404,0.7490355968475342,1,0,0,12,160,47.0,151.0,50.333333333333336,50.333333333333336,31,91,122,122
W2883365843,2018,2018-07-19,CATENA,middle,"Ecology, Evolution, Behavior and Systematics",Agricultural and Biological Sciences,Life Sciences,article,en,journal,green,0.9998999834060668,42,2,42,4,119,3580.0,,0.9949833,158,1,1,0,0,0,1,0,0,1,1,23.0,0.4386699147846388,0.8111458420753479,1,0,0,25,0,12.0,34.0,11.333333333333334,11.333333333333334,6,19,25,25
W3025185077,2020,2020-05-12,Global Change Biology,first,Ecology,Environmental Science,Physical Sciences,article,en,journal,hybrid,0.9968000054359436,1,1,1,3,74,4120.0,4120.0,0.99225133,138,1,1,1,0,0,1,0,1,1,1,15.0,0.48540331721305846,0.7643656730651855,1,1,0,13,286,24.0,52.0,17.333333333333332,17.333333333333332,9,32,41,41
W3005085880,2020,2020-02-05,Ecology,last,Plant Science,Agricultural and Biological Sciences,Life Sciences,article,en,journal,hybrid,0.9977999925613404,5,2,5,4,69,3600.0,3600.0,0.98858525,135,1,1,1,0,0,1,1,0,0,1,12.0,0.4394678324460983,0.854713499546051,0,0,0,14,300,19.0,37.0,12.333333333333334,12.333333333333334,4,16,20,20
W2809515086,2018,2018-06-18,CATENA,middle,Atmospheric Science,Earth and Planetary Sciences,Physical Sciences,article,en,journal,green,0.9994000196456908,31,2,31,6,145,3580.0,,0.97616163,134,1,1,0,0,0,1,0,0,0,1,19.0,0.4480974846764615,0.789016604423523,1,0,0,19,0,12.0,26.0,8.666666666666666,8.666666666666666,10,10,20,20
W2945245214,2019,2019-05-22,Soil Biology and Biochemistry,last,Soil Science,Agricultural and Biological Sciences,Life Sciences,article,en,journal,closed,0.9995999932289124,7,2,7,2,98,4520.0,,0.9878182,127,0,0,0,0,0,1,0,0,0,1,19.0,0.4564988252363707,0.6089726686477661,1,1,0,21,0,12.0,32.0,10.666666666666666,10.666666666666666,5,16,21,21
W3015507228,2020,2020-04-11,Soil Biology and Biochemistry,last,Soil Science,Agricultural and Biological Sciences,Life Sciences,article,en,journal,closed,0.9998000264167786,9,4,9,1,105,4520.0,,0.98416779,123,0,0,0,0,0,1,0,1,0,1,22.0,0.4773482788692821,0.7391470670700073,1,0,0,13,0,20.0,43.0,14.333333333333334,14.333333333333334,9,18,27,27
W2991397787,2019,2019-11-26,Frontiers in Environmental Science,last,Soil Science,Agricultural and Biological Sciences,Life Sciences,article,en,journal,gold,0.9991999864578248,11,4,11,5,81,2490.0,2210.0,0.98156159,119,1,1,1,1,1,1,0,1,0,1,13.0,0.47945178013581496,0.648971438407898,0,2,0,16,278,6.0,25.0,8.333333333333334,8.333333333333334,6,19,25,25
W2903967258,2018,2018-12-18,Soil Biology and Biochemistry,first,Environmental Chemistry,Environmental Science,Physical Sciences,article,en,journal,closed,0.9990000128746032,2,1,2,1,44,4520.0,,0.93113076,113,0,0,0,0,0,1,0,1,0,1,13.0,0.38265496492385864,0.6888223886489868,1,1,0,18,0,1.0,9.0,3.0,3.0,1,8,9,9
W3001460233,2020,2020-01-23,Biogeochemistry,first,Environmental Chemistry,Environmental Science,Physical Sciences,article,en,journal,hybrid,0.9998000264167786,1,1,1,5,79,3290.0,3290.0,0.97981691,94,1,1,1,0,0,1,1,1,0,1,16.0,0.4428230356425047,0.8445465564727783,1,1,0,10,279,23.0,44.0,14.666666666666666,14.666666666666666,8,19,27,27
W3002296830,2020,2020-01-27,Soil Biology and Biochemistry,last,Biomaterials,Materials Science,Physical Sciences,article,en,journal,closed,0.9987000226974488,3,1,3,2,51,4520.0,,0.95490724,90,0,0,0,0,0,1,0,1,0,1,18.0,0.43964985178576577,0.6604994535446167,1,1,0,17,0,22.0,40.0,13.333333333333334,13.333333333333334,5,20,25,25
W3193538315,2021,2021-08-20,Geoderma,first,Environmental Chemistry,Environmental Science,Physical Sciences,article,en,journal,hybrid,0.9994000196456908,5,5,5,2,77,2800.0,2800.0,0.96839464,87,1,1,1,0,1,1,1,1,0,1,17.0,0.5239031227195964,0.8126699328422546,1,1,0,12,368,10.0,25.0,8.333333333333334,8.333333333333334,6,12,18,18
W3135018621,2021,2021-03-06,Global Change Biology,middle,Nature and Landscape Conservation,Environmental Science,Physical Sciences,article,en,journal,bronze,0.9998000264167786,34,11,34,9,84,4120.0,,0.99648833,86,1,1,1,0,0,1,1,0,1,1,15.0,0.5321970582008362,0.8929986953735352,1,0,0,9,154,18.0,37.0,12.333333333333334,12.333333333333334,7,17,24,24
W3127334485,2021,2021-02-08,Soil Biology and Biochemistry,last,Soil Science,Agricultural and Biological Sciences,Life Sciences,article,en,journal,closed,0.9995999932289124,9,5,9,2,92,4520.0,,0.98190065,79,0,0,0,0,0,1,0,0,0,1,19.0,0.49954507225438166,0.7888050079345703,1,0,0,12,0,30.0,42.0,14.0,14.0,9,23,32,32
W2895888243,2018,2018-10-20,Biogeochemistry,last,Soil Science,Agricultural and Biological Sciences,Life Sciences,article,en,journal,closed,0.9993000030517578,8,4,8,3,108,3290.0,,0.93609598,75,0,0,0,0,0,1,0,0,0,1,22.0,0.42742957174777985,0.744887113571167,1,2,0,15,0,5.0,9.0,3.0,3.0,2,7,9,9
W3093054700,2020,2020-10-16,Soil Biology and Biochemistry,last,Geochemistry and Petrology,Earth and Planetary Sciences,Physical Sciences,article,en,journal,hybrid,0.9995999932289124,3,2,3,3,112,4520.0,4520.0,0.97631992,74,1,0,1,0,0,1,0,1,0,1,14.0,0.45459337532520294,0.7511379718780518,1,0,0,19,292,11.0,32.0,10.666666666666666,10.666666666666666,11,17,28,28
W4394782964,2024,2024-04-13,Soil Biology and Biochemistry,first,Environmental Chemistry,Environmental Science,Physical Sciences,review,en,journal,hybrid,0.9991999864578248,1,1,1,2,104,4520.0,4520.0,0.99764029,72,1,1,1,0,0,1,1,1,1,1,14.0,0.4826791286468506,0.703615665435791,1,3,0,14,184,53.0,72.0,24.0,24.0,20,49,69,69
W2991107927,2019,2019-11-27,Global Change Biology,first,Soil Science,Agricultural and Biological Sciences,Life Sciences,article,en,journal,hybrid,0.9980000257492064,5,1,5,5,45,4120.0,4120.0,0.92229829,66,1,1,1,0,0,1,1,1,0,1,13.0,0.44716949646289533,0.7366755604743958,1,2,0,12,263,1.0,6.0,2.0,2.0,1,4,5,5
W3167308845,2021,2021-06-11,Frontiers in Forests and Global Change,middle,Soil Science,Agricultural and Biological Sciences,Life Sciences,article,en,journal,gold,0.9965999722480774,4,1,4,3,70,1150.0,1150.0,0.97120955,65,1,1,1,1,1,1,0,0,0,1,17.0,0.48411869301515464,0.9520372152328491,1,2,0,9,285,17.0,31.0,10.333333333333334,10.333333333333334,7,13,20,20
W2943628665,2019,2019-05-02,CATENA,last,Environmental Chemistry,Environmental Science,Physical Sciences,article,en,journal,closed,0.9995999932289124,2,1,2,2,47,3580.0,,0.94970297,59,0,0,0,0,0,1,0,1,0,1,18.0,0.410852837893698,0.7357161641120911,1,2,0,17,0,9.0,16.0,5.333333333333333,5.333333333333333,5,6,11,11
W4308454272,2022,2022-11-07,Soil Biology and Biochemistry,first,Soil Science,Agricultural and Biological Sciences,Life Sciences,article,en,journal,hybrid,0.9979000091552734,2,2,2,2,54,4520.0,4520.0,0.96525936,49,1,1,1,0,0,1,1,1,0,1,17.0,0.4977904803612653,0.8140770196914673,1,1,0,14,296,9.0,20.0,6.666666666666667,6.666666666666667,8,11,19,19
W3014308432,2020,2020-04-04,Geoderma,last,Soil Science,Agricultural and Biological Sciences,Life Sciences,article,en,journal,closed,0.9975000023841858,4,1,4,2,86,2800.0,,0.92319621,44,0,0,0,0,1,1,0,1,0,1,14.0,0.4560185308967318,0.9320028424263,1,1,0,11,0,10.0,15.0,5.0,5.0,6,5,11,11
W3198294246,2021,2021-09-06,Geoderma,last,Environmental Chemistry,Environmental Science,Physical Sciences,article,en,journal,hybrid,0.9976000189781188,4,2,4,3,64,2800.0,2800.0,0.90766765,41,1,1,1,0,1,1,1,1,0,1,14.0,0.5155485378844398,0.9046473503112793,1,1,0,13,287,5.0,12.0,4.0,4.0,3,8,11,11
W2964654484,2019,2019-08-01,Plant and Soil,last,Plant Science,Agricultural and Biological Sciences,Life Sciences,article,en,journal,closed,0.9998000264167786,6,2,6,3,54,4390.0,,0.94004021,35,0,0,0,0,0,1,0,0,0,1,16.0,0.413079334422946,0.9731109142303467,1,1,0,14,0,3.0,6.0,2.0,2.0,3,2,5,5
W4389695050,2023,2023-12-13,Geoderma,first,Soil Science,Agricultural and Biological Sciences,Life Sciences,article,en,journal,gold,0.9995999932289124,2,1,2,3,67,2800.0,2800.0,0.96788219,34,1,1,1,1,1,1,1,1,0,1,10.0,0.5191335678100586,0.858421802520752,1,1,0,20,372,10.0,31.0,10.333333333333334,10.333333333333334,9,21,30,30
W4226210169,2022,2022-04-22,Biogeosciences,first,Soil Science,Agricultural and Biological Sciences,Life Sciences,article,en,journal,gold,0.9995999932289124,2,1,2,2,69,1628.0,1670.0,0.93631104,33,1,1,1,1,1,1,0,1,0,1,17.0,0.4114209904390223,0.722192645072937,1,1,0,22,424,10.0,24.0,8.0,8.0,5,12,17,17
W4282958838,2022,2022-06-15,Plant and Soil,last,Plant Science,Agricultural and Biological Sciences,Life Sciences,article,en,journal,hybrid,0.9991999864578248,24,11,24,9,48,4390.0,4390.0,0.95345479,30,1,1,1,0,0,1,1,0,0,1,16.0,0.49944897927343845,0.7698723077774048,1,0,0,20,213,10.0,18.0,6.0,6.0,7,8,15,15
W4384071941,2023,2023-07-12,Communications Earth & Environment,first,Soil Science,Agricultural and Biological Sciences,Life Sciences,article,en,journal,gold,0.9997000098228456,3,2,3,3,53,2440.0,2440.0,0.94564994,25,1,1,1,1,1,1,1,1,0,1,14.0,0.47291536203452517,0.710282027721405,1,0,0,15,211,7.0,21.0,7.0,7.0,4,10,14,14
W4379057308,2023,2023-06-01,Plant and Soil,last,Soil Science,Agricultural and Biological Sciences,Life Sciences,article,en,journal,hybrid,0.9994000196456908,9,6,9,2,46,4390.0,4390.0,0.89792153,16,1,1,1,0,0,1,1,0,0,0,13.0,0.5252501781170185,0.7932116985321045,1,5,0,22,246,5.0,12.0,4.0,4.0,1,6,7,7
W4409357555,2025,2025-04-11,Proceedings of the National Academy of Sciences,middle,Soil Science,Agricultural and Biological Sciences,Life Sciences,article,en,journal,hybrid,0.9991999864578248,51,20,51,11,93,,,0.98366899,10,1,1,1,0,0,1,1,0,0,1,12.0,0.5039920409520467,0.8359653949737549,1,0,0,9,244,10.0,10.0,3.3333333333333335,3.3333333333333335,10,0,10,10
W4410325138,2025,2025-05-13,Nature Ecology & Evolution,middle,Nature and Landscape Conservation,Environmental Science,Physical Sciences,article,en,journal,closed,0.9994000196456908,35,12,35,5,68,11690.0,,0.99622808,10,0,0,0,0,0,1,0,0,1,1,9.0,0.5181359814272987,0.8871402740478516,0,0,0,10,0,10.0,10.0,3.3333333333333335,3.3333333333333335,10,0,10,10
W3006315066,2020,2020-02-12,Geoderma,first,Plant Science,Agricultural and Biological Sciences,Life Sciences,article,en,journal,closed,0.9914000034332277,6,2,6,1,77,2800.0,,0.94936053,31,0,0,0,0,1,1,0,1,0,1,14.0,0.44749702300344196,0.9930438995361328,1,1,0,12,0,9.0,20.0,6.666666666666667,6.666666666666667,4,5,9,9
W3207567100,2021,2021-10-04,Geoderma,middle,Industrial and Manufacturing Engineering,Environmental Science,Physical Sciences,article,en,journal,hybrid,0.9972000122070312,7,3,7,2,93,2800.0,2800.0,0.91436395,26,1,1,1,0,1,1,1,0,0,1,16.0,0.45750599540770054,0.787397027015686,1,0,0,13,359,15.0,18.0,6.0,6.0,13,4,17,17
W3016704084,2020,2020-04-13,Journal of Plant Nutrition and Soil Science,last,Plant Science,Agricultural and Biological Sciences,Life Sciences,article,en,journal,closed,0.9998999834060668,5,1,5,1,40,3660.0,,0.93637137,24,0,0,0,0,0,1,0,0,0,1,13.0,0.47382327226492077,0.970829427242279,1,2,0,9,239,10.0,13.0,4.333333333333333,4.333333333333333,4,6,10,10
W4282584385,2022,2022-06-13,Geoderma,last,Soil Science,Agricultural and Biological Sciences,Life Sciences,article,en,journal,hybrid,0.9994000196456908,3,2,3,2,39,2800.0,2800.0,0.89943041,22,1,0,1,0,1,1,0,1,0,0,13.0,0.4497951819346501,0.8152084946632385,1,1,0,17,420,10.0,18.0,6.0,6.0,8,6,14,14
W4288452502,2022,2022-07-26,Journal of soil science and plant nutrition,last,Agronomy and Crop Science,Agricultural and Biological Sciences,Life Sciences,article,en,journal,hybrid,1.0,2,2,2,3,79,2990.0,2990.0,0.94963853,22,1,1,1,0,0,1,1,0,0,1,14.0,0.5729034926210131,0.9601887464523315,1,2,0,17,258,7.0,15.0,5.0,5.0,4,9,13,13
W2804798431,2018,2018-05-26,Biogeochemistry,first,Pollution,Environmental Science,Physical Sciences,article,en,journal,closed,0.9861000180244446,2,1,2,3,33,3290.0,,0.79536496,20,0,0,0,0,0,1,0,1,0,0,13.0,0.44784664649229783,0.7506841421127319,1,1,0,8,0,7.0,15.0,5.0,5.0,5,7,12,12
W3201458092,2021,2021-09-22,Journal of Plant Nutrition and Soil Science,last,Agronomy and Crop Science,Agricultural and Biological Sciences,Life Sciences,article,en,journal,hybrid,1.0,2,2,2,3,40,3660.0,3660.0,0.8968717,19,1,1,1,0,0,1,1,0,0,0,12.0,0.5528104603290558,0.9758327007293701,1,2,0,12,243,6.0,6.0,2.0,2.0,6,0,6,6
W3174253403,2021,2021-06-29,Frontiers in Forests and Global Change,middle,Plant Science,Agricultural and Biological Sciences,Life Sciences,article,en,journal,gold,0.9864000082015992,9,2,9,6,62,1150.0,1150.0,0.84680934,14,1,1,1,1,1,1,1,0,0,0,15.0,0.500006761153539,0.8564009070396423,1,1,0,21,320,3.0,5.0,1.6666666666666667,1.6666666666666667,2,2,4,4
W4321458544,2023,2023-02-21,Biogeosciences,last,Ecology,Environmental Science,Physical Sciences,article,en,journal,gold,0.9994999766349792,3,2,3,2,58,1628.0,1432.0,0.90962894,13,1,1,1,1,1,1,1,1,0,1,18.0,0.4212736321820153,0.7484962940216064,1,2,0,12,276,7.0,11.0,3.6666666666666665,3.6666666666666665,3,5,8,8
W4386541586,2023,2023-09-08,Soil Biology and Biochemistry,middle,Soil Science,Agricultural and Biological Sciences,Life Sciences,article,en,journal,hybrid,0.998199999332428,10,2,10,2,63,4520.0,4520.0,0.86574017,12,1,1,1,0,0,1,0,0,0,0,9.0,0.4965011841721005,0.8079291582107544,1,0,0,22,300,4.0,10.0,3.3333333333333335,3.3333333333333335,3,3,6,6
W4288535917,2022,2022-07-29,Journal of Sustainable Agriculture and Environment,last,Agronomy and Crop Science,Agricultural and Biological Sciences,Life Sciences,article,en,journal,gold,0.9998999834060668,3,2,3,4,47,2200.0,1847.0,0.868194,11,1,1,1,1,1,1,1,0,0,0,11.0,0.5766697471792047,0.9646661281585693,1,2,0,13,253,3.0,4.0,1.3333333333333333,1.3333333333333333,1,2,3,3
W3199618134,2021,2021-09-20,Biogeochemistry,first,Nature and Landscape Conservation,Environmental Science,Physical Sciences,article,en,journal,hybrid,0.9977999925613404,9,5,9,6,181,3290.0,3290.0,0.77945328,9,1,1,1,0,0,1,1,1,0,0,9.0,0.48318154944313896,0.883429765701294,1,2,0,10,173,2.0,3.0,1.0,1.0,1,2,3,3
W4402657645,2024,2024-09-19,Plant and Soil,first,Plant Science,Agricultural and Biological Sciences,Life Sciences,article,en,journal,hybrid,0.984499990940094,1,1,1,2,37,4390.0,4390.0,0.94386473,8,1,1,1,0,0,1,1,1,0,1,10.0,0.4258164674043655,0.7517911195755005,0,0,0,16,250,6.0,8.0,2.6666666666666665,2.6666666666666665,4,4,8,8
W4406630120,2025,2025-01-21,Communications Biology,first,Nature and Landscape Conservation,Environmental Science,Physical Sciences,article,en,journal,gold,0.9990000128746032,28,12,28,9,59,2890.0,2890.0,0.99246161,8,1,1,1,1,1,1,1,1,1,1,20.0,0.47106668800115586,0.8623261451721191,1,1,0,15,160,8.0,8.0,2.6666666666666665,2.6666666666666665,5,1,6,6
W4381889690,2023,2023-06-24,Biogeochemistry,first,Soil Science,Agricultural and Biological Sciences,Life Sciences,article,en,journal,hybrid,0.9997000098228456,2,1,2,2,36,3290.0,3290.0,0.78986013,7,1,1,1,0,0,1,1,1,0,0,20.0,0.4175925001502037,0.8347058892250061,1,2,0,17,315,5.0,6.0,2.0,2.0,4,1,5,5
W4405063181,2024,2024-12-05,Geoderma,last,Soil Science,Agricultural and Biological Sciences,Life Sciences,article,en,journal,gold,0.9983000159263612,2,0,2,2,57,2800.0,2800.0,0.78725907,3,1,1,1,1,1,1,0,0,0,0,14.0,0.37277811978544506,0.7525984644889832,0,0,0,17,306,2.0,3.0,1.0,1.0,1,2,3,3
W4412071411,2025,2025-07-07,Soil Biology and Biochemistry,last,Industrial and Manufacturing Engineering,Environmental Science,Physical Sciences,article,en,journal,hybrid,0.9980000257492064,2,1,2,2,65,4520.0,4520.0,0.86540915,2,1,0,1,0,0,1,0,0,0,0,13.0,0.4451544536994054,0.6328420639038086,1,1,0,18,317,2.0,2.0,0.6666666666666666,0.6666666666666666,2,0,2,2
W4415686984,2025,2025-10-30,European Journal of Soil Science,last,Industrial and Manufacturing Engineering,Environmental Science,Physical Sciences,article,en,journal,hybrid,0.399399995803833,2,1,2,2,66,4400.0,4400.0,0.81934573,1,1,1,1,0,0,1,1,1,0,0,7.0,0.5625714361667633,0.8073999881744385,0,0,0,12,293,1.0,1.0,0.3333333333333333,0.3333333333333333,1,0,1,1
W3047789488,2020,2020-08-07,Frontiers in Forests and Global Change,middle,Soil Science,Agricultural and Biological Sciences,Life Sciences,article,en,journal,gold,0.9977999925613404,8,1,8,2,51,1150.0,1155.0,0.81464251,13,1,1,1,1,1,1,1,0,0,0,18.0,0.48353158599800533,0.8644629716873169,1,0,0,14,270,2.0,6.0,2.0,2.0,0,5,5,5
W3089238787,2020,2020-09-25,Frontiers in Forests and Global Change,middle,Soil Science,Agricultural and Biological Sciences,Life Sciences,article,en,journal,gold,0.9972000122070312,4,2,4,5,90,1150.0,1150.0,0.82825892,13,1,1,1,1,1,1,1,0,0,0,11.0,0.5743405358357863,0.9297505617141724,2,3,0,23,350,2.0,7.0,2.3333333333333335,2.3333333333333335,1,4,5,5
W3196997589,2021,2021-09-08,Biogeochemistry,first,Civil and Structural Engineering,Engineering,Physical Sciences,article,en,journal,hybrid,0.9987999796867372,2,2,2,2,60,3290.0,3290.0,0.78730137,11,1,0,1,0,0,1,1,1,0,0,9.0,0.4971698224544525,0.9615387916564941,1,2,0,12,349,5.0,8.0,2.6666666666666665,2.6666666666666665,2,5,7,7
W4296480766,2022,2022-09-21,Nutrient Cycling in Agroecosystems,last,Plant Science,Agricultural and Biological Sciences,Life Sciences,article,en,journal,hybrid,0.9990000128746032,3,2,3,3,77,3490.0,3490.0,0.86286391,10,1,1,1,0,0,1,1,0,0,0,15.0,0.4635236660639445,0.7478410005569458,1,2,0,11,256,4.0,7.0,2.3333333333333335,2.3333333333333335,3,3,6,6
W2893927890,2018,2018-09-27,Soil Biology and Biochemistry,last,Soil Science,Agricultural and Biological Sciences,Life Sciences,erratum,en,journal,closed,0.7050999999046326,3,1,3,1,0,4520.0,,0.11179214,9,0,0,0,0,0,1,0,1,0,0,12.0,0.41677236557006836,0.7196805477142334,1,0,0,23,0,0.0,0.0,0.0,0.0,0,0,0,0
W4281747699,2022,2022-05-26,Soil Biology and Biochemistry,last,Soil Science,Agricultural and Biological Sciences,Life Sciences,article,en,journal,hybrid,0.9998000264167786,2,2,2,1,50,4520.0,4520.0,0.74570701,8,1,0,1,0,0,1,0,1,0,0,20.0,0.44197354167699815,0.7884175777435303,0,1,0,9,377,2.0,4.0,1.3333333333333333,1.3333333333333333,1,1,2,2
W4411250269,2025,2025-06-12,Functional Ecology,middle,Insect Science,Agricultural and Biological Sciences,Life Sciences,article,en,journal,gold,0.9994000196456908,7,2,7,3,103,3400.0,3400.0,0.8997537,2,1,0,1,1,1,1,1,0,0,0,7.0,0.7127256563731602,0.9813957214355469,0,3,0,8,221,2.0,2.0,0.6666666666666666,0.6666666666666666,2,0,2,2
W2793832183,2018,2018-02-06,The Science of The Total Environment,middle,Soil Science,Agricultural and Biological Sciences,Life Sciences,article,en,journal,closed,0.9918000102043152,11,4,11,3,79,3870.0,,0.85166045,14,0,0,0,0,0,1,0,0,0,0,11.0,0.48584510521455243,0.6810544729232788,1,0,0,21,0,3.0,6.0,2.0,2.0,1,2,3,3
W4297227001,2022,2022-09-26,,last,Ecology,Environmental Science,Physical Sciences,preprint,en,,gold,0.9994000196456908,3,2,3,1,55,,,0.74221304,5,1,0,1,0,0,0,0,1,0,0,18.0,0.4393228209680981,0.7172264456748962,1,2,0,12,275,1.0,4.0,1.3333333333333333,1.3333333333333333,1,3,4,4
W3081803740,2020,2020-03-09,,first,Ecology,Environmental Science,Physical Sciences,article,en,,gold,0.9882000088691713,5,1,5,1,0,,,0.72621564,5,1,0,1,0,0,0,0,0,0,0,10.0,0.3238722026348114,0.5693506598472595,1,0,0,12,269,2.0,4.0,1.3333333333333333,1.3333333333333333,1,1,2,2
W4200511627,2021,2021-12-22,,first,Soil Science,Agricultural and Biological Sciences,Life Sciences,preprint,en,,gold,0.9980999827384948,2,1,2,2,67,,,0.72301452,5,1,0,1,0,0,0,1,1,0,0,18.0,0.4294857283433278,0.7147723436355591,1,1,0,22,499,1.0,3.0,1.0,1.0,1,2,3,3
W4288757705,2022,2022-07-30,Forest Ecology and Management,middle,Environmental Chemistry,Environmental Science,Physical Sciences,article,en,journal,hybrid,0.989300012588501,11,5,11,3,78,3460.0,3460.0,0.54407902,2,1,0,1,0,0,1,1,0,0,0,18.0,0.4470975498358409,0.8141516447067261,1,4,0,19,392,0.0,1.0,0.3333333333333333,0.3333333333333333,0,0,0,0
W4386351440,2023,2023-09-01,Zenodo (CERN European Organization for Nuclear Research),first,Soil Science,Agricultural and Biological Sciences,Life Sciences,article,en,repository,green,0.552299976348877,1,1,1,2,0,,,0.54528302,1,1,1,1,1,0,0,0,1,0,0,17.0,0.3339863156571108,0.6547714471817017,1,0,0,12,33,0.0,1.0,0.3333333333333333,0.3333333333333333,0,1,1,1
W2892290803,2018,2018-09-21,,first,Environmental Chemistry,Environmental Science,Physical Sciences,article,en,,gold,0.9993000030517578,1,1,1,2,43,,,0.62222222,2,1,1,1,0,0,0,1,1,0,0,18.0,0.44268493188752067,0.8152873516082764,1,1,0,12,116,1.0,1.0,0.3333333333333333,0.3333333333333333,1,0,1,1
W4404619714,2024,2024-11-21,New Phytologist,first,Astronomy and Astrophysics,Physics and Astronomy,Physical Sciences,letter,en,journal,bronze,0.9869999885559082,2,2,2,3,7,5510.0,,0.66902794,1,1,1,1,0,0,1,1,1,0,0,1.0,0.42168834805488586,0.42168834805488586,0,1,0,5,1497,1.0,1.0,0.3333333333333333,0.3333333333333333,1,0,1,1
W4315784988,2023,2023-01-12,Research Square,last,Soil Science,Agricultural and Biological Sciences,Life Sciences,preprint,en,repository,green,0.9855999946594238,9,1,9,3,44,,,,2,1,1,1,0,0,0,1,0,0,0,12.0,0.4667089879512787,0.8176828622817993,1,5,0,22,252,2.0,2.0,0.6666666666666666,0.6666666666666666,0,2,2,2
W4393502051,2022,2022-12-09,Zenodo (CERN European Organization for Nuclear Research),last,Biomedical Engineering,Engineering,Physical Sciences,dataset,en,repository,green,0.4968000054359436,3,2,3,2,0,,,,2,1,1,1,1,0,0,0,0,0,0,7.0,0.3585414631026132,0.5271800756454468,0,0,0,12,102,2.0,2.0,0.6666666666666666,0.6666666666666666,0,0,0,0
W4210528581,2022,2022-01-31,Research Square,last,Soil Science,Agricultural and Biological Sciences,Life Sciences,preprint,en,repository,green,0.9958999752998352,24,3,24,1,50,,,,1,1,1,1,0,0,0,1,0,0,0,11.0,0.4242741573940624,0.7605735659599304,1,0,0,15,0,0.0,1.0,0.3333333333333333,0.3333333333333333,0,0,0,0
W4402143231,2024,2024-09-02,Research Square,middle,"Management, Monitoring, Policy and Law",Environmental Science,Physical Sciences,preprint,en,repository,green,0.8938999772071838,36,11,36,4,8,,,,1,1,1,1,0,0,0,1,0,0,0,9.0,0.4710923665099674,0.8639178276062012,1,0,0,10,0,1.0,1.0,0.3333333333333333,0.3333333333333333,0,1,1,1
W2975238267,2019,2019-03-05,"Organic Eprints (International Centre for Research in Organic Food Systems, and Research Institute of Organic Agriculture)",last,Plant Science,Agricultural and Biological Sciences,Life Sciences,article,de,repository,closed,0.9959999918937684,2,0,2,2,0,,,0.05545625,0,0,0,0,0,0,0,0,0,0,0,5.0,0.37279844284057617,0.5622314214706421,0,0,0,16,138,0.0,0.0,0.0,0.0,0,0,0,0
W3020681693,2019,2019-04-01,EGUGA,last,Nutrition and Dietetics,Nursing,Health Sciences,article,en,journal,closed,0.867900013923645,4,0,4,1,0,,,0.22865004,0,0,0,0,0,0,1,0,0,0,0,12.0,0.4316030244032542,0.6962278485298157,0,0,0,11,0,0.0,0.0,0.0,0.0,0,0,0,0
W3111588491,2019,2019-04-01,EGU General Assembly Conference Abstracts,last,Soil Science,Agricultural and Biological Sciences,Life Sciences,article,en,conference,closed,0.9578999876976012,9,0,9,1,0,,,0.38291139,0,0,0,0,0,0,0,0,0,0,0,14.0,0.46491710415908266,0.7723435759544373,1,0,0,17,0,0.0,0.0,0.0,0.0,0,0,0,0
W3131472991,2019,2019-04-01,EGU General Assembly Conference Abstracts,first,Environmental Chemistry,Environmental Science,Physical Sciences,article,en,conference,closed,0.788100004196167,1,0,1,1,0,,,0.45414847,0,0,0,0,0,0,0,0,1,0,0,12.0,0.4093540757894516,0.624822199344635,1,0,0,13,0,0.0,0.0,0.0,0.0,0,0,0,0
W3169885039,2021,2021-03-03,,first,Soil Science,Agricultural and Biological Sciences,Life Sciences,article,en,,gold,0.98989999294281,2,2,2,1,0,,,0.07762433,0,1,0,1,0,0,0,0,1,0,0,9.0,0.32365180717574227,0.554355263710022,1,0,0,13,252,0.0,0.0,0.0,0.0,0,0,0,0
W3179717788,2021,2021-07-20,,first,Ecology,Environmental Science,Physical Sciences,article,en,,closed,0.3422000110149383,1,0,1,1,0,,,0.06527047,0,0,0,0,0,0,0,0,1,0,0,5.0,0.40770716071128843,0.5726795792579651,1,0,0,5,0,0.0,0.0,0.0,0.0,0,0,0,0
W3186717101,2019,2019-04-01,EGU General Assembly Conference Abstracts,last,Soil Science,Agricultural and Biological Sciences,Life Sciences,article,en,conference,closed,0.9990000128746032,7,2,7,1,0,,,0.5585443,0,0,0,0,0,0,0,0,0,0,0,19.0,0.46193525195121765,0.6163762807846069,1,0,0,21,308,0.0,0.0,0.0,0.0,0,0,0,0
W3213936683,2021,2021-01-01,Goldschmidt2021 abstracts,middle,Analytical Chemistry,Chemistry,Physical Sciences,article,en,journal,bronze,0.8851000070571899,7,0,7,1,0,,,0.15943152,0,1,0,1,0,0,0,0,0,0,0,12.0,0.38480108479658764,0.8069199323654175,0,0,0,10,0,0.0,0.0,0.0,0.0,0,0,0,0
W4200488425,2021,2021-12-22,,first,Ecology,Environmental Science,Physical Sciences,preprint,en,,gold,0.9726999998092652,2,1,2,1,0,,,0.14730493,0,1,0,1,0,0,0,1,1,0,0,14.0,0.43044643316950115,0.6132197976112366,1,0,0,25,20,0.0,0.0,0.0,0.0,0,0,0,0
W4205651939,2022,2022-01-21,,first,Soil Science,Agricultural and Biological Sciences,Life Sciences,peer-review,en,,gold,0.0930999964475631,2,1,2,1,68,,,,0,1,0,1,0,0,0,0,1,0,0,12.0,0.3827721451719602,0.716230034828186,1,1,0,3,438,0.0,0.0,0.0,0.0,0,0,0,0
W4206468116,2022,2022-01-17,,first,"Radiology, Nuclear Medicine and Imaging",Medicine,Health Sciences,peer-review,en,,gold,0.7549999952316284,2,1,2,1,68,,,,0,1,0,1,0,0,0,0,1,0,0,12.0,0.3760127127170563,0.7097175121307373,1,1,0,3,442,0.0,0.0,0.0,0.0,0,0,0,0
W4206560584,2021,2021-12-31,,first,Soil Science,Agricultural and Biological Sciences,Life Sciences,peer-review,en,,gold,0.9973000288009644,2,1,2,1,68,,,,0,1,0,1,0,0,0,0,1,0,0,12.0,0.3890332405765851,0.7274824380874634,1,1,0,25,438,0.0,0.0,0.0,0.0,0,0,0,0
W4212998729,2022,2022-02-17,,first,Soil Science,Agricultural and Biological Sciences,Life Sciences,peer-review,en,,gold,0.9948999881744384,1,1,1,1,68,,,,0,1,0,1,0,0,0,0,1,0,0,12.0,0.38566334048906964,0.7185203433036804,1,1,0,3,438,0.0,0.0,0.0,0.0,0,0,0,0
W4213188014,2022,2022-02-17,,first,Materials Chemistry,Materials Science,Physical Sciences,peer-review,en,,gold,0.8580999970436096,1,1,1,1,68,,,,0,1,0,1,0,0,0,0,1,0,0,12.0,0.3883289818962415,0.7132987976074219,1,1,0,3,442,0.0,0.0,0.0,0.0,0,0,0,0
W4213252732,2022,2022-02-17,,first,Soil Science,Agricultural and Biological Sciences,Life Sciences,peer-review,en,,gold,0.9936000108718872,1,1,1,1,68,,,,0,1,0,1,0,0,0,1,1,0,0,12.0,0.38448235144217807,0.7073652148246765,1,1,0,3,438,0.0,0.0,0.0,0.0,0,0,0,0
W4242998680,2018,2018-09-21,,first,Industrial and Manufacturing Engineering,Environmental Science,Physical Sciences,preprint,en,,closed,0.8485999703407288,1,0,1,1,0,,,0.42576803,0,0,0,0,0,0,0,0,1,0,0,11.0,0.33331764015284454,0.6003963351249695,1,0,0,15,0,0.0,0.0,0.0,0.0,0,0,0,0
W4297360025,2022,2022-09-26,,last,Biomedical Engineering,Engineering,Physical Sciences,preprint,en,,gold,0.6190999746322632,3,2,3,1,0,,,0.09086963,0,1,0,1,0,0,0,1,1,0,0,10.0,0.2924253046512604,0.5697264075279236,0,0,0,15,0,0.0,0.0,0.0,0.0,0,0,0,0
W4310610544,2022,2022-12-02,,first,Nutrition and Dietetics,Nursing,Health Sciences,peer-review,en,,gold,0.0434999987483024,1,2,1,1,35,,,,0,1,0,1,0,0,0,0,1,0,0,16.0,0.45247015729546547,0.7129677534103394,1,2,0,3,274,0.0,0.0,0.0,0.0,0,0,0,0
W4310616569,2022,2022-12-02,,first,,,,peer-review,en,,gold,,1,2,1,1,35,,,,0,1,0,1,0,0,0,1,1,0,0,16.0,0.4440749790519476,0.699008047580719,1,2,0,3,274,0.0,0.0,0.0,0.0,0,0,0,0
W4311225606,2022,2022-12-02,,first,Ecology,Environmental Science,Physical Sciences,peer-review,en,,gold,0.9991999864578248,1,2,1,1,52,,,,0,1,0,1,0,0,0,1,1,0,0,10.0,0.3963862031698227,0.782322108745575,1,2,0,3,282,0.0,0.0,0.0,0.0,0,0,0,0
W4311254167,2022,2022-12-12,,first,,,,peer-review,en,,gold,,1,2,1,1,35,,,,0,1,0,1,0,0,0,0,1,0,0,18.0,0.43290850188997054,0.7009081840515137,1,2,0,3,274,0.0,0.0,0.0,0.0,0,0,0,0
W4393625710,2022,2022-12-09,Zenodo (CERN European Organization for Nuclear Research),last,Biomedical Engineering,Engineering,Physical Sciences,dataset,en,repository,green,0.4968000054359436,3,2,3,1,0,,,,0,1,1,1,1,0,0,0,0,0,0,7.0,0.3585414631026132,0.5271800756454468,0,0,0,12,102,0.0,0.0,0.0,0.0,0,0,0,0
W4394024683,2023,2023-07-03,Zenodo (CERN European Organization for Nuclear Research),first,Soil Science,Agricultural and Biological Sciences,Life Sciences,dataset,en,repository,green,0.552299976348877,1,0,1,1,0,,,,0,1,1,1,1,0,0,0,1,0,0,15.0,0.32775028944015505,0.6775875687599182,0,0,0,12,34,0.0,0.0,0.0,0.0,0,0,0,0
W4394042000,2023,2023-07-03,,first,Soil Science,Agricultural and Biological Sciences,Life Sciences,dataset,en,,gold,0.552299976348877,1,0,1,2,0,,,,0,1,1,1,0,0,0,0,1,0,0,16.0,0.3294342439621687,0.6251192092895508,0,0,0,12,34,0.0,0.0,0.0,0.0,0,0,0,0
W4400185684,2024,2024-01-01,SSRN Electronic Journal,last,Soil Science,Agricultural and Biological Sciences,Life Sciences,preprint,en,repository,green,0.9993000030517578,2,1,2,1,55,,,,0,1,1,1,1,0,0,0,0,0,0,17.0,0.3775213308194104,0.8297286033630371,0,0,0,17,0,0.0,0.0,0.0,0.0,0,0,0,0
W4406696857,2025,2025-01-01,SSRN Electronic Journal,middle,Soil Science,Agricultural and Biological Sciences,Life Sciences,preprint,en,repository,green,0.7620000243186951,4,1,4,2,0,,,,0,1,1,1,1,0,0,1,0,0,0,11.0,0.4160351942886006,0.6892566084861755,1,0,0,9,0,0.0,0.0,0.0,0.0,0,0,0,0
W4408423159,2025,2025-03-14,,first,Atmospheric Science,Earth and Planetary Sciences,Physical Sciences,preprint,en,,gold,0.7759000062942505,3,1,3,1,0,,,0.05326933,0,1,0,1,0,0,0,0,1,0,0,8.0,0.39261044561862946,0.5409174561500549,0,0,0,10,369,0.0,0.0,0.0,0.0,0,0,0,0
W4408423322,2025,2025-03-14,,last,Plant Science,Agricultural and Biological Sciences,Life Sciences,preprint,en,,gold,0.9991999864578248,2,1,2,1,0,,,0.0395461,0,1,0,1,0,0,0,0,1,0,0,10.0,0.44412070512771606,0.7230997085571289,0,0,0,22,244,0.0,0.0,0.0,0.0,0,0,0,0
W4408438608,2025,2025-03-14,,last,Soil Science,Agricultural and Biological Sciences,Life Sciences,preprint,en,,gold,0.9782000184059144,3,1,3,1,0,,,0.06867794,0,1,0,1,0,0,0,0,1,0,0,12.0,0.390725110967954,0.6675723195075989,0,0,0,14,349,0.0,0.0,0.0,0.0,0,0,0,0
W4408439567,2025,2025-03-14,,last,Ecology,Environmental Science,Physical Sciences,preprint,en,,gold,0.9448000192642212,2,1,2,1,0,,,0.05720413,0,1,0,1,0,0,0,0,1,0,0,13.0,0.3859074299152081,0.7081363201141357,0,0,0,12,245,0.0,0.0,0.0,0.0,0,0,0,0
W4408441308,2025,2025-03-14,,last,Pollution,Environmental Science,Physical Sciences,preprint,en,,gold,0.2445999979972839,5,1,5,1,0,,,0.04361545,0,1,0,1,0,0,0,0,1,0,0,5.0,0.4725404500961304,0.8376679420471191,0,0,0,12,275,0.0,0.0,0.0,0.0,0,0,0,0
W4408441506,2025,2025-03-14,,middle,Pollution,Environmental Science,Physical Sciences,preprint,en,,gold,0.7994999885559082,4,1,4,1,0,,,0.04364832,0,1,0,1,0,0,0,0,1,0,0,11.0,0.40157539736140857,0.7366247177124023,0,0,0,7,244,0.0,0.0,0.0,0.0,0,0,0,0
W4408485582,2025,2025-03-15,,middle,Plant Science,Agricultural and Biological Sciences,Life Sciences,preprint,en,,gold,0.983299970626831,5,1,5,1,0,,,0.04161374,0,1,0,1,0,0,0,0,1,0,0,17.0,0.31834835339994993,0.6686098575592041,0,0,0,11,285,0.0,0.0,0.0,0.0,0,0,0,0
W4412456515,2025,2025-07-15,Soil Biology and Biochemistry,middle,Plant Science,Agricultural and Biological Sciences,Life Sciences,article,en,journal,hybrid,0.9904999732971193,4,1,4,1,59,4520.0,4520.0,0.14609522,0,1,0,1,0,0,1,0,0,0,0,12.0,0.4292282263437907,0.7416559457778931,1,2,0,9,285,0.0,0.0,0.0,0.0,0,0,0,0
W4413011332,2025,2025-01-01,SSRN Electronic Journal,last,Soil Science,Agricultural and Biological Sciences,Life Sciences,preprint,en,repository,green,0.9194999933242798,4,2,4,1,53,,,,0,1,1,1,1,0,0,0,0,0,0,16.0,0.40252432227134705,0.9005947709083557,1,0,0,19,0,0.0,0.0,0.0,0.0,0,0,0,0
W4416265461,2025,2025-11-17,Soil Biology and Biochemistry,last,"Ecology, Evolution, Behavior and Systematics",Agricultural and Biological Sciences,Life Sciences,article,en,journal,hybrid,0.8026999831199646,4,2,4,1,59,4520.0,4520.0,0.2625608,0,1,0,1,0,0,1,0,0,0,0,7.0,0.5715285837650299,0.9627000093460083,0,0,0,19,377,0.0,0.0,0.0,0.0,0,0,0,0
W4416690571,2025,2025-11-01,Global Change Biology,first,Soil Science,Agricultural and Biological Sciences,Life Sciences,article,en,journal,hybrid,0.5835000276565552,3,1,3,3,43,4120.0,4120.0,0.42913674,0,1,1,1,0,0,1,1,1,0,0,9.0,0.5426888929473029,0.7791000008583069,0,2,0,12,241,0.0,0.0,0.0,0.0,0,0,0,0
W7139013403,2018,2018-10-20,University of New Hampshire Scholars Repository (University of New Hampshire at Manchester),last,Soil Science,Agricultural and Biological Sciences,Life Sciences,article,,repository,closed,0.879800021648407,8,0,8,1,0,,,0.56600653,0,0,0,0,0,0,0,0,0,0,0,9.0,0.5871333380540212,0.79830002784729,1,0,0,15,221,0.0,0.0,0.0,0.0,0,0,0,0
W2903238415,2018,2018-11-27,Frontiers in Plant Science,middle,Plant Science,Agricultural and Biological Sciences,Life Sciences,review,en,journal,gold,0.9997000098228456,10,3,10,9,229,2950.0,2950.0,0.9993657,649,1,1,1,1,1,1,1,0,1,1,9.0,0.4337644510798984,0.6479435563087463,1,1,0,19,311,14.0,75.0,25.0,25.0,12,53,65,65
W4210576962,2022,2022-01-29,The Science of The Total Environment,last,Water Science and Technology,Environmental Science,Physical Sciences,review,en,journal,closed,0.9995999932289124,17,10,17,5,361,3870.0,,0.99980046,538,0,0,0,0,0,1,0,0,1,1,9.0,0.46364455421765643,0.670853853225708,1,0,0,14,0,168.0,318.0,106.0,106.0,64,126,190,190
W4388591250,2023,2023-11-11,The Science of The Total Environment,middle,"Health, Toxicology and Mutagenesis",Environmental Science,Physical Sciences,review,en,journal,hybrid,0.9702000021934508,16,9,16,4,287,3870.0,3870.0,0.99987988,484,1,1,1,0,0,1,0,0,1,1,9.0,0.5094975729783376,0.8214046359062195,2,0,0,13,232,108.0,398.0,132.66666666666666,132.66666666666666,75,287,362,362
W3031712651,2020,2020-06-01,Global Ecology and Conservation,middle,Soil Science,Agricultural and Biological Sciences,Life Sciences,article,en,journal,gold,0.9979000091552734,3,2,3,5,150,1820.0,1820.0,0.9987348,420,1,1,1,1,1,1,1,0,1,1,19.0,0.43778201153403834,0.8349473476409912,1,2,0,11,228,35.0,93.0,31.0,31.0,16,47,63,63
W4376133321,2023,2023-05-08,The Science of The Total Environment,middle,Plant Science,Agricultural and Biological Sciences,Life Sciences,review,en,journal,hybrid,0.994599997997284,17,7,17,4,255,3870.0,3870.0,0.99994996,404,1,1,1,0,0,1,0,0,1,1,15.0,0.38317838311195374,0.9891067147254944,0,0,0,13,195,143.0,321.0,107.0,107.0,57,139,196,196
W2899508628,2018,2018-10-29,Global Change Biology,middle,Soil Science,Agricultural and Biological Sciences,Life Sciences,article,en,journal,hybrid,0.9965999722480774,5,6,5,8,57,4120.0,2924.0,0.97890635,172,1,1,1,0,0,1,0,0,0,1,7.0,0.4042068294116429,0.6520787477493286,1,4,0,16,312,5.0,22.0,7.333333333333333,7.333333333333333,5,15,20,20
W4294636548,2022,2022-09-05,Nature Microbiology,middle,Ecology,Environmental Science,Physical Sciences,article,en,journal,hybrid,0.9991000294685364,8,5,8,5,86,11690.0,11690.0,0.99700982,135,1,1,1,0,0,1,0,0,1,1,13.0,0.5276743769645691,0.7712428569793701,1,6,0,15,177,36.0,78.0,26.0,26.0,18,41,59,59
W2794271440,2018,2018-03-20,Soil Biology and Biochemistry,middle,"Health, Toxicology and Mutagenesis",Environmental Science,Physical Sciences,article,en,journal,closed,0.9998999834060668,6,2,6,4,60,4520.0,,0.97397689,111,0,0,0,0,0,1,0,0,0,1,14.0,0.5240263555731092,0.8494712710380554,1,2,0,11,0,16.0,29.0,9.666666666666666,9.666666666666666,6,13,19,19
W2801916382,2018,2018-04-23,Global Change Biology,first,Soil Science,Agricultural and Biological Sciences,Life Sciences,article,en,journal,closed,0.9987999796867372,1,1,1,2,53,4120.0,,0.97035029,101,0,0,0,0,0,1,0,1,0,1,16.0,0.417577113956213,0.971945583820343,1,1,0,26,280,9.0,17.0,5.666666666666667,5.666666666666667,5,7,12,12
W3111309371,2020,2020-12-10,Global Change Biology,middle,Soil Science,Agricultural and Biological Sciences,Life Sciences,article,en,journal,closed,0.9997000098228456,5,2,5,3,85,4120.0,,0.9423564,51,0,0,0,0,0,1,0,0,0,1,14.0,0.45327896092619213,0.7232583165168762,1,0,0,20,303,4.0,18.0,6.0,6.0,4,13,17,17
W4300427316,2022,2022-10-03,Biology and Fertility of Soils,middle,Plant Science,Agricultural and Biological Sciences,Life Sciences,article,en,journal,closed,0.9998999834060668,13,5,13,2,68,4390.0,,0.97339102,40,0,0,0,0,0,1,0,0,0,1,10.0,0.4432617425918579,0.7307237386703491,1,0,0,16,0,11.0,28.0,9.333333333333334,9.333333333333334,5,19,24,24
W2987965517,2019,2019-11-08,Environmental Pollution,middle,Soil Science,Agricultural and Biological Sciences,Life Sciences,article,en,journal,closed,0.9370999932289124,4,2,4,3,60,3770.0,,0.86719308,39,0,0,0,0,0,1,0,0,0,0,12.0,0.4317449207107226,0.846623420715332,1,0,0,15,0,2.0,9.0,3.0,3.0,1,7,8,8
W4226328692,2022,2022-04-07,Functional Ecology,middle,Soil Science,Agricultural and Biological Sciences,Life Sciences,article,en,journal,hybrid,0.9997000098228456,4,3,4,4,123,3400.0,3400.0,0.94862313,36,1,1,1,0,1,1,0,0,0,1,18.0,0.4531564149591658,0.6820966005325317,1,2,0,8,324,10.0,19.0,6.333333333333333,6.333333333333333,4,10,14,14
W4311242120,2022,2022-12-12,Soil Biology and Biochemistry,middle,Ecology,Environmental Science,Physical Sciences,article,en,journal,hybrid,0.9988999962806702,10,4,10,4,77,4520.0,4520.0,0.90117181,21,1,1,1,0,0,1,0,0,0,1,11.0,0.4928056597709656,0.6957867741584778,1,4,0,16,264,5.0,10.0,3.3333333333333335,3.3333333333333335,4,5,9,9
W2968492417,2019,2019-08-08,Soil Biology and Biochemistry,last,Ecology,Environmental Science,Physical Sciences,article,en,journal,closed,0.9948999881744384,2,1,2,2,44,4520.0,,0.79935991,19,0,0,0,0,0,1,0,1,0,0,17.0,0.3742722816327039,0.7140812277793884,1,1,0,18,0,1.0,5.0,1.6666666666666667,1.6666666666666667,0,4,4,4
W4391445535,2024,2024-02-01,Microbial Ecology,first,Ecology,Environmental Science,Physical Sciences,article,en,journal,hybrid,0.9998999834060668,2,1,2,4,34,4390.0,4390.0,0.97126812,17,1,1,1,0,0,1,1,1,0,1,10.0,0.4762414783239365,0.6371469497680664,1,1,0,17,253,11.0,16.0,5.333333333333333,5.333333333333333,2,10,12,12
W3004056508,2020,2020-01-30,Global Change Biology,last,Ecology,Environmental Science,Physical Sciences,article,en,journal,closed,0.9994000196456908,3,2,3,3,46,4120.0,,0.91945247,33,0,0,0,0,0,1,0,0,0,1,13.0,0.4155014226069817,0.8271417617797852,1,1,0,12,234,4.0,15.0,5.0,5.0,1,5,6,6
W3118482668,2021,2021-01-08,Soil Biology and Biochemistry,middle,Pollution,Environmental Science,Physical Sciences,article,en,journal,closed,1.0,6,3,6,5,21,4520.0,,0.75177383,32,0,0,0,0,0,1,0,0,0,0,12.0,0.4865468293428421,0.8008219003677368,1,2,0,14,0,7.0,13.0,4.333333333333333,4.333333333333333,2,5,7,7
W3084426055,2020,2020-01-01,Ecosystems and People,last,General Agricultural and Biological Sciences,Agricultural and Biological Sciences,Life Sciences,article,en,journal,gold,0.996999979019165,8,6,8,6,144,1165.0,1165.0,0.99927515,264,1,1,1,1,1,1,0,0,1,1,18.0,0.4578590128156874,0.8842658400535583,1,0,0,16,198,23.0,50.0,16.666666666666668,16.666666666666668,6,17,23,23
W2883335943,2018,2018-05-15,PLoS ONE,middle,General Agricultural and Biological Sciences,Agricultural and Biological Sciences,Life Sciences,article,en,journal,gold,0.9991000294685364,8,1,8,9,67,1805.0,1805.0,0.99840296,198,1,1,1,1,1,1,1,0,1,1,14.0,0.3746101302759988,0.9431695342063904,1,0,0,15,269,15.0,30.0,10.0,10.0,5,14,19,19
W3117376253,2020,2020-12-16,Frontiers in Sustainable Food Systems,last,General Agricultural and Biological Sciences,Agricultural and Biological Sciences,Life Sciences,article,en,journal,gold,0.9965000152587892,14,7,14,7,68,950.0,950.0,0.99805741,190,1,1,1,1,1,1,1,0,1,1,15.0,0.4303712765375773,0.9353218674659729,1,0,0,15,351,11.0,33.0,11.0,11.0,10,22,32,32
W3032980049,2020,2020-06-06,Agricultural Systems,first,General Agricultural and Biological Sciences,Agricultural and Biological Sciences,Life Sciences,article,en,journal,bronze,0.9926000237464904,1,3,1,6,97,3820.0,,0.99817338,169,1,1,1,0,0,1,1,1,1,1,15.0,0.36911666989326475,0.7710363864898682,1,1,0,7,0,26.0,53.0,17.666666666666668,17.666666666666668,15,24,39,39
W3135345318,2021,2021-03-07,Agricultural Systems,first,Plant Science,Agricultural and Biological Sciences,Life Sciences,article,en,journal,bronze,0.9901000261306764,11,5,11,9,19,3820.0,,0.9972634,143,1,1,1,0,0,1,1,1,1,1,15.0,0.4116581201553345,0.5788813233375549,1,0,0,25,0,50.0,92.0,30.666666666666668,30.666666666666668,22,37,59,59
W2911292468,2019,2019-02-13,Global Food Security,last,Soil Science,Agricultural and Biological Sciences,Life Sciences,article,en,journal,closed,0.9976999759674072,5,3,5,5,152,3760.0,,0.99424515,138,0,0,0,0,0,1,0,0,1,1,19.0,0.4592042973167018,0.8076306581497192,1,0,0,15,0,23.0,51.0,17.0,17.0,15,18,33,33
W3112186348,2020,2020-12-18,Frontiers in Sustainable Food Systems,first,General Agricultural and Biological Sciences,Agricultural and Biological Sciences,Life Sciences,article,en,journal,gold,0.9896000027656556,6,4,6,9,94,950.0,950.0,0.99730341,136,1,1,1,1,1,1,1,1,1,1,14.0,0.37305110692977905,0.9279910326004028,1,1,0,7,227,7.0,35.0,11.666666666666666,11.666666666666666,7,28,35,35
W4289519698,2022,2022-08-02,Frontiers in Sustainable Food Systems,first,General Agricultural and Biological Sciences,Agricultural and Biological Sciences,Life Sciences,article,en,journal,gold,0.9990000128746032,7,3,7,8,60,950.0,950.0,0.99926259,135,1,1,1,1,1,1,1,1,1,1,13.0,0.41091301578741807,0.857372522354126,1,0,0,4,2,23.0,66.0,22.0,22.0,15,32,47,47
W2901037436,2018,2018-11-22,Sustainability,last,General Agricultural and Biological Sciences,Agricultural and Biological Sciences,Life Sciences,article,en,journal,gold,0.9998000264167786,7,3,7,10,61,2382.0,2382.0,0.99477046,107,1,1,1,1,0,1,1,0,1,1,14.0,0.460220279438155,0.933548092842102,1,3,0,7,274,5.0,16.0,5.333333333333333,5.333333333333333,5,9,14,14
W3089681736,2020,2020-01-01,Ecology and Society,middle,Insect Science,Agricultural and Biological Sciences,Life Sciences,article,en,journal,gold,1.0,5,4,5,7,124,975.0,975.0,0.98696599,94,1,1,1,1,1,1,1,0,0,1,9.0,0.3886988229221768,0.5912137031555176,1,1,0,10,34,26.0,37.0,12.333333333333334,12.333333333333334,3,23,26,26
W3091883731,2020,2020-10-10,Agriculture Ecosystems & Environment,middle,General Agricultural and Biological Sciences,Agricultural and Biological Sciences,Life Sciences,article,en,journal,hybrid,0.9983999729156494,5,4,5,7,95,3690.0,3690.0,0.99330241,81,1,1,1,0,0,1,1,0,1,1,12.0,0.486105998357137,0.9207363128662109,0,0,0,22,366,6.0,25.0,8.333333333333334,8.333333333333334,5,16,21,21
W2793653960,2018,2018-03-18,Ecological Indicators,middle,Ecology,Environmental Science,Physical Sciences,article,en,journal,closed,0.9994999766349792,7,5,7,3,108,2500.0,,0.96854401,78,0,0,0,0,1,1,0,0,0,1,15.0,0.37718529303868614,0.561763346195221,0,0,0,19,0,5.0,17.0,5.666666666666667,5.666666666666667,2,5,7,7
W3108359246,2020,2020-11-23,European Journal of Agronomy,middle,Agronomy and Crop Science,Agricultural and Biological Sciences,Life Sciences,article,en,journal,hybrid,0.9977999925613404,5,3,5,8,96,3830.0,3830.0,0.98584556,78,1,1,1,0,0,1,1,0,0,1,19.0,0.4285407474166469,0.6213797926902771,1,1,0,14,251,7.0,21.0,7.0,7.0,5,14,19,19
W2804098144,2018,2018-05-21,Communications in Soil Science and Plant Analysis,last,Pollution,Environmental Science,Physical Sciences,article,en,journal,green,0.9973000288009644,4,1,4,6,21,,,0.7600817,72,1,1,0,0,0,1,0,0,0,0,14.0,0.5582483538559505,0.8579031229019165,1,0,0,16,224,2.0,5.0,1.6666666666666667,1.6666666666666667,1,2,3,3
W3037450351,2020,2020-06-29,Agronomy for Sustainable Development,last,"Management, Monitoring, Policy and Law",Environmental Science,Physical Sciences,article,en,journal,hybrid,0.996399998664856,7,7,7,8,47,2790.0,2790.0,0.98962052,72,1,1,1,0,0,1,1,0,0,1,17.0,0.4055640522171469,0.7332949638366699,0,0,0,12,299,14.0,25.0,8.333333333333334,8.333333333333334,4,12,16,16
W2981747770,2019,2019-10-21,Agricultural Systems,last,"Ecology, Evolution, Behavior and Systematics",Agricultural and Biological Sciences,Life Sciences,article,en,journal,hybrid,0.9948999881744384,6,3,6,8,76,3820.0,3820.0,0.9835961,56,1,1,1,0,0,1,1,0,0,1,9.0,0.4449966185622745,0.6289354562759399,1,0,0,15,369,7.0,24.0,8.0,8.0,6,16,22,22
W2792701215,2018,2018-02-08,Agricultural Systems,last,General Agricultural and Biological Sciences,Agricultural and Biological Sciences,Life Sciences,article,en,journal,hybrid,0.9994999766349792,7,3,7,5,71,3820.0,3820.0,0.9898528,55,1,1,1,0,0,1,0,0,0,1,12.0,0.42998427897691727,0.6873152852058411,1,2,0,21,372,7.0,17.0,5.666666666666667,5.666666666666667,1,6,7,7
W2992177798,2019,2019-12-03,International Journal of Agricultural Sustainability,last,"Management, Monitoring, Policy and Law",Environmental Science,Physical Sciences,article,en,journal,bronze,0.998199999332428,9,6,9,9,60,,,0.97751321,55,1,1,1,0,1,1,1,0,0,1,16.0,0.43990609608590603,0.770348072052002,1,0,0,13,198,2.0,15.0,5.0,5.0,1,14,15,15
W3132119234,2021,2021-02-19,PLoS ONE,middle,Ecology,Environmental Science,Physical Sciences,article,en,journal,gold,0.9973999857902528,5,4,5,9,73,1805.0,1805.0,0.970978,48,1,1,1,1,1,1,1,0,0,1,6.0,0.34121223787466687,0.5814274549484253,1,0,0,18,273,14.0,29.0,9.666666666666666,9.666666666666666,5,12,17,17
W2970893163,2019,2019-08-25,Grass and Forage Science,last,"Management, Monitoring, Policy and Law",Environmental Science,Physical Sciences,article,en,journal,hybrid,0.9983000159263612,8,5,8,4,57,4330.0,4330.0,0.96858517,44,1,1,1,0,0,1,0,0,0,1,13.0,0.5009186932673821,0.8892417550086975,1,2,0,16,270,6.0,12.0,4.0,4.0,2,9,11,11
W3128761526,2021,2021-01-29,Agricultural Systems,middle,Economics and Econometrics,"Economics, Econometrics and Finance",Social Sciences,article,en,journal,hybrid,0.9991999864578248,7,6,7,10,57,3820.0,3820.0,0.97323247,41,1,1,1,0,0,1,1,0,0,1,7.0,0.42827495506831575,0.7863466739654541,0,0,0,19,396,15.0,16.0,5.333333333333333,5.333333333333333,7,8,15,15
W2991376923,2020,2020-04-15,Sustainability,middle,Plant Science,Agricultural and Biological Sciences,Life Sciences,article,en,journal,gold,0.9983999729156494,7,2,7,10,35,2382.0,2382.0,0.95429215,28,1,1,1,1,0,1,0,0,0,1,13.0,0.4249678093653459,0.7511839270591736,1,0,0,14,252,20.0,22.0,7.333333333333333,7.333333333333333,8,13,21,21
W4393210638,2024,2024-03-26,Environmental Impact Assessment Review,last,Environmental Engineering,Environmental Science,Physical Sciences,review,en,journal,green,0.9661999940872192,6,2,6,4,158,3400.0,,0.95421519,23,1,1,0,0,0,1,0,0,0,1,12.0,0.4318026279409726,0.8655315041542053,1,2,0,15,0,18.0,23.0,7.666666666666667,7.666666666666667,7,15,22,22
W4386764732,2023,2023-09-15,Field Crops Research,last,"Ecology, Evolution, Behavior and Systematics",Agricultural and Biological Sciences,Life Sciences,article,en,journal,green,0.9980000257492064,9,3,9,6,106,3970.0,,0.9868874,22,1,1,0,0,0,1,1,0,0,1,11.0,0.5337375402450562,0.7737488746643066,1,0,0,11,0,3.0,16.0,5.333333333333333,5.333333333333333,1,13,14,14
W4394806261,2024,2024-04-15,Journal of Cleaner Production,last,Soil Science,Agricultural and Biological Sciences,Life Sciences,article,en,journal,green,0.9208999872207642,6,2,6,4,94,4100.0,,0.9733303,22,1,1,0,0,0,1,0,0,0,1,14.0,0.44881999705518993,0.7499439120292664,1,1,0,17,0,18.0,22.0,7.333333333333333,7.333333333333333,10,13,23,23
W4387645724,2023,2023-01-01,,first,"Ecology, Evolution, Behavior and Systematics",Agricultural and Biological Sciences,Life Sciences,book,en,,gold,0.2263000011444091,1,2,1,6,0,,,0.98841699,20,1,0,1,0,0,0,1,1,0,1,5.0,0.32304964065551756,0.883110761642456,1,0,0,5,19,7.0,17.0,5.666666666666667,5.666666666666667,0,7,7,7
W4415293539,2025,2025-10-17,Land Use Policy,middle,Global and Planetary Change,Environmental Science,Physical Sciences,article,en,journal,green,0.9995999932289124,6,3,6,3,88,3680.0,,0.98540237,10,1,1,0,0,0,1,0,0,0,1,9.0,0.5049333307478163,0.6930999755859375,0,1,0,22,0,10.0,10.0,3.3333333333333335,3.3333333333333335,10,0,10,10
W4403102321,2024,2024-10-03,Agroecology and Sustainable Food Systems,middle,Business and International Management,"Business, Management and Accounting",Social Sciences,article,en,journal,green,0.9878000020980836,4,3,4,6,42,,,0.94716044,7,1,1,0,0,0,1,1,0,0,1,11.0,0.35736721754074097,0.8225497007369995,1,0,0,12,103,3.0,7.0,2.3333333333333335,2.3333333333333335,2,5,7,7
W2990509330,2019,2019-11-26,Agricultural Systems,first,General Agricultural and Biological Sciences,Agricultural and Biological Sciences,Life Sciences,article,en,journal,bronze,0.9988999962806702,5,4,5,8,38,3820.0,,0.99002547,58,1,1,1,0,0,1,1,1,1,1,15.0,0.38723206520080566,0.9212838411331177,1,0,0,9,0,8.0,16.0,5.333333333333333,5.333333333333333,6,10,16,16
W2891356706,2018,2018-09-20,Agriculture Ecosystems & Environment,last,Agronomy and Crop Science,Agricultural and Biological Sciences,Life Sciences,article,en,journal,hybrid,0.9995999932289124,4,2,4,4,54,3690.0,3690.0,0.97484575,57,1,1,1,0,0,1,0,0,0,1,6.0,0.5271327048540115,0.7064695358276367,1,0,0,16,353,8.0,16.0,5.333333333333333,5.333333333333333,7,8,15,15
W2898037577,2018,2018-10-23,Agronomy for Sustainable Development,last,Forestry,Agricultural and Biological Sciences,Life Sciences,review,en,journal,bronze,0.9994999766349792,5,4,5,8,121,2790.0,,0.99564099,55,1,1,1,0,0,1,1,0,1,1,15.0,0.47816481192906696,0.7871499061584473,0,1,0,12,0,5.0,13.0,4.333333333333333,4.333333333333333,5,6,11,11
W3008457011,2020,2020-02-26,Outlook on Agriculture,last,"Management, Monitoring, Policy and Law",Environmental Science,Physical Sciences,article,en,journal,hybrid,0.9890999794006348,6,6,6,11,49,,,0.98010049,51,1,1,1,0,0,1,1,0,0,1,16.0,0.4093651883304119,0.6315062046051025,0,0,0,17,196,11.0,17.0,5.666666666666667,5.666666666666667,3,10,13,13
W2792372022,2018,2018-01-02,International Journal of Agricultural Sustainability,middle,General Agricultural and Biological Sciences,Agricultural and Biological Sciences,Life Sciences,article,en,journal,hybrid,0.9976999759674072,7,2,7,5,49,,,0.98828688,50,1,1,1,0,1,1,0,0,0,1,13.0,0.4431391266676096,0.6872783899307251,1,1,0,15,183,7.0,17.0,5.666666666666667,5.666666666666667,5,2,7,7
W3000654271,2020,2020-01-14,Agricultural Systems,middle,Nutrition and Dietetics,Nursing,Health Sciences,article,en,journal,hybrid,0.9926999807357788,16,8,16,10,70,3820.0,3820.0,0.95899222,50,1,1,1,0,0,1,1,0,0,1,8.0,0.3431442156434059,0.652524471282959,1,0,0,10,242,19.0,27.0,9.0,9.0,12,6,18,18
W2957930526,2019,2019-07-13,Ecological Indicators,middle,Ecology,Environmental Science,Physical Sciences,article,en,journal,bronze,0.9998999834060668,7,3,7,7,72,2500.0,,0.91967209,45,1,1,1,0,1,1,1,0,0,1,17.0,0.4274650075856377,0.8838536739349365,1,2,0,13,0,4.0,12.0,4.0,4.0,2,7,9,9
W2970880722,2019,2019-08-29,NJAS - Wageningen Journal of Life Sciences,last,Economics and Econometrics,"Economics, Econometrics and Finance",Social Sciences,article,en,journal,hybrid,0.9965999722480774,5,3,5,5,41,,,0.977659,42,1,1,1,0,0,1,1,0,0,1,6.0,0.5182657241821289,0.9456502199172974,1,1,0,15,65,5.0,13.0,4.333333333333333,4.333333333333333,5,5,10,10
W2889419388,2018,2018-08-29,Global Food Security,last,General Agricultural and Biological Sciences,Agricultural and Biological Sciences,Life Sciences,article,en,journal,hybrid,0.9857000112533568,8,6,8,6,88,3760.0,3760.0,0.98362247,38,1,1,1,0,0,1,0,0,0,1,14.0,0.5411445413316999,0.8395267724990845,1,2,0,12,125,1.0,12.0,4.0,4.0,0,10,10,10
W2931720389,2019,2019-04-02,PLoS ONE,middle,Plant Science,Agricultural and Biological Sciences,Life Sciences,article,en,journal,gold,0.9998000264167786,6,3,6,14,59,1805.0,1805.0,0.94931277,38,1,1,1,1,1,1,1,0,0,1,9.0,0.3679571814007229,0.6094256639480591,0,0,0,17,301,9.0,15.0,5.0,5.0,4,5,9,9
W2897095465,2018,2018-10-10,Frontiers in Plant Science,middle,Plant Science,Agricultural and Biological Sciences,Life Sciences,article,en,journal,gold,0.9998000264167786,6,5,6,8,65,2950.0,2950.0,0.95039936,35,1,1,1,1,1,1,1,0,0,1,12.0,0.5153291821479797,0.8297085165977478,1,0,0,17,349,5.0,10.0,3.3333333333333335,3.3333333333333335,5,4,9,9
W3157038034,2021,2021-04-27,Agricultural Systems,middle,Ecology,Environmental Science,Physical Sciences,article,en,journal,hybrid,0.9908000230789183,12,3,12,7,70,3820.0,3820.0,0.94979944,35,1,1,1,0,0,1,1,0,0,1,17.0,0.3751751044217278,0.7519679069519043,0,0,0,23,324,12.0,21.0,7.0,7.0,4,12,16,16
W2982205573,2019,2019-10-25,International Journal of Agricultural Sustainability,last,"Management, Monitoring, Policy and Law",Environmental Science,Physical Sciences,article,en,journal,bronze,0.9997000098228456,4,3,4,9,51,,,0.96418024,33,1,1,1,0,1,1,1,0,0,1,14.0,0.43777368111269815,0.6136648654937744,0,0,0,14,197,5.0,10.0,3.3333333333333335,3.3333333333333335,3,7,10,10
W2994645587,2019,2019-12-17,Land Use Policy,last,General Agricultural and Biological Sciences,Agricultural and Biological Sciences,Life Sciences,article,en,journal,bronze,0.9980000257492064,4,4,4,9,129,3680.0,,0.97422993,32,1,1,1,0,0,1,1,0,0,1,10.0,0.39483979642391204,0.7134403586387634,1,1,0,25,0,4.0,8.0,2.6666666666666665,2.6666666666666665,3,5,8,8
W3110355496,2020,2020-11-23,Regional Environmental Change,last,Ecology,Environmental Science,Physical Sciences,article,en,journal,hybrid,0.9997000098228456,14,8,14,9,52,3590.0,3590.0,0.89293537,31,1,1,1,0,0,1,1,0,0,0,19.0,0.4109944230631778,0.6532146334648132,0,0,0,14,255,4.0,11.0,3.6666666666666665,3.6666666666666665,3,6,9,9
W3110372574,2020,2020-11-21,Journal of Rural Studies,middle,Economics and Econometrics,"Economics, Econometrics and Finance",Social Sciences,article,en,journal,bronze,0.9088000059127808,5,4,5,5,67,3740.0,,0.96273245,31,1,1,1,0,0,1,1,0,0,1,7.0,0.3880187656198229,0.7784571051597595,1,0,0,11,0,5.0,11.0,3.6666666666666665,3.6666666666666665,2,6,8,8
W3002800149,2020,2020-01-21,Frontiers in Environmental Science,middle,Global and Planetary Change,Environmental Science,Physical Sciences,article,en,journal,gold,0.9998000264167786,6,4,6,7,75,2490.0,2490.0,0.87939926,29,1,1,1,1,1,1,1,0,0,0,15.0,0.42380043069521584,0.8631123304367065,1,1,0,16,327,11.0,16.0,5.333333333333333,5.333333333333333,4,9,13,13
W3148723980,2021,2021-04-03,Environment Development and Sustainability,middle,Artificial Intelligence,Computer Science,Physical Sciences,article,en,journal,hybrid,0.9994000196456908,7,7,7,13,49,2890.0,2890.0,0.92317212,27,1,1,1,0,0,1,1,0,0,1,17.0,0.3978021355236278,0.6579167246818542,1,0,0,18,9,8.0,16.0,5.333333333333333,5.333333333333333,5,7,12,12
W2791117521,2018,2018-03-26,Biological Control,last,Insect Science,Agricultural and Biological Sciences,Life Sciences,article,en,journal,hybrid,0.9980999827384948,6,2,6,3,65,4370.0,4370.0,0.88862318,26,1,1,1,0,1,1,0,0,0,0,12.0,0.47491930425167084,0.6457167863845825,1,2,0,17,336,6.0,10.0,3.3333333333333335,3.3333333333333335,3,5,8,8
W3161090736,2021,2021-05-18,Forest Policy and Economics,middle,Global and Planetary Change,Environmental Science,Physical Sciences,article,en,journal,hybrid,0.9991999864578248,8,5,8,8,96,3450.0,3450.0,0.87389377,26,1,1,1,0,0,1,1,0,0,0,16.0,0.3732386399060488,0.5864236354827881,1,2,0,19,260,4.0,12.0,4.0,4.0,2,5,7,7
W3213414507,2021,2021-01-01,Cahiers Agricultures,first,"Management, Monitoring, Policy and Law",Environmental Science,Physical Sciences,review,en,journal,gold,0.9993000030517578,11,3,11,8,79,970.0,970.0,0.95676251,25,1,1,1,1,1,1,1,1,0,1,16.0,0.40547124668955803,0.8159916400909424,1,0,0,14,186,2.0,10.0,3.3333333333333335,3.3333333333333335,0,2,2,2
W3030781873,2020,2020-05-30,Land Use Policy,middle,"Management, Monitoring, Policy and Law",Environmental Science,Physical Sciences,article,en,journal,bronze,0.9868999719619752,7,3,7,9,60,3680.0,,0.96079177,24,1,1,1,0,0,1,1,0,0,1,13.0,0.38657334446907043,0.9018309116363525,0,2,0,15,0,7.0,10.0,3.3333333333333335,3.3333333333333335,5,4,9,9
W4296445820,2022,2022-09-19,Revista Argentina de Microbiología,last,Pollution,Environmental Science,Physical Sciences,review,en,journal,gold,0.9994999766349792,5,2,5,7,99,1400.0,1400.0,0.73145133,21,1,1,1,1,1,1,1,0,0,0,14.0,0.458268865942955,0.7179438471794128,1,0,0,16,249,5.0,12.0,4.0,4.0,4,4,8,8
W2962917435,2019,2019-07-23,European Journal of Agronomy,middle,Agronomy and Crop Science,Agricultural and Biological Sciences,Life Sciences,article,en,journal,closed,0.9995999932289124,10,5,10,5,69,3830.0,,0.91128651,20,0,0,0,0,0,1,0,0,0,1,10.0,0.5815677732229233,0.8300915956497192,0,0,0,17,0,2.0,7.0,2.3333333333333335,2.3333333333333335,0,4,4,4
W3174716876,2021,2021-06-22,Frontiers in Sustainable Food Systems,first,Ecology,Environmental Science,Physical Sciences,article,en,journal,gold,0.9998000264167786,1,3,1,5,48,950.0,950.0,0.92116336,20,1,1,1,1,1,1,1,1,0,1,17.0,0.4289664030075073,0.7277880907058716,1,0,0,13,295,6.0,11.0,3.6666666666666665,3.6666666666666665,3,5,8,8
W2936471335,2019,2019-04-15,Agriculture Ecosystems & Environment,last,Insect Science,Agricultural and Biological Sciences,Life Sciences,article,en,journal,hybrid,0.9991000294685364,4,3,4,6,55,3690.0,3690.0,0.90235052,19,1,1,1,0,0,1,0,0,0,1,9.0,0.5030768314997355,0.7984986305236816,1,3,0,13,206,4.0,7.0,2.3333333333333335,2.3333333333333335,2,2,4,4
W4221062451,2022,2022-03-31,Land Use Policy,middle,Global and Planetary Change,Environmental Science,Physical Sciences,article,en,journal,green,0.9984999895095824,4,3,4,6,71,3680.0,,0.85096161,18,1,1,0,0,0,1,1,0,0,0,18.0,0.3860112014744017,0.6481829881668091,1,2,0,15,0,11.0,15.0,5.0,5.0,5,9,14,14
W3004884486,2020,2020-02-10,Sustainability,middle,Soil Science,Agricultural and Biological Sciences,Life Sciences,article,en,journal,gold,0.9998000264167786,7,1,7,9,42,2382.0,2382.0,0.80887275,17,1,1,1,1,0,1,0,0,0,0,15.0,0.4805189291636149,0.745414137840271,1,0,0,18,297,8.0,8.0,2.6666666666666665,2.6666666666666665,2,5,7,7
W3000235265,2020,2020-01-19,Land Degradation and Development,last,Soil Science,Agricultural and Biological Sciences,Life Sciences,article,en,journal,hybrid,0.9990000128746032,8,7,8,6,51,4740.0,4740.0,0.82097908,16,1,1,1,0,0,1,1,0,0,0,16.0,0.4323758985847235,0.6939815282821655,1,1,0,21,258,2.0,7.0,2.3333333333333335,2.3333333333333335,1,3,4,4
W4320205593,2023,2023-02-13,Frontiers in Sustainable Food Systems,last,"Management, Monitoring, Policy and Law",Environmental Science,Physical Sciences,article,en,journal,gold,0.9998000264167786,5,3,5,6,33,950.0,950.0,0.95860558,15,1,1,1,1,1,1,1,0,0,1,16.0,0.4056703206151724,0.7958508729934692,0,1,0,18,212,6.0,14.0,4.666666666666667,4.666666666666667,2,5,7,7
W3206674196,2021,2021-10-21,Agriculture Ecosystems & Environment,last,"Management, Monitoring, Policy and Law",Environmental Science,Physical Sciences,article,en,journal,green,0.9997000098228456,5,3,5,5,102,3690.0,,0.91526085,14,1,1,0,0,0,1,0,0,0,1,6.0,0.3535344551006953,0.4708114564418793,1,3,0,17,0,0.0,2.0,0.6666666666666666,0.6666666666666666,0,1,1,1
W4312138180,2022,2022-12-13,Frontiers in Sustainable Food Systems,last,General Agricultural and Biological Sciences,Agricultural and Biological Sciences,Life Sciences,article,en,journal,gold,0.9944000244140624,7,2,7,5,41,950.0,1606.0,0.96031906,14,1,1,1,1,1,1,1,0,0,1,21.0,0.4477879192147936,0.6889499425888062,1,0,0,16,405,2.0,9.0,3.0,3.0,2,6,8,8
W4386237785,2023,2023-08-28,Land Use Policy,middle,Soil Science,Agricultural and Biological Sciences,Life Sciences,article,en,journal,green,0.9994999766349792,8,2,8,5,127,3680.0,,0.88480302,14,1,1,0,0,0,1,0,0,0,0,17.0,0.36473202004152183,0.7845751047134399,1,2,0,15,0,5.0,14.0,4.666666666666667,4.666666666666667,3,8,11,11
W4376870291,2023,2023-05-17,Agricultural Systems,middle,General Agricultural and Biological Sciences,Agricultural and Biological Sciences,Life Sciences,article,en,journal,bronze,0.9991000294685364,7,3,7,5,34,3820.0,,0.97647608,13,1,1,1,0,0,1,1,0,0,1,11.0,0.3975988572294062,0.9249802827835083,0,1,0,27,0,4.0,11.0,3.6666666666666665,3.6666666666666665,0,5,5,5
W4403120855,2024,2024-10-04,Soil and Tillage Research,last,"Ecology, Evolution, Behavior and Systematics",Agricultural and Biological Sciences,Life Sciences,article,en,journal,green,0.9988999962806702,8,4,8,6,67,4230.0,,0.98680301,12,1,1,0,0,0,1,0,0,0,1,13.0,0.4907018725688641,0.8116148114204407,1,1,0,21,0,10.0,12.0,4.0,4.0,8,3,11,11
W3147129162,2021,2021-04-07,Annals of Applied Biology,last,Molecular Biology,"Biochemistry, Genetics and Molecular Biology",Life Sciences,article,en,journal,closed,0.995199978351593,7,1,7,3,47,3240.0,,0.63422843,10,0,0,0,0,0,1,0,0,0,0,13.0,0.5026557055803446,0.7161792516708374,1,0,0,16,327,2.0,5.0,1.6666666666666667,1.6666666666666667,0,4,4,4
W4283032919,2022,2022-06-17,European Journal of Soil Biology,last,Plant Science,Agricultural and Biological Sciences,Life Sciences,article,en,journal,bronze,0.9968000054359436,6,3,6,5,46,3140.0,,0.84772582,10,1,1,1,0,0,1,1,0,0,0,16.0,0.4086056798696518,0.6333107948303223,1,1,0,19,0,1.0,7.0,2.3333333333333335,2.3333333333333335,0,4,4,4
W4387645721,2023,2023-01-01,,first,General Agricultural and Biological Sciences,Agricultural and Biological Sciences,Life Sciences,book-chapter,en,,closed,0.9988999962806702,1,2,1,1,46,,,0.98743894,10,0,0,0,0,0,0,0,1,0,1,13.0,0.4400119941968184,0.8073599338531494,1,0,0,6,0,8.0,10.0,3.3333333333333335,3.3333333333333335,0,8,8,8
W3045864443,2020,2020-07-27,Land Degradation and Development,middle,Soil Science,Agricultural and Biological Sciences,Life Sciences,article,en,journal,hybrid,0.987600028514862,9,7,9,7,52,4740.0,4740.0,0.76517689,9,1,1,1,0,0,1,1,0,0,0,13.0,0.39546790489783656,0.8235982656478882,1,1,0,17,251,3.0,5.0,1.6666666666666667,1.6666666666666667,1,4,5,5
W4205127460,2022,2022-01-09,Systems Research and Behavioral Science,last,Artificial Intelligence,Computer Science,Physical Sciences,article,en,journal,hybrid,0.9995999932289124,6,6,6,8,35,3040.0,3040.0,0.7878398,9,1,1,1,0,0,1,1,0,0,0,13.0,0.41981782821508556,0.6668316125869751,1,0,0,24,152,3.0,6.0,2.0,2.0,2,1,3,3
W4388361421,2023,2023-11-04,Agriculture Ecosystems & Environment,middle,Plant Science,Agricultural and Biological Sciences,Life Sciences,article,en,journal,bronze,0.9962000250816344,6,4,6,6,63,3690.0,,0.92254036,9,1,1,1,0,0,1,1,0,0,1,17.0,0.45309267675175385,0.744204044342041,1,3,0,19,0,1.0,7.0,2.3333333333333335,2.3333333333333335,1,6,7,7
W3082449468,2020,2020-08-28,Southern Africa Journal of Education Science and Technology,middle,Soil Science,Agricultural and Biological Sciences,Life Sciences,article,en,journal,diamond,0.994599997997284,5,3,5,1,56,,,0.71716635,6,1,0,1,1,0,0,1,0,0,0,12.0,0.4664225255449613,0.7869952321052551,0,2,0,20,236,0.0,1.0,0.3333333333333333,0.3333333333333333,0,1,1,1
W3204958672,2019,2019-01-01,Agronomy (Web),last,Aerospace Engineering,Engineering,Physical Sciences,article,ja,journal,closed,0.0184000004082918,5,0,5,1,0,,,0.72380414,0,0,0,0,0,0,0,0,0,0,0,1.0,0.3261209726333618,0.3261209726333618,1,0,0,1,0,0.0,0.0,0.0,0.0,0,0,0,0
W2803795255,2018,2018-05-14,Journal of Experimental Botany,first,Plant Science,Agricultural and Biological Sciences,Life Sciences,review,en,journal,bronze,0.9965000152587892,1,1,1,3,107,3530.0,,0.99404501,216,1,0,1,0,0,1,1,1,1,1,13.0,0.548889024899556,0.8861136436462402,1,0,0,9,149,8.0,27.0,9.0,9.0,6,8,14,14
W2991483588,2019,2019-11-29,Journal of Cleaner Production,middle,Soil Science,Agricultural and Biological Sciences,Life Sciences,article,en,journal,closed,0.9998999834060668,6,2,6,2,59,4100.0,,0.99277493,208,0,0,0,0,0,1,0,0,1,1,14.0,0.4568863127912794,0.935089111328125,1,0,0,16,0,7.0,32.0,10.666666666666666,10.666666666666666,7,21,28,28
W2883043045,2018,2018-07-21,European Journal of Agronomy,middle,Soil Science,Agricultural and Biological Sciences,Life Sciences,article,en,journal,closed,1.0,7,2,7,7,43,3830.0,,0.99309585,196,0,0,0,0,0,1,0,0,1,1,15.0,0.47762874166170755,0.9499125480651855,1,1,0,20,0,11.0,29.0,9.666666666666666,9.666666666666666,2,19,21,21
W3047132972,2020,2020-08-04,New Phytologist,middle,Plant Science,Agricultural and Biological Sciences,Life Sciences,article,en,journal,hybrid,0.9987999796867372,7,4,7,8,83,5510.0,5510.0,0.99012507,118,1,1,1,0,0,1,0,0,1,1,8.0,0.45921243727207184,0.8070574998855591,1,1,0,19,207,17.0,36.0,12.0,12.0,11,16,27,27
W2902821147,2018,2018-11-28,Plant and Soil,first,Soil Science,Agricultural and Biological Sciences,Life Sciences,article,en,journal,closed,0.9997000098228456,1,1,1,2,36,4390.0,,0.97683185,108,0,0,0,0,0,1,0,1,0,1,14.0,0.4470555654593876,0.6595104932785034,1,2,0,11,0,9.0,16.0,5.333333333333333,5.333333333333333,9,7,16,16
W2961300642,2019,2019-07-16,Environmental and Experimental Botany,middle,Plant Science,Agricultural and Biological Sciences,Life Sciences,article,en,journal,closed,0.9995999932289124,8,2,8,5,45,3660.0,,0.96653825,64,0,0,0,0,1,1,0,0,0,1,10.0,0.4554125010967255,0.8216789960861206,1,2,0,23,0,5.0,17.0,5.666666666666667,5.666666666666667,2,12,14,14
W3158098044,2021,2021-04-29,Agricultural and Forest Meteorology,middle,Environmental Engineering,Environmental Science,Physical Sciences,article,en,journal,closed,0.9997000098228456,8,3,8,2,244,3750.0,,0.92915497,55,0,0,0,0,0,1,0,0,0,1,17.0,0.4151494362775017,0.9181733131408691,1,0,0,19,0,13.0,25.0,8.333333333333334,8.333333333333334,5,17,22,22
W3129927893,2021,2021-02-20,PLANT PHYSIOLOGY,middle,Plant Science,Agricultural and Biological Sciences,Life Sciences,article,en,journal,bronze,0.9976000189781188,7,2,7,5,67,3411.0,,0.97202917,52,1,1,1,0,0,1,0,0,0,1,12.0,0.4220360517501831,0.8941680788993835,1,1,0,14,235,14.0,27.0,9.0,9.0,10,7,17,17
W3080658254,2020,2020-08-22,Field Crops Research,middle,Plant Science,Agricultural and Biological Sciences,Life Sciences,article,en,journal,closed,0.9998999834060668,9,4,9,8,41,3970.0,,0.95341491,49,0,0,0,0,0,1,0,0,0,1,17.0,0.4563889258048114,0.7855098247528076,1,0,0,17,0,5.0,16.0,5.333333333333333,5.333333333333333,2,10,12,12
W4392345796,2024,2024-03-02,Molecular Genetics and Genomics,middle,Plant Science,Agricultural and Biological Sciences,Life Sciences,article,en,journal,hybrid,0.9998000264167786,5,1,5,5,117,,,0.99173655,28,1,1,1,0,0,1,1,1,1,1,14.0,0.5352978855371475,0.9252496957778931,0,0,0,17,249,23.0,28.0,9.333333333333334,9.333333333333334,6,21,27,27
W4226385219,2022,2022-03-29,Frontiers in Plant Science,middle,Plant Science,Agricultural and Biological Sciences,Life Sciences,article,en,journal,gold,0.9998000264167786,5,1,5,6,96,2950.0,2950.0,0.91503417,21,1,1,1,1,1,1,0,0,0,1,12.0,0.571611779431502,0.8579534888267517,1,0,0,14,262,12.0,13.0,4.333333333333333,4.333333333333333,6,6,12,12
W2900596031,2018,2018-11-11,Plant and Soil,last,Plant Science,Agricultural and Biological Sciences,Life Sciences,article,en,journal,closed,0.9998999834060668,2,1,2,2,65,4390.0,,0.97169742,67,0,0,0,0,0,1,0,0,0,1,10.0,0.503884670138359,0.8506038188934326,1,2,0,14,0,2.0,14.0,4.666666666666667,4.666666666666667,2,7,9,9
W2945015578,2019,2019-01-01,Plant Phenomics,middle,Plant Science,Agricultural and Biological Sciences,Life Sciences,article,en,journal,gold,0.9987000226974488,10,1,10,8,51,2500.0,2500.0,0.96000689,39,1,1,1,1,1,1,1,0,0,1,9.0,0.501176635424296,0.7387609481811523,0,4,0,16,301,8.0,14.0,4.666666666666667,4.666666666666667,0,8,8,8
W3036835703,2020,2020-06-19,BMC Plant Biology,middle,Agronomy and Crop Science,Agricultural and Biological Sciences,Life Sciences,article,en,journal,gold,0.9998000264167786,6,2,6,6,100,2072.0,2072.0,0.94669222,38,1,1,1,1,1,1,1,0,0,1,9.0,0.6203486455811394,0.9141773581504822,1,0,0,20,63,3.0,13.0,4.333333333333333,4.333333333333333,0,8,8,8
W3005798041,2020,2020-02-12,Journal of Agronomy and Crop Science,middle,Plant Science,Agricultural and Biological Sciences,Life Sciences,article,en,journal,closed,1.0,6,3,6,2,32,4330.0,,0.94653028,33,0,0,0,0,0,1,0,0,0,1,13.0,0.4521342676419478,0.8356980085372925,1,0,0,12,204,8.0,18.0,6.0,6.0,4,7,11,11
W3009268949,2020,2020-02-27,Agronomy,last,Global and Planetary Change,Environmental Science,Physical Sciences,article,en,journal,gold,0.9997000098228456,5,2,5,5,34,2165.0,2165.0,0.84242773,27,1,1,1,1,1,1,0,1,0,0,14.0,0.5615331381559372,0.8944031000137329,1,0,0,15,259,5.0,10.0,3.3333333333333335,3.3333333333333335,1,5,6,6
W2918271095,2019,2019-03-07,Agronomy,last,Global and Planetary Change,Environmental Science,Physical Sciences,article,en,journal,gold,0.9997000098228456,5,2,5,5,39,2165.0,2165.0,0.936957,22,1,1,1,1,1,1,0,1,0,1,10.0,0.5187236607074738,0.6831133961677551,1,0,0,15,200,2.0,11.0,3.6666666666666665,3.6666666666666665,2,7,9,9
W3141949678,2021,2021-03-31,Agronomy,middle,Plant Science,Agricultural and Biological Sciences,Life Sciences,article,en,journal,gold,0.9997000098228456,8,2,8,6,63,2165.0,2165.0,0.91924877,17,1,1,1,1,1,1,1,0,0,1,10.0,0.49747695922851565,0.9168047904968262,0,1,0,18,253,5.0,13.0,4.333333333333333,4.333333333333333,0,8,8,8
W4307092555,2022,2022-10-22,Journal of Experimental Botany,middle,Global and Planetary Change,Environmental Science,Physical Sciences,review,en,journal,closed,1.0,5,3,5,3,147,3530.0,,0.81118827,14,0,0,0,0,0,1,0,0,0,0,9.0,0.33767378330230713,0.9053133726119995,1,2,0,15,208,5.0,7.0,2.3333333333333335,2.3333333333333335,4,3,7,7
W4379966339,2023,2023-06-09,Plant Cell & Environment,middle,Global and Planetary Change,Environmental Science,Physical Sciences,article,en,journal,closed,1.0,6,3,6,3,70,5050.0,,0.8594381,13,0,0,0,0,0,1,0,0,0,0,9.0,0.38516178396013045,0.8791746497154236,1,0,0,14,193,5.0,12.0,4.0,4.0,1,5,6,6
W4298232786,2018,2018-04-11,Zenodo (CERN European Organization for Nuclear Research),first,Food Science,Agricultural and Biological Sciences,Life Sciences,article,en,repository,green,0.9050999879837036,1,1,1,1,0,,,0.44883972,2,1,1,1,1,0,0,0,1,0,0,7.0,0.34786384872027803,0.6056983470916748,1,0,0,9,239,0.0,0.0,0.0,0.0,0,0,0,0
W2909678677,2019,2019-01-16,The Lancet,middle,Ecology,Environmental Science,Physical Sciences,review,en,journal,closed,0.9987000226974488,37,16,37,9,307,6830.0,,1.0,10216,0,0,0,0,0,1,0,0,1,1,12.0,0.4062257260084152,0.6815698742866516,1,0,0,14,0,1515.0,2915.0,971.6666666666666,971.6666666666666,578,1056,1634,1634
W2895932308,2018,2018-10-09,Nature,middle,Ecology,Environmental Science,Physical Sciences,article,en,journal,green,0.9991999864578248,23,11,23,9,72,11690.0,,0.99997104,3148,1,1,0,0,0,1,0,0,1,1,17.0,0.42350967666682077,0.8757473230361938,0,2,0,9,0,242.0,582.0,194.0,194.0,176,323,499,499
W2912842935,2019,2019-01-27,The Lancet,middle,"Health, Toxicology and Mutagenesis",Environmental Science,Physical Sciences,review,en,journal,green,0.9979000091552734,43,13,43,9,277,6830.0,,0.99997127,2920,1,1,0,0,0,1,0,0,1,1,11.0,0.4042325263673609,0.9286003112792969,1,1,0,13,0,601.0,1121.0,373.6666666666667,373.6666666666667,194,435,629,629
W2788399735,2018,2018-02-28,Annual Review of Plant Biology,middle,Ecology,Environmental Science,Physical Sciences,review,en,journal,green,0.9890999794006348,7,3,7,4,155,,,0.99966691,925,1,1,0,0,0,1,0,0,1,1,24.0,0.4011482795079549,0.7697919607162476,1,0,0,13,142,71.0,209.0,69.66666666666667,69.66666666666667,30,92,122,122
W3084261954,2020,2020-09-10,Nature,middle,Ecology,Environmental Science,Physical Sciences,article,en,journal,green,0.9864000082015992,58,13,58,13,62,11690.0,,0.99982334,892,1,1,0,0,0,1,1,0,1,1,17.0,0.45971663909799915,0.8726719617843628,1,0,0,10,0,161.0,315.0,105.0,105.0,105,167,272,272
W3120805833,2021,2021-01-10,Global Food Security,last,Ecology,Environmental Science,Physical Sciences,review,en,journal,hybrid,0.9995999932289124,5,2,5,4,238,3760.0,2549.0,0.99979121,701,1,1,1,0,0,1,0,0,1,1,16.0,0.47525184601545334,0.7749824523925781,1,0,0,15,178,66.0,218.0,72.66666666666667,72.66666666666667,22,70,92,92
W3015355998,2020,2020-05-19,Nature Food,first,Ecology,Environmental Science,Physical Sciences,article,en,journal,green,0.9957000017166138,48,11,48,9,40,11690.0,,0.99957874,544,1,1,0,0,0,1,1,1,1,1,15.0,0.28688504298528034,0.5336991548538208,1,2,0,10,0,101.0,191.0,63.666666666666664,63.666666666666664,52,91,143,143
W3007722773,2020,2020-02-18,Nature Food,middle,Ecology,Environmental Science,Physical Sciences,article,en,journal,closed,0.9979000091552734,14,12,14,4,14,11690.0,,0.99927979,430,0,0,0,0,0,1,0,0,1,1,11.0,0.34314118190245196,0.6794296503067017,1,0,0,10,0,76.0,158.0,52.666666666666664,52.666666666666664,25,59,84,84
W2804166887,2018,2018-05-22,Global Change Biology,middle,Ecology,Environmental Science,Physical Sciences,review,en,journal,hybrid,0.9994999766349792,9,6,9,7,44,4120.0,4120.0,0.99781175,382,1,1,1,0,0,1,0,0,1,1,20.0,0.4078433856368065,0.8743934035301208,1,0,0,8,223,34.0,64.0,21.333333333333332,21.333333333333332,17,30,47,47
W3009255960,2020,2020-03-01,One Earth,middle,"Ecology, Evolution, Behavior and Systematics",Agricultural and Biological Sciences,Life Sciences,article,en,journal,hybrid,0.9976999759674072,18,2,18,2,82,8900.0,8900.0,0.99983165,486,1,1,1,0,0,1,0,0,1,1,22.0,0.4302076223221692,0.7172384262084961,1,1,0,16,75,80.0,160.0,53.333333333333336,53.333333333333336,25,73,98,98
W2959655143,2019,2019-07-16,Nature Communications,middle,Soil Science,Agricultural and Biological Sciences,Life Sciences,article,en,journal,gold,0.9994000196456908,7,4,7,8,85,4808.0,4808.0,0.99840396,310,1,1,1,1,1,1,1,0,1,1,16.0,0.39906997978687286,0.6632330417633057,1,10,0,10,148,33.0,92.0,30.666666666666668,30.666666666666668,15,41,56,56
W2805134523,2018,2018-06-06,Climatic Change,middle,"Ecology, Evolution, Behavior and Systematics",Agricultural and Biological Sciences,Life Sciences,article,en,journal,hybrid,0.9994000196456908,9,1,9,2,47,3990.0,3990.0,0.99084142,172,1,0,1,0,0,1,1,0,1,1,14.0,0.3965269412313189,0.7797746658325195,1,0,0,7,241,7.0,19.0,6.333333333333333,6.333333333333333,3,9,12,12
W2939637759,2019,2019-04-08,Scientific Reports,last,Soil Science,Agricultural and Biological Sciences,Life Sciences,article,en,journal,gold,0.9962000250816344,4,2,4,5,53,2190.0,2190.0,0.99189382,127,1,1,1,1,1,1,1,0,1,1,15.0,0.4330191632111867,0.7941470146179199,1,8,0,13,205,22.0,50.0,16.666666666666668,16.666666666666668,10,22,32,32
W3112324415,2020,2020-12-12,Environmental Research Letters,last,Soil Science,Agricultural and Biological Sciences,Life Sciences,article,en,journal,gold,0.9973999857902528,3,1,3,4,69,1901.0,1901.0,0.98245471,123,1,1,1,1,1,1,0,0,0,1,16.0,0.39120551012456417,0.7542746067047119,1,2,0,15,269,15.0,35.0,11.666666666666666,11.666666666666666,14,20,34,34
W3205733568,2021,2021-10-11,Frontiers in Sustainable Food Systems,last,Agronomy and Crop Science,Agricultural and Biological Sciences,Life Sciences,article,en,journal,gold,0.9987000226974488,3,1,3,4,208,950.0,950.0,0.99683036,123,1,1,1,1,1,1,1,0,1,1,13.0,0.4345736113878397,0.6949843764305115,1,8,0,16,181,15.0,34.0,11.333333333333334,11.333333333333334,11,19,30,30
W2792577625,2018,2018-03-01,Environmental Research Letters,middle,Global and Planetary Change,Environmental Science,Physical Sciences,article,en,journal,gold,0.9904999732971193,33,1,33,3,91,1901.0,1901.0,0.96858483,117,1,1,1,1,1,1,0,0,0,1,17.0,0.4051019251346588,0.6941196322441101,1,1,0,14,325,15.0,26.0,8.666666666666666,8.666666666666666,8,8,16,16
W3011384873,2020,2020-03-16,Global Change Biology,middle,Soil Science,Agricultural and Biological Sciences,Life Sciences,article,en,journal,closed,0.9991999864578248,5,1,5,2,52,4120.0,,0.98534993,115,0,0,0,0,0,1,0,0,0,1,11.0,0.4209689335389571,0.7309734225273132,1,3,0,12,189,23.0,42.0,14.0,14.0,11,17,28,28
W2800270984,2018,2018-04-24,Agriculture Ecosystems & Environment,middle,Soil Science,Agricultural and Biological Sciences,Life Sciences,article,en,journal,hybrid,0.9936000108718872,6,2,6,2,48,3690.0,3690.0,0.9867847,112,1,1,1,0,0,1,0,0,0,1,12.0,0.4798339282472928,0.7310473322868347,1,2,0,17,328,17.0,31.0,10.333333333333334,10.333333333333334,4,16,20,20
W2898640596,2018,2018-11-01,Journal of Environmental Quality,middle,Soil Science,Agricultural and Biological Sciences,Life Sciences,article,en,journal,hybrid,0.9918000102043152,29,1,29,2,98,1350.0,1350.0,0.97654892,112,1,0,1,0,0,1,0,0,0,1,20.0,0.4156360551714897,0.7314229011535645,1,0,0,9,209,6.0,21.0,7.0,7.0,5,13,18,18
W3170687972,2021,2021-05-31,Frontiers in Sustainable Food Systems,middle,Plant Science,Agricultural and Biological Sciences,Life Sciences,article,en,journal,gold,0.9997000098228456,17,5,17,4,211,950.0,950.0,0.99244952,102,1,1,1,1,1,1,1,0,1,1,17.0,0.4153330887065214,0.7379934191703796,1,3,0,10,222,30.0,55.0,18.333333333333332,18.333333333333332,16,20,36,36
W2995927230,2019,2019-12-11,Agriculture Ecosystems & Environment,middle,Environmental Chemistry,Environmental Science,Physical Sciences,article,en,journal,closed,0.9993000030517578,4,1,4,1,39,3690.0,,0.9693866,100,0,0,0,0,0,1,0,0,0,1,16.0,0.4018970988690853,0.7205808758735657,0,3,0,16,0,7.0,20.0,6.666666666666667,6.666666666666667,7,9,16,16
W4395695576,2024,2024-04-27,Nature Communications,middle,Ecology,Environmental Science,Physical Sciences,article,en,journal,gold,0.9955999851226808,7,2,7,6,116,4808.0,4808.0,0.99947944,100,1,1,1,1,1,1,1,0,1,1,13.0,0.43950695945666385,0.7496365308761597,1,12,0,9,150,77.0,100.0,33.333333333333336,33.333333333333336,34,61,95,95
W2806597393,2018,2018-06-01,PLoS ONE,last,Agronomy and Crop Science,Agricultural and Biological Sciences,Life Sciences,article,en,journal,gold,0.9998999834060668,7,1,7,8,71,1805.0,1805.0,0.99383009,95,1,1,1,1,1,1,1,0,1,1,11.0,0.44196825406768103,0.9583889245986938,1,0,0,13,183,16.0,27.0,9.0,9.0,4,17,21,21
W3024854497,2020,2020-05-14,The Science of The Total Environment,middle,Environmental Chemistry,Environmental Science,Physical Sciences,article,en,journal,hybrid,0.9987999796867372,4,1,4,5,63,3870.0,3870.0,0.95176401,91,1,1,1,0,0,1,1,0,0,1,19.0,0.40917029506281805,0.8109623193740845,1,7,0,16,294,13.0,25.0,8.333333333333334,8.333333333333334,4,11,15,15
W2886235251,2018,2018-01-01,Agricultural & Environmental Letters,middle,Plant Science,Agricultural and Biological Sciences,Life Sciences,article,en,journal,gold,0.9987999796867372,30,8,30,6,26,1100.0,1100.0,0.97701915,79,1,1,1,1,1,1,1,0,0,1,17.0,0.41723638948272257,0.7829350233078003,1,7,0,12,202,7.0,17.0,5.666666666666667,5.666666666666667,2,5,7,7
W3005885965,2020,2020-02-13,Environmental Science & Technology,last,Biomedical Engineering,Engineering,Physical Sciences,article,en,journal,hybrid,0.9991999864578248,6,2,6,4,115,,,0.9483382,79,1,1,1,0,0,1,1,1,0,1,18.0,0.42369068165620166,0.8326239585876465,0,0,0,24,265,24.0,39.0,13.0,13.0,8,22,30,30
W3189077708,2021,2021-08-12,Global Change Biology,last,Environmental Chemistry,Environmental Science,Physical Sciences,article,en,journal,bronze,0.9983000159263612,2,1,2,6,78,4120.0,,0.97987294,75,1,1,1,0,0,1,0,0,0,1,12.0,0.4687882413466771,0.9644098281860352,1,2,0,19,224,11.0,44.0,14.666666666666666,14.666666666666666,7,16,23,23
W2781763066,2018,2018-01-05,Geoderma,last,Agronomy and Crop Science,Agricultural and Biological Sciences,Life Sciences,article,en,journal,hybrid,0.9995999932289124,2,1,2,3,76,2800.0,2800.0,0.98397984,71,1,1,1,0,1,1,0,0,0,1,13.0,0.5052923628917108,0.7821474075317383,1,4,0,13,313,11.0,19.0,6.333333333333333,6.333333333333333,3,10,13,13
W3043576974,2020,2020-07-17,Journal of Environmental Quality,middle,Global and Planetary Change,Environmental Science,Physical Sciences,article,en,journal,hybrid,0.9763000011444092,10,5,10,6,83,1350.0,1350.0,0.93514723,68,1,1,1,0,0,1,1,0,0,1,10.0,0.3414129614830017,0.6012870073318481,0,0,0,12,158,14.0,22.0,7.333333333333333,7.333333333333333,10,7,17,17
W2896707552,2018,2018-10-08,Global Change Biology,last,Civil and Structural Engineering,Engineering,Physical Sciences,article,en,journal,hybrid,0.9943000078201294,4,1,4,6,55,4120.0,4120.0,0.94348466,67,1,1,1,0,0,1,1,0,0,1,16.0,0.4014373254030943,0.7730300426483154,1,0,0,17,292,4.0,14.0,4.666666666666667,4.666666666666667,3,5,8,8
W2970198497,2019,2019-08-29,Journal of Environmental Quality,middle,Agronomy and Crop Science,Agricultural and Biological Sciences,Life Sciences,article,en,journal,bronze,0.9983000159263612,5,2,5,3,37,1350.0,,0.97608583,54,1,1,1,0,0,1,1,0,0,1,14.0,0.4659201375075749,0.8116728067398071,0,8,0,13,337,9.0,20.0,6.666666666666667,6.666666666666667,7,10,17,17
W4390968015,2024,2024-01-01,Elsevier eBooks,first,Ecology,Environmental Science,Physical Sciences,book-chapter,en,ebook platform,closed,0.9958999752998352,2,1,2,1,100,,,0.99975161,48,0,0,0,0,0,0,0,1,1,1,22.0,0.4223938692699779,0.7429311275482178,1,0,0,2,0,41.0,48.0,16.0,16.0,17,23,40,40
W2944228173,2019,2019-05-08,Agricultural Water Management,last,Soil Science,Agricultural and Biological Sciences,Life Sciences,article,en,journal,hybrid,0.9987999796867372,6,2,6,5,32,2600.0,2600.0,0.94132471,47,1,1,1,0,1,1,1,0,0,1,14.0,0.4358901615653719,0.725436270236969,1,0,0,19,255,5.0,13.0,4.333333333333333,4.333333333333333,4,5,9,9
W4281618598,2022,2022-05-31,Global Change Biology,first,Global and Planetary Change,Environmental Science,Physical Sciences,article,en,journal,hybrid,0.9976999759674072,4,2,4,8,48,4120.0,4120.0,0.94734979,37,1,1,1,0,0,1,0,1,0,1,18.0,0.4307675858338674,0.7748079299926758,1,3,0,7,289,15.0,30.0,10.0,10.0,6,16,22,22
W3130980590,2021,2021-02-15,Soil Science Society of America Journal,last,Soil Science,Agricultural and Biological Sciences,Life Sciences,article,en,journal,closed,0.9940000176429749,3,1,3,1,40,1350.0,,0.89120077,35,0,0,0,0,0,1,0,0,0,0,12.0,0.3990832318862279,0.7236271500587463,0,0,0,19,252,6.0,9.0,3.0,3.0,2,6,8,8
W4392150887,2024,2024-02-26,Environmental Research Letters,middle,Agronomy and Crop Science,Agricultural and Biological Sciences,Life Sciences,article,en,journal,gold,0.9991000294685364,6,1,6,3,43,1901.0,1901.0,0.99643376,33,1,1,1,1,1,1,1,0,1,1,10.0,0.3890475660562515,0.859418511390686,1,1,0,16,309,26.0,33.0,11.0,11.0,6,21,27,27
W4327704359,2023,2023-03-17,The Science of The Total Environment,middle,Water Science and Technology,Environmental Science,Physical Sciences,article,en,journal,closed,0.9998000264167786,9,1,9,2,98,3870.0,,0.91429845,27,0,0,0,0,0,1,0,0,0,1,17.0,0.3717894203522626,0.7941840887069702,1,5,0,14,0,15.0,24.0,8.0,8.0,5,12,17,17
W4313895256,2023,2023-01-08,GCB Bioenergy,last,Agronomy and Crop Science,Agricultural and Biological Sciences,Life Sciences,article,en,journal,gold,0.9998000264167786,9,1,9,5,63,2750.0,2750.0,0.96702777,19,1,1,1,1,1,1,1,0,0,1,26.0,0.4150854589847418,0.8900219202041626,1,7,0,14,232,8.0,15.0,5.0,5.0,2,7,9,9
W4405431389,2024,2024-12-16,Geoderma,last,Agronomy and Crop Science,Agricultural and Biological Sciences,Life Sciences,article,en,journal,gold,0.9944000244140624,4,1,4,4,83,2800.0,2800.0,0.98572247,17,1,1,1,1,1,1,0,1,0,1,12.0,0.34145767241716385,0.6053723692893982,1,6,0,12,441,16.0,17.0,5.666666666666667,5.666666666666667,15,1,16,16
W4403304485,2024,2024-10-09,Journal of Environmental Quality,middle,Soil Science,Agricultural and Biological Sciences,Life Sciences,article,en,journal,hybrid,0.9940000176429749,4,1,4,3,91,1350.0,1350.0,0.94910893,15,1,1,1,0,0,1,1,0,0,1,11.0,0.4183637933297591,0.9212409257888794,0,3,0,15,262,11.0,15.0,5.0,5.0,9,6,15,15
W4412192291,2025,2025-07-11,Scientific Reports,middle,"Ecology, Evolution, Behavior and Systematics",Agricultural and Biological Sciences,Life Sciences,article,en,journal,gold,0.9950000047683716,25,4,25,5,61,2190.0,2190.0,0.99461347,8,1,1,1,1,1,1,1,0,1,1,9.0,0.34405551354090375,0.5566316246986389,1,0,0,15,246,8.0,8.0,2.6666666666666665,2.6666666666666665,8,0,8,8
W4393377934,2024,2024-04-01,Water Resources Research,last,Global and Planetary Change,Environmental Science,Physical Sciences,article,en,journal,gold,0.9997000098228456,7,1,7,2,48,3000.0,3000.0,0.70688251,3,1,1,1,1,1,1,1,0,0,0,8.0,0.42312758788466454,0.7937188744544983,1,1,0,15,255,1.0,3.0,1.0,1.0,1,2,3,3
W2899542509,2018,2018-11-10,Soil Biology and Biochemistry,last,Soil Science,Agricultural and Biological Sciences,Life Sciences,article,en,journal,hybrid,0.9994000196456908,5,2,5,4,67,4520.0,4520.0,0.97242577,67,1,1,1,0,0,1,1,0,0,1,12.0,0.5275209993124008,0.9758580923080444,0,9,0,11,213,6.0,19.0,6.333333333333333,6.333333333333333,3,15,18,18
W2807298932,2018,2018-06-01,Ecological Applications,last,Soil Science,Agricultural and Biological Sciences,Life Sciences,article,en,journal,hybrid,0.9991000294685364,5,1,5,6,51,3600.0,3600.0,0.93007379,49,1,1,1,0,0,1,1,0,0,1,16.0,0.47472202964127064,0.720866322517395,1,2,0,17,247,4.0,10.0,3.3333333333333335,3.3333333333333335,2,5,7,7
W2906771000,2019,2019-01-04,Environmental Research Letters,last,Agronomy and Crop Science,Agricultural and Biological Sciences,Life Sciences,article,en,journal,gold,0.9994000196456908,5,1,5,5,34,1901.0,1901.0,0.97821258,49,1,1,1,1,1,1,1,0,0,1,19.0,0.42403153369301244,0.842422604560852,1,6,0,15,286,11.0,21.0,7.0,7.0,5,6,11,11
W2886753370,2018,2018-08-10,Crop Science,middle,Plant Science,Agricultural and Biological Sciences,Life Sciences,article,en,journal,closed,0.9976999759674072,4,1,4,1,47,1500.0,,0.94492382,48,0,0,0,0,0,1,0,0,0,1,10.0,0.5413918942213058,0.9050885438919067,1,3,0,16,242,3.0,6.0,2.0,2.0,2,3,5,5
W2926947163,2019,2019-04-01,Ecosystems,last,Soil Science,Agricultural and Biological Sciences,Life Sciences,article,en,journal,hybrid,0.9991000294685364,2,1,2,3,51,4390.0,4390.0,0.94745684,46,1,1,1,0,0,1,1,0,0,1,11.0,0.48589252070947125,0.8059396147727966,0,7,0,10,253,0.0,12.0,4.0,4.0,0,2,2,2
W3205894988,2021,2021-10-13,Scientific Reports,middle,Environmental Chemistry,Environmental Science,Physical Sciences,article,en,journal,gold,0.9998999834060668,4,1,4,8,66,2190.0,2190.0,0.92563131,43,1,1,1,1,1,1,1,0,0,1,23.0,0.38086083920105646,0.7506955862045288,1,7,0,17,220,8.0,17.0,5.666666666666667,5.666666666666667,6,8,14,14
W2792032460,2018,2018-02-22,Agricultural and Forest Meteorology,last,Soil Science,Agricultural and Biological Sciences,Life Sciences,article,en,journal,hybrid,0.9979000091552734,4,1,4,4,57,3750.0,3750.0,0.93417486,39,1,1,1,0,0,1,1,0,0,1,14.0,0.5048806199005672,0.8784825205802917,0,7,0,16,324,6.0,9.0,3.0,3.0,3,3,6,6
W2906569072,2018,2018-01-01,Vadose Zone Journal,middle,Civil and Structural Engineering,Engineering,Physical Sciences,article,en,journal,gold,0.9994999766349792,5,1,5,3,60,1750.0,1750.0,0.86347981,34,1,1,1,1,1,1,1,0,0,0,10.0,0.43364299535751344,0.713532567024231,1,3,0,19,304,2.0,5.0,1.6666666666666667,1.6666666666666667,1,1,2,2
W2985475101,2019,2019-11-07,Hydrological Processes,last,Global and Planetary Change,Environmental Science,Physical Sciences,article,en,journal,hybrid,0.9986000061035156,4,1,4,5,51,4740.0,4740.0,0.88536663,27,1,1,1,0,0,1,1,0,0,0,13.0,0.43337976474028367,0.8568150997161865,1,7,0,14,316,1.0,13.0,4.333333333333333,4.333333333333333,1,12,13,13
W3022956839,2020,2020-05-06,Landscape Ecology,middle,Global and Planetary Change,Environmental Science,Physical Sciences,article,en,journal,green,0.9997000098228456,10,4,10,3,103,4390.0,,0.82384791,25,1,1,0,0,0,1,1,0,0,0,15.0,0.47230099042256674,0.7544808387756348,0,5,0,14,0,5.0,11.0,3.6666666666666665,3.6666666666666665,2,6,8,8
W3031976173,2020,2020-05-26,Phytobiomes Journal,last,Agronomy and Crop Science,Agricultural and Biological Sciences,Life Sciences,article,en,journal,gold,0.9998999834060668,3,1,3,3,80,1660.0,1660.0,0.93080581,23,1,1,1,1,1,1,0,0,0,1,17.0,0.4496050038758446,0.8887335062026978,1,3,0,13,248,6.0,9.0,3.0,3.0,4,2,6,6
W4385484027,2023,2023-08-02,Biology and Fertility of Soils,middle,Soil Science,Agricultural and Biological Sciences,Life Sciences,article,en,journal,hybrid,0.9987999796867372,5,3,5,2,80,4390.0,4390.0,0.93662116,23,1,1,1,0,0,1,1,0,0,1,15.0,0.42523539264996846,0.8157148361206055,0,7,0,23,315,14.0,23.0,7.666666666666667,7.666666666666667,9,8,17,17
W3117972062,2020,2020-12-22,Nature Communications,middle,Soil Science,Agricultural and Biological Sciences,Life Sciences,letter,en,journal,gold,0.9940999746322632,7,4,7,8,5,4808.0,4808.0,0.8844867,21,1,1,1,1,1,1,1,0,0,0,10.0,0.32734250128269193,0.5170684456825256,1,1,0,20,0,13.0,14.0,4.666666666666667,4.666666666666667,11,1,12,12
W3184150716,2021,2021-07-27,Environmental Research Letters,last,Agronomy and Crop Science,Agricultural and Biological Sciences,Life Sciences,article,en,journal,gold,0.997099995613098,8,1,8,5,36,1901.0,1901.0,0.93996049,21,1,1,1,1,1,1,1,0,0,1,14.0,0.4337521770170757,0.7761901617050171,1,8,0,16,251,6.0,10.0,3.3333333333333335,3.3333333333333335,4,3,7,7
W3101006606,2020,2020-11-12,Frontiers in Microbiology,last,Pollution,Environmental Science,Physical Sciences,article,en,journal,gold,0.9994000196456908,4,1,4,5,86,2950.0,2950.0,0.63657702,18,1,1,1,1,1,1,1,0,0,0,8.0,0.45874299854040146,0.7407212853431702,1,7,0,16,236,3.0,8.0,2.6666666666666665,2.6666666666666665,3,5,8,8
W3170484543,2021,2021-06-08,Agriculture Ecosystems & Environment,middle,Soil Science,Agricultural and Biological Sciences,Life Sciences,article,en,journal,closed,0.9994999766349792,3,1,3,1,72,3690.0,,0.78649819,18,0,0,0,0,0,1,0,0,0,0,17.0,0.5040720122701982,0.950078010559082,0,0,0,18,0,6.0,9.0,3.0,3.0,2,6,8,8
W3213905105,2021,2021-11-01,Environmental Research Letters,last,Environmental Engineering,Environmental Science,Physical Sciences,article,en,journal,gold,0.9930999875068665,8,1,8,3,45,1901.0,1901.0,0.7431959,17,1,1,1,1,1,1,0,0,0,0,10.0,0.35990923941135405,0.6817145347595215,1,2,0,15,234,6.0,12.0,4.0,4.0,5,7,12,12
W4297842326,2022,2022-09-16,Agricultural and Forest Meteorology,middle,Global and Planetary Change,Environmental Science,Physical Sciences,article,en,journal,hybrid,0.996999979019165,20,1,20,3,129,3750.0,3750.0,0.83567779,17,1,1,1,0,0,1,1,0,0,0,13.0,0.39093675980201137,0.8695749044418335,1,4,0,20,249,2.0,10.0,3.3333333333333335,3.3333333333333335,1,5,6,6
W4387142202,2023,2023-09-01,mLife,first,Environmental Chemistry,Environmental Science,Physical Sciences,review,en,journal,diamond,0.97979998588562,1,1,1,5,55,,,0.87385442,17,1,1,1,1,1,1,1,1,0,0,14.0,0.35605121723243166,0.6815192103385925,1,8,0,11,223,11.0,15.0,5.0,5.0,8,5,13,13
W3160223674,2021,2021-05-09,Soil Biology and Biochemistry,middle,Soil Science,Agricultural and Biological Sciences,Life Sciences,article,en,journal,green,0.9998000264167786,5,4,5,3,86,4520.0,,0.78600984,16,1,1,0,0,0,1,1,0,0,0,12.0,0.4303270950913429,0.8132377862930298,1,8,0,12,0,4.0,7.0,2.3333333333333335,2.3333333333333335,2,2,4,4
W4313585868,2023,2023-01-04,Frontiers in Plant Science,middle,Agronomy and Crop Science,Agricultural and Biological Sciences,Life Sciences,article,en,journal,gold,0.9995999932289124,6,1,6,6,61,2950.0,2950.0,0.95477553,16,1,1,1,1,1,1,1,0,0,1,13.0,0.447977398450558,0.8985813856124878,1,7,0,15,355,5.0,16.0,5.333333333333333,5.333333333333333,1,3,4,4
W4386980393,2023,2023-09-23,GCB Bioenergy,last,Agronomy and Crop Science,Agricultural and Biological Sciences,Life Sciences,article,en,journal,gold,0.9986000061035156,3,1,3,5,60,2750.0,2750.0,0.95723544,16,1,1,1,1,1,1,1,0,0,1,15.0,0.5216197411219279,0.8904090523719788,1,3,0,10,358,11.0,16.0,5.333333333333333,5.333333333333333,6,7,13,13
W4400346616,2024,2024-07-05,Environmental Research Letters,last,Plant Science,Agricultural and Biological Sciences,Life Sciences,article,en,journal,gold,0.9865000247955322,8,2,8,3,52,1901.0,1901.0,0.97915032,16,1,1,1,1,1,1,0,0,0,1,8.0,0.45748700201511383,0.7632856369018555,0,4,0,11,278,14.0,16.0,5.333333333333333,5.333333333333333,10,6,16,16
W4400872529,2024,2024-07-22,Environmental Research Letters,last,Global and Planetary Change,Environmental Science,Physical Sciences,article,en,journal,gold,0.9995999932289124,8,4,8,5,59,1901.0,1901.0,0.94891234,16,1,1,1,1,1,1,1,0,0,1,15.0,0.4133685926596324,0.8514062166213989,0,9,0,8,243,13.0,16.0,5.333333333333333,5.333333333333333,9,7,16,16
W4403420176,2024,2024-10-15,Journal of Environmental Quality,middle,Soil Science,Agricultural and Biological Sciences,Life Sciences,review,en,journal,hybrid,0.986299991607666,32,1,32,3,62,1350.0,1350.0,0.9556835,16,1,0,1,0,0,1,1,0,0,1,12.0,0.370291993021965,0.6086615324020386,1,1,0,12,237,15.0,16.0,5.333333333333333,5.333333333333333,11,3,14,14
W2990572166,2019,2019-11-20,BioEnergy Research,middle,Agronomy and Crop Science,Agricultural and Biological Sciences,Life Sciences,article,en,journal,green,1.0,5,1,5,2,54,3590.0,,0.88195464,15,1,1,0,0,0,1,0,0,0,0,16.0,0.4699356481432915,0.9459673166275024,1,0,0,10,0,3.0,5.0,1.6666666666666667,1.6666666666666667,3,2,5,5
W3160365795,2021,2021-05-08,Soil Science Society of America Journal,last,Soil Science,Agricultural and Biological Sciences,Life Sciences,article,en,journal,hybrid,0.9995999932289124,2,2,2,3,54,1350.0,1350.0,0.76998561,14,1,1,1,0,0,1,1,0,0,0,18.0,0.4317691640721427,0.7854376435279846,1,0,0,18,264,3.0,7.0,2.3333333333333335,2.3333333333333335,2,3,5,5
W3214485377,2021,2021-11-10,Global Change Biology,middle,Global and Planetary Change,Environmental Science,Physical Sciences,article,en,journal,hybrid,0.998199999332428,9,3,9,5,37,4120.0,4120.0,0.73941209,14,1,1,1,0,0,1,1,0,0,0,15.0,0.4426125983397166,0.8438365459442139,1,2,0,17,305,2.0,3.0,1.0,1.0,2,1,3,3
W4213111911,2022,2022-02-13,Land,last,Global and Planetary Change,Environmental Science,Physical Sciences,article,en,journal,gold,0.9988999962806702,8,2,8,5,83,2165.0,2165.0,0.78748499,14,1,1,1,1,1,1,1,0,0,0,16.0,0.48052852787077427,0.7194550037384033,0,5,0,14,201,4.0,10.0,3.3333333333333335,3.3333333333333335,0,4,4,4
W4403014857,2024,2024-10-02,Soil Biology and Biochemistry,middle,Agronomy and Crop Science,Agricultural and Biological Sciences,Life Sciences,article,en,journal,green,0.9998999834060668,6,2,6,2,135,4520.0,,0.97764872,14,1,1,0,0,0,1,0,0,0,1,12.0,0.353729248046875,0.9944196939468384,1,2,0,18,0,11.0,14.0,4.666666666666667,4.666666666666667,7,7,14,14
W3133530885,2021,2021-03-06,Agronomy Journal,last,Soil Science,Agricultural and Biological Sciences,Life Sciences,article,en,journal,closed,1.0,6,2,6,1,11,1350.0,,0.74113187,12,0,0,0,0,0,1,0,0,0,0,11.0,0.48845620317892596,0.7594690322875977,1,0,0,15,208,2.0,4.0,1.3333333333333333,1.3333333333333333,0,3,3,3
W4385276957,2023,2023-07-26,Soil Science Society of America Journal,last,Agronomy and Crop Science,Agricultural and Biological Sciences,Life Sciences,article,en,journal,hybrid,0.9994999766349792,4,1,4,3,62,1350.0,1350.0,0.92615545,11,1,1,1,0,0,1,1,1,0,1,17.0,0.38367298070122213,0.8755390644073486,0,8,0,18,294,4.0,11.0,3.6666666666666665,3.6666666666666665,3,5,8,8
W4311647901,2022,2022-12-03,GCB Bioenergy,last,Agronomy and Crop Science,Agricultural and Biological Sciences,Life Sciences,article,en,journal,gold,0.9983000159263612,3,1,3,6,50,2750.0,2750.0,0.85893249,8,1,1,1,1,1,1,1,0,0,0,15.0,0.4721242368221283,0.8330156207084656,1,4,0,12,300,1.0,2.0,0.6666666666666666,0.6666666666666666,1,1,2,2
W4405745024,2024,2024-12-24,Environmental Research Letters,middle,Biomedical Engineering,Engineering,Physical Sciences,article,en,journal,gold,0.998199999332428,8,1,8,5,57,1901.0,1901.0,0.58737267,2,1,1,1,1,1,1,0,0,0,0,13.0,0.39529831592853254,0.9514337778091431,1,1,0,11,196,1.0,2.0,0.6666666666666666,0.6666666666666666,0,2,2,2
W2793657315,2018,2018-01-22,Hydrological Processes,last,Water Science and Technology,Environmental Science,Physical Sciences,article,en,journal,hybrid,0.9998999834060668,5,1,5,3,37,4740.0,4740.0,0.86431472,30,1,1,1,0,0,1,1,0,0,0,13.0,0.45838428689883304,0.8701639771461487,1,9,0,17,258,6.0,11.0,3.6666666666666665,3.6666666666666665,2,4,6,6
W2784517883,2018,2018-01-25,Journal of Environmental Quality,middle,Agronomy and Crop Science,Agricultural and Biological Sciences,Life Sciences,article,en,journal,hybrid,0.9998000264167786,4,1,4,3,55,1350.0,1350.0,0.93695921,23,1,1,1,0,0,1,0,0,0,1,20.0,0.41152516156435015,0.776099681854248,1,0,0,11,242,5.0,10.0,3.3333333333333335,3.3333333333333335,4,2,6,6
W4401010491,2024,2024-07-26,Field Crops Research,middle,Ecology,Environmental Science,Physical Sciences,article,en,journal,hybrid,0.9990000128746032,11,1,11,1,93,3970.0,3970.0,0.94123777,9,1,0,1,0,0,1,0,0,0,1,9.0,0.42983612418174744,0.7851131558418274,1,0,0,12,372,9.0,9.0,3.0,3.0,4,4,8,8
W4387054868,2023,2023-01-01,Renewable Agriculture and Food Systems,last,"Ecology, Evolution, Behavior and Systematics",Agricultural and Biological Sciences,Life Sciences,article,en,journal,diamond,0.9962999820709229,3,1,3,1,31,,,0.93317935,7,1,0,1,1,1,1,1,0,0,1,18.0,0.38502220147185856,0.751175045967102,1,5,0,18,293,3.0,7.0,2.3333333333333335,2.3333333333333335,0,3,3,3
W4382049678,2023,2023-06-26,Agronomy Journal,middle,Agronomy and Crop Science,Agricultural and Biological Sciences,Life Sciences,article,en,journal,bronze,1.0,4,1,4,3,42,1350.0,,0.83149629,5,1,1,1,0,0,1,1,0,0,0,15.0,0.5441423674424489,0.862865686416626,1,6,0,17,259,1.0,5.0,1.6666666666666667,1.6666666666666667,1,2,3,3
W4391401165,2024,2024-01-31,GCB Bioenergy,last,Agronomy and Crop Science,Agricultural and Biological Sciences,Life Sciences,article,en,journal,gold,0.9998999834060668,4,1,4,3,42,2750.0,2750.0,0.8786679,5,1,1,1,1,1,1,1,0,0,0,20.0,0.44461015313863755,0.9603148698806763,1,8,0,17,169,4.0,5.0,1.6666666666666667,1.6666666666666667,1,2,3,3
W4403453988,2024,2024-10-16,Journal of Environmental Quality,first,Plant Science,Agricultural and Biological Sciences,Life Sciences,article,en,journal,hybrid,0.9775999784469604,21,1,21,2,37,1350.0,1350.0,0.90824185,5,1,0,1,0,0,1,1,1,0,1,17.0,0.459236683214412,0.6727449893951416,1,6,0,10,255,4.0,5.0,1.6666666666666667,1.6666666666666667,4,1,5,5
W4403688212,2024,2024-10-23,Agriculture and Human Values,last,Global and Planetary Change,Environmental Science,Physical Sciences,article,en,journal,closed,0.972000002861023,3,1,3,2,45,3590.0,,0.81612221,5,0,0,0,0,0,1,0,0,0,0,21.0,0.41133093975839163,0.7654281854629517,0,2,0,17,0,5.0,5.0,1.6666666666666667,1.6666666666666667,4,0,4,4
W4390840499,2024,2024-01-12,GCB Bioenergy,middle,Agronomy and Crop Science,Agricultural and Biological Sciences,Life Sciences,article,en,journal,gold,0.9998999834060668,20,1,20,3,52,2750.0,2750.0,0.84787295,4,1,1,1,1,1,1,1,0,0,0,18.0,0.47450504534774357,0.7929071187973022,1,7,0,17,258,3.0,4.0,1.3333333333333333,1.3333333333333333,1,2,3,3
W4406254218,2025,2025-01-09,Journal of Environmental Quality,last,Information Systems and Management,Decision Sciences,Social Sciences,article,en,journal,hybrid,0.9717000126838684,6,1,6,4,42,1350.0,1350.0,0.95806631,2,1,1,1,0,0,1,1,0,0,1,15.0,0.44476121068000796,0.7834625840187073,0,4,0,19,236,2.0,2.0,0.6666666666666666,0.6666666666666666,2,0,2,2
W4407235310,2025,2025-02-07,GCB Bioenergy,last,Global and Planetary Change,Environmental Science,Physical Sciences,article,en,journal,gold,0.9993000030517578,9,1,9,4,78,2750.0,2750.0,0.82943537,2,1,1,1,1,1,1,1,0,0,0,18.0,0.39953650699721444,0.8762221932411194,0,9,0,25,295,2.0,2.0,0.6666666666666666,0.6666666666666666,1,1,2,2
W4411625979,2025,2025-06-25,One Earth,middle,Environmental Engineering,Environmental Science,Physical Sciences,article,en,journal,hybrid,0.9502000212669371,17,1,17,1,63,8900.0,8900.0,0.69796567,1,1,0,1,0,0,1,0,0,0,0,9.0,0.3453170127338833,0.7147696018218994,0,0,0,15,0,1.0,1.0,0.3333333333333333,0.3333333333333333,1,0,1,1
W4416914040,2025,2025-12-02,SOIL,middle,Agronomy and Crop Science,Agricultural and Biological Sciences,Life Sciences,article,en,journal,gold,0.79339998960495,4,3,4,3,69,1110.0,1110.0,0.87649231,1,1,1,1,1,1,1,1,0,0,0,8.0,0.5391750000417233,0.7860999703407288,0,3,0,11,216,1.0,1.0,0.3333333333333333,0.3333333333333333,1,0,1,1
W4251994522,2018,2018-12-14,Renewable Energy,first,Biomedical Engineering,Engineering,Physical Sciences,book-chapter,en,journal,closed,0.2108000069856643,23,0,23,1,0,4000.0,,0.7840407,12,0,0,0,0,0,1,0,1,0,0,6.0,0.4003857026497523,0.9595482349395752,1,0,0,3,151,1.0,2.0,0.6666666666666666,0.6666666666666666,1,1,2,2
W2971750099,2019,2019-09-05,Nature Communications,middle,Soil Science,Agricultural and Biological Sciences,Life Sciences,erratum,en,journal,gold,0.4650000035762787,7,4,7,7,0,4808.0,4808.0,0.72305301,6,1,1,1,1,1,1,0,0,0,0,13.0,0.3616371475733243,0.8095952272415161,1,1,0,12,21,0.0,1.0,0.3333333333333333,0.3333333333333333,0,1,1,1
W3134492929,2021,2021-03-01,SOIL,middle,Soil Science,Agricultural and Biological Sciences,Life Sciences,article,en,journal,gold,0.9957000017166138,4,1,4,3,31,1110.0,1110.0,0.6709787,4,1,1,1,1,1,1,1,0,0,0,13.0,0.477203715306062,0.7198392748832703,1,8,0,13,158,0.0,1.0,0.3333333333333333,0.3333333333333333,0,0,0,0
W2895334373,2018,2018-10-06,GCB Bioenergy,middle,Agronomy and Crop Science,Agricultural and Biological Sciences,Life Sciences,article,en,journal,gold,0.9994000196456908,6,1,6,5,52,2750.0,2750.0,0.82221483,6,1,1,1,1,1,1,0,0,0,0,12.0,0.4260204682747523,0.7192981243133545,1,2,0,15,233,2.0,3.0,1.0,1.0,2,0,2,2
W3017521093,2020,2020-04-25,Soil Science Society of America Journal,last,Agronomy and Crop Science,Agricultural and Biological Sciences,Life Sciences,article,en,journal,hybrid,0.9998000264167786,2,1,2,2,62,1350.0,1350.0,0.72209399,5,1,1,1,0,0,1,1,1,0,0,14.0,0.47780079926763264,0.7268614768981934,1,0,0,12,295,2.0,3.0,1.0,1.0,1,2,3,3
W4237873524,2018,2018-02-06,,middle,Soil Science,Agricultural and Biological Sciences,Life Sciences,book-chapter,en,,closed,0.9745000004768372,3,0,3,1,1,,,0.4458498,15,0,0,0,0,0,0,0,0,0,0,10.0,0.3320206552743912,0.6431097984313965,0,0,0,13,159,0.0,0.0,0.0,0.0,0,0,0,0
W2950318968,2019,2019-06-13,Ecosystems,middle,Global and Planetary Change,Environmental Science,Physical Sciences,article,en,journal,green,0.9994999766349792,5,1,5,2,47,4390.0,,0.59599722,3,1,1,0,0,0,1,0,0,0,0,14.0,0.4721388561385019,0.8377799987792969,0,2,0,9,0,0.0,2.0,0.6666666666666666,0.6666666666666666,0,1,1,1
W4285261832,2022,2022-01-01,Frontiers of Agricultural Science and Engineering,middle,Soil Science,Agricultural and Biological Sciences,Life Sciences,article,en,journal,diamond,0.934599995613098,8,3,8,2,22,,,0.56747826,2,1,1,1,1,1,1,1,0,0,0,16.0,0.40289816446602345,0.8330041766166687,1,1,0,17,204,0.0,1.0,0.3333333333333333,0.3333333333333333,0,0,0,0
W4311666142,2022,2022-12-15,Environmental Science & Technology,last,"Renewable Energy, Sustainability and the Environment",Energy,Physical Sciences,erratum,en,journal,hybrid,0.9578999876976012,6,0,6,4,0,,,0.28402622,1,1,1,1,0,0,1,0,0,0,0,18.0,0.3125301914082633,0.6460697650909424,1,4,0,26,85,0.0,0.0,0.0,0.0,0,0,0,0
W4366596915,2023,2023-04-20,Frontiers in Plant Science,middle,Agronomy and Crop Science,Agricultural and Biological Sciences,Life Sciences,erratum,en,journal,gold,0.997099995613098,6,1,6,4,0,2950.0,2950.0,0.56440702,1,1,1,1,1,1,1,1,0,0,0,12.0,0.42559123535950977,0.8167389035224915,1,0,0,16,6,0.0,1.0,0.3333333333333333,0.3333333333333333,0,1,1,1
W4403097737,2024,2024-10-03,Biogeochemistry,middle,Agronomy and Crop Science,Agricultural and Biological Sciences,Life Sciences,article,en,journal,hybrid,0.9988999962806702,7,1,7,2,69,3290.0,3290.0,0.70128899,1,1,1,1,0,0,1,1,0,0,0,11.0,0.46583654663779517,0.7023141384124756,1,6,0,9,253,1.0,1.0,0.3333333333333333,0.3333333333333333,1,0,1,1
W4405939605,2024,2024-07-29,,last,Plant Science,Agricultural and Biological Sciences,Life Sciences,preprint,en,,gold,0.4690999984741211,3,0,3,1,0,,,0.8034276,1,1,0,1,0,0,0,1,0,0,0,9.0,0.29268864128324723,0.6061875224113464,0,2,0,10,141,1.0,1.0,0.3333333333333333,0.3333333333333333,1,0,1,1
W4405979644,2024,2024-12-31,,last,Plant Science,Agricultural and Biological Sciences,Life Sciences,preprint,en,,gold,0.38960000872612,3,0,3,1,0,,,0.79848212,1,1,0,1,0,0,0,1,0,0,0,6.0,0.3816423565149307,0.8699524402618408,1,2,0,9,34,1.0,1.0,0.3333333333333333,0.3333333333333333,1,0,1,1
W4407399456,2025,2025-02-12,Journal of Environmental Quality,last,Environmental Chemistry,Environmental Science,Physical Sciences,article,en,journal,hybrid,0.996999979019165,4,1,4,4,59,1350.0,1350.0,0.67505575,1,1,1,1,0,0,1,1,0,0,0,10.0,0.4415800303220749,0.9339176416397095,1,4,0,18,239,1.0,1.0,0.3333333333333333,0.3333333333333333,1,0,1,1
W4410968834,2025,2025-06-02,Communications Earth & Environment,last,Economics and Econometrics,"Economics, Econometrics and Finance",Social Sciences,article,en,journal,gold,0.9463000297546388,2,1,2,2,55,2440.0,2440.0,0.91197625,1,1,1,1,1,1,1,1,0,0,1,15.0,0.40278327266375225,0.8527092337608337,1,9,0,12,262,1.0,1.0,0.3333333333333333,0.3333333333333333,1,0,1,1
W4411186113,2025,2025-06-10,GCB Bioenergy,middle,Agronomy and Crop Science,Agricultural and Biological Sciences,Life Sciences,article,en,journal,gold,0.9995999932289124,4,1,4,3,103,2750.0,2750.0,0.82847201,1,1,1,1,1,1,1,1,0,0,0,14.0,0.38602844306400846,0.5744924545288086,0,7,0,11,251,1.0,1.0,0.3333333333333333,0.3333333333333333,1,0,1,1
W4413033469,2025,2025-08-06,Journal of Environmental Quality,last,Global and Planetary Change,Environmental Science,Physical Sciences,article,en,journal,hybrid,0.9994999766349792,9,1,9,3,67,1350.0,1350.0,0.77132577,1,1,1,1,0,0,1,1,0,0,0,5.0,0.37899409532546996,0.5500251650810242,0,5,0,14,183,1.0,1.0,0.3333333333333333,0.3333333333333333,1,0,1,1
W4285796133,2022,2022-07-19,Science Data Bank Datasets,middle,Building and Construction,Engineering,Physical Sciences,dataset,en,repository,closed,0.7324000000953674,6,0,6,1,0,,,,0,0,0,0,0,0,0,0,0,0,0,10.0,0.477564737200737,0.9148404002189636,1,0,0,19,51,0.0,0.0,0.0,0.0,0,0,0,0
W4386525015,2023,2023-09-07,Geoderma Regional,middle,Environmental Engineering,Environmental Science,Physical Sciences,article,en,journal,green,0.9883999824523926,6,6,6,3,5,2640.0,,0.43188901,1,1,1,0,0,0,1,0,0,0,0,5.0,0.3416955232620239,0.42392027378082275,0,1,0,15,0,0.0,1.0,0.3333333333333333,0.3333333333333333,0,1,1,1
W2911949591,2018,2018-01-01,"AgEcon Search (University of Minnesota, USA)",middle,Biomedical Engineering,Engineering,Physical Sciences,article,en,repository,green,0.815500020980835,10,0,10,4,0,,,0.16973847,0,1,1,1,0,0,0,0,0,0,0,9.0,0.42891672253608704,0.9190858006477356,1,0,0,10,13,0.0,0.0,0.0,0.0,0,0,0,0
W2959316156,2018,2018-12-31,International Journal of Metallurgy and Metal Physics,last,Mechanics of Materials,Engineering,Physical Sciences,article,en,journal,diamond,0.9976000189781188,4,1,4,1,8,,,0.52771288,2,1,0,1,1,0,1,1,0,0,0,15.0,0.4892965932687124,0.8418245315551758,0,0,0,15,128,1.0,1.0,0.3333333333333333,0.3333333333333333,1,0,1,1
W2911642034,2019,2019-02-01,Journal of Central South University,middle,Mechanical Engineering,Engineering,Physical Sciences,article,en,journal,closed,0.9990000128746032,6,2,6,2,43,,,0.6791774,17,0,0,0,0,0,0,0,0,0,0,14.0,0.41680510129247395,0.9592362642288208,0,0,0,15,0,0.0,0.0,0.0,0.0,0,0,0,0
W3002479026,2020,2020-01-23,Land,first,Plant Science,Agricultural and Biological Sciences,Life Sciences,review,en,journal,gold,0.991100013256073,14,4,14,5,148,2165.0,2165.0,0.99987294,680,1,1,1,1,1,1,0,0,1,1,18.0,0.38591987060176003,0.797595739364624,1,0,0,10,195,209.0,326.0,108.66666666666667,108.66666666666667,122,104,226,226
W4240058343,2018,2018-01-01,,first,Agronomy and Crop Science,Agricultural and Biological Sciences,Life Sciences,book,en,,closed,0.9758999943733216,4,2,4,1,0,,,0.99411765,378,0,0,0,0,0,0,0,1,1,1,21.0,0.36373125797226313,0.7870650887489319,1,0,0,7,0,26.0,46.0,15.333333333333334,15.333333333333334,0,26,26,26
W2799878667,2018,2018-04-24,Journal of Cleaner Production,middle,Soil Science,Agricultural and Biological Sciences,Life Sciences,article,en,journal,closed,0.9937999844551086,8,2,8,1,84,4100.0,,0.99551019,247,0,0,0,0,0,1,0,1,1,1,15.0,0.4782414972782135,0.8384072184562683,1,0,0,14,0,47.0,63.0,21.0,21.0,20,30,50,50
W3002630908,2020,2020-01-21,Geoderma,first,Soil Science,Agricultural and Biological Sciences,Life Sciences,article,en,journal,closed,0.9998999834060668,3,1,3,1,91,2800.0,,0.99864992,216,0,0,0,0,1,1,0,1,1,1,16.0,0.46636078879237175,0.9233871698379517,1,0,0,20,0,108.0,156.0,52.0,52.0,80,47,127,127
W4245759706,2020,2020-01-01,,middle,General Agricultural and Biological Sciences,Agricultural and Biological Sciences,Life Sciences,book,en,,closed,0.130400002002716,3,1,3,1,12,,,0.99489796,215,0,0,0,0,0,0,0,0,1,1,6.0,0.34809017181396484,0.5548723340034485,1,0,0,5,0,53.0,106.0,35.333333333333336,35.333333333333336,3,50,53,53
W4243679046,2021,2021-01-01,,middle,Environmental Chemistry,Environmental Science,Physical Sciences,book,en,,closed,0.0764999985694885,3,1,3,2,47,,,0.98892989,187,0,0,0,0,0,0,0,0,0,1,14.0,0.39319643804005217,0.6448384523391724,1,4,0,8,0,69.0,101.0,33.666666666666664,33.666666666666664,24,45,69,69
W3035498951,2020,2020-06-11,CATENA,first,Soil Science,Agricultural and Biological Sciences,Life Sciences,article,en,journal,closed,0.9976999759674072,3,2,3,1,47,3580.0,,0.99783169,178,0,0,0,0,0,1,0,1,1,1,19.0,0.4419975045480226,0.8239939212799072,1,0,0,22,0,95.0,141.0,47.0,47.0,92,49,141,141
W4255850124,2019,2019-08-24,,middle,Soil Science,Agricultural and Biological Sciences,Life Sciences,book,en,,closed,0.7857000231742859,4,3,4,2,0,,,0.98555957,165,0,0,0,0,0,0,0,0,0,1,20.0,0.38905142843723295,0.720299243927002,1,0,0,6,0,21.0,37.0,12.333333333333334,12.333333333333334,12,20,32,32
W4246404983,2019,2019-09-06,,first,"Ecology, Evolution, Behavior and Systematics",Agricultural and Biological Sciences,Life Sciences,book,en,,closed,0.2097000032663345,1,1,1,1,0,,,0.99630656,161,0,0,0,0,0,0,0,1,1,1,25.0,0.4026982927322388,0.7832067012786865,1,0,0,6,0,9.0,35.0,11.666666666666666,11.666666666666666,4,24,28,28
W2819519685,2018,2018-01-01,,middle,Plant Science,Agricultural and Biological Sciences,Life Sciences,book-chapter,en,,closed,0.9998000264167786,6,3,6,1,137,,,0.99701027,140,0,0,0,0,0,0,0,0,1,1,12.0,0.4434015279014905,0.7281602621078491,1,0,0,7,0,22.0,36.0,12.0,12.0,0,22,22,22
W4254311546,2020,2020-12-16,,middle,General Agricultural and Biological Sciences,Agricultural and Biological Sciences,Life Sciences,book,en,,closed,0.3944000005722046,4,1,4,1,8,,,0.99019608,132,0,0,0,0,0,0,0,0,1,1,10.0,0.352957484126091,0.89506596326828,1,0,0,7,0,30.0,67.0,22.333333333333332,22.333333333333332,30,37,67,67
W4220658517,2022,2022-03-11,Sustainability,middle,Plant Science,Agricultural and Biological Sciences,Life Sciences,article,en,journal,gold,0.9998000264167786,6,1,6,4,195,2382.0,2382.0,0.99734003,130,1,1,1,1,0,1,1,0,1,1,16.0,0.39143562503159046,0.9585121273994446,1,0,0,13,188,32.0,70.0,23.333333333333332,23.333333333333332,21,30,51,51
W4243091587,2021,2021-01-01,,middle,"Ecology, Evolution, Behavior and Systematics",Agricultural and Biological Sciences,Life Sciences,book,en,,closed,0.4636000096797943,5,1,5,1,4,,,0.99509403,125,0,0,0,0,0,0,0,0,1,1,9.0,0.37479115857018364,0.9528359174728394,1,0,0,7,0,30.0,50.0,16.666666666666668,16.666666666666668,0,30,30,30
W2813132695,2018,2018-01-01,,middle,Agronomy and Crop Science,Agricultural and Biological Sciences,Life Sciences,book-chapter,en,,closed,1.0,9,2,9,1,147,,,1.0,122,0,0,0,0,0,0,0,0,1,1,12.0,0.43045282115538913,0.9312386512756348,1,0,0,11,0,22.0,31.0,10.333333333333334,10.333333333333334,0,22,22,22
W4213322979,2021,2021-12-29,Land Degradation and Development,middle,Nature and Landscape Conservation,Environmental Science,Physical Sciences,article,en,journal,closed,0.9980999827384948,5,1,5,1,53,4740.0,,0.99783103,115,0,0,0,0,0,1,0,1,1,1,7.0,0.4072722111429487,0.7062581181526184,1,0,0,18,370,20.0,37.0,12.333333333333334,12.333333333333334,20,17,37,37
W3091788256,2020,2020-01-01,,middle,Plant Science,Agricultural and Biological Sciences,Life Sciences,book-chapter,en,,closed,0.9995999932289124,10,7,10,1,216,,,0.99680666,109,0,0,0,0,0,0,0,0,1,1,17.0,0.380100057405584,0.6387133598327637,1,0,0,24,0,9.0,26.0,8.666666666666666,8.666666666666666,0,9,9,9
W2858615040,2018,2018-01-01,,middle,Soil Science,Agricultural and Biological Sciences,Life Sciences,book-chapter,en,,closed,0.9997000098228456,8,3,8,1,160,,,0.99776286,104,0,0,0,0,0,0,0,0,1,1,18.0,0.397088885307312,0.7178501486778259,1,0,0,7,0,23.0,32.0,10.666666666666666,10.666666666666666,0,23,23,23
W2913626996,2019,2019-02-13,Agriculture Ecosystems & Environment,middle,Plant Science,Agricultural and Biological Sciences,Life Sciences,article,en,journal,closed,0.9980999827384948,8,2,8,2,94,3690.0,,0.98535913,104,0,0,0,0,0,1,0,0,0,1,12.0,0.5030060137311617,0.9482728242874146,1,0,0,29,0,19.0,32.0,10.666666666666666,10.666666666666666,5,21,26,26
W2875963462,2018,2018-01-01,,middle,Plant Science,Agricultural and Biological Sciences,Life Sciences,book-chapter,en,,closed,0.9994000196456908,7,1,7,1,116,,,0.99376056,102,0,0,0,0,0,0,0,0,1,1,16.0,0.42779819667339325,0.6825208067893982,1,0,0,5,0,20.0,26.0,8.666666666666666,8.666666666666666,0,20,20,20
W2939831515,2019,2019-01-01,Applied Ecology and Environmental Research,middle,Food Science,Agricultural and Biological Sciences,Life Sciences,review,en,journal,diamond,0.983299970626831,18,8,18,1,170,,,0.98853568,100,1,0,1,1,0,1,1,0,0,1,7.0,0.3974039171423231,0.6824873685836792,1,0,0,19,62,14.0,32.0,10.666666666666666,10.666666666666666,2,12,14,14
W3133556021,2021,2021-03-07,Theoretical and Applied Genetics,middle,Plant Science,Agricultural and Biological Sciences,Life Sciences,review,en,journal,closed,0.9997000098228456,5,1,5,2,160,4490.0,,0.99407977,100,0,0,0,0,0,1,0,0,1,1,8.0,0.5374776721000671,0.7324690818786621,1,0,0,6,0,47.0,66.0,22.0,22.0,24,13,37,37
W4386323046,2023,2023-08-31,Biomass and Bioenergy,middle,Energy Engineering and Power Technology,Energy,Physical Sciences,article,en,journal,closed,0.9930999875068665,18,5,18,1,123,3740.0,,0.97728873,100,0,0,0,0,0,1,0,0,0,1,13.0,0.3797157406806946,0.7180724143981934,0,4,0,19,0,46.0,93.0,31.0,31.0,37,43,80,80
W4319161996,2023,2023-02-03,Frontiers in Microbiology,middle,Agronomy and Crop Science,Agricultural and Biological Sciences,Life Sciences,review,en,journal,gold,0.9994000196456908,10,1,10,4,119,2950.0,2950.0,0.99938499,98,1,1,1,1,1,1,1,1,1,1,16.0,0.45682107098400593,0.7678320407867432,1,0,0,17,510,44.0,84.0,28.0,28.0,23,39,62,62
W2858539905,2018,2018-01-01,,middle,Plant Science,Agricultural and Biological Sciences,Life Sciences,book-chapter,en,,closed,0.9990000128746032,9,1,9,1,102,,,0.99544271,96,0,0,0,0,0,0,0,0,1,1,18.0,0.37408923937214744,0.6930645108222961,1,0,0,8,0,23.0,35.0,11.666666666666666,11.666666666666666,1,22,23,23
W4206532816,2022,2022-01-13,Ecological Engineering,first,Soil Science,Agricultural and Biological Sciences,Life Sciences,article,en,journal,closed,0.998199999332428,5,1,5,1,45,3500.0,,0.99256522,93,0,0,0,0,0,1,0,1,1,1,17.0,0.3981812578790328,0.6425772905349731,1,1,0,14,0,42.0,65.0,21.666666666666668,21.666666666666668,5,31,36,36
W4206182351,2022,2022-01-10,Ecological Engineering,middle,Nature and Landscape Conservation,Environmental Science,Physical Sciences,article,en,journal,closed,0.9997000098228456,7,2,7,1,82,3500.0,,0.99740006,91,0,0,0,0,0,1,0,1,1,1,16.0,0.43657192029058933,0.706960916519165,1,0,0,11,0,29.0,63.0,21.0,21.0,7,31,38,38
W4386964211,2023,2023-09-21,Renewable and Sustainable Energy Reviews,first,Water Science and Technology,Environmental Science,Physical Sciences,article,en,journal,closed,0.9922999739646912,4,2,4,2,105,4830.0,,0.99146842,90,0,0,0,0,0,1,0,1,1,1,10.0,0.3808257609605789,0.6296089291572571,2,0,0,14,0,33.0,89.0,29.666666666666668,29.666666666666668,31,36,67,67
W4234194974,2019,2019-01-01,,first,Soil Science,Agricultural and Biological Sciences,Life Sciences,book,en,,closed,0.3375999927520752,4,1,4,1,0,,,0.97122302,86,0,0,0,0,0,0,0,1,0,1,21.0,0.39979790789740427,0.6124004125595093,1,0,0,6,0,3.0,13.0,4.333333333333333,4.333333333333333,0,3,3,3
