article_id,title,publication_date,publication_year,type,author_type,queried_author,general_h_index,general_i10_index,author_position,is_corresponding_author,n_authors,journal_display_name,journal_publisher,is_oa,oa_status,primary_topic,topic_subfield,topic_field,topic_domain,top_concepts,keywords,sdgs,total_citations,percentile_min,percentile_max,citation_norm_percentile,n_references,citations_year_6,citations_year_5,citations_year_4,citations_year_3,citations_year_2,citations_year_1,citations_year_0,citations_year_8,citations_year_7,author_total_citations
https://openalex.org/W2942591112,Excessive rainfall leads to maize yield loss of a comparable magnitude to extreme drought in the United States,2019-04-29,2019,article,Target_author,Kaiyu,69,156,middle,True,5,Global Change Biology,Wiley,True,hybrid,Climate change impacts on agriculture,"Ecology, Evolution, Behavior and Systematics",Agricultural and Biological Sciences,Life Sciences,"['Yield (engineering)', 'Environmental science', 'Crop yield', 'Crop', 'Agronomy']","['Yield (engineering)', 'Environmental science', 'Crop yield', 'Crop', 'Agronomy', 'Yield gap', 'Soil water', 'Crop insurance', 'Agriculture', 'Soil science', 'Biology', 'Ecology']",[],588,99.0,100.0,0.99964135,59,112.0,107.0,108.0,101.0,78.0,46.0,7.0,,28.0,10358
https://openalex.org/W2944794516,Integrating satellite and climate data to predict wheat yield in Australia using machine learning approaches,2019-05-11,2019,article,Target_author,Kaiyu,69,156,middle,True,11,Agricultural and Forest Meteorology,Elsevier BV,False,closed,Remote Sensing in Agriculture,Ecology,Environmental Science,Physical Sciences,"['Machine learning', 'Crop yield', 'Yield (engineering)', 'Lasso (programming language)', 'Satellite']","['Machine learning', 'Crop yield', 'Yield (engineering)', 'Lasso (programming language)', 'Satellite', 'Empirical modelling', 'Random forest', 'Support vector machine', 'Predictive modelling', 'Environmental science', 'Computer science', 'Agronomy', 'Engineering', 'Simulation']",['Climate action'],563,99.0,100.0,0.99927865,122,95.0,110.0,104.0,104.0,93.0,34.0,7.0,,16.0,10358
https://openalex.org/W2791592925,A high-performance and in-season classification system of field-level crop types using time-series Landsat data and a machine learning approach,2018-03-18,2018,article,Target_author,Kaiyu,69,156,middle,True,7,Remote Sensing of Environment,Elsevier BV,False,closed,Remote Sensing in Agriculture,Ecology,Environmental Science,Physical Sciences,"['Computer science', 'Field (mathematics)', 'Remote sensing', 'Machine learning', 'Contextual image classification']","['Computer science', 'Field (mathematics)', 'Remote sensing', 'Machine learning', 'Contextual image classification', 'Time series', 'Land cover', 'Artificial intelligence', 'Land use', 'Database', 'Data mining', 'Mathematics', 'Geography', 'Image (mathematics)']",[],522,98.0,100.0,0.99904342,53,96.0,70.0,92.0,77.0,62.0,41.0,6.0,15.0,62.0,10358
https://openalex.org/W3016616248,Digital agriculture to design sustainable agricultural systems,2020-04-16,2020,article,Target_author,Basso,70,193,first,True,2,Nature Sustainability,Nature Portfolio,False,closed,Photovoltaic Systems and Sustainability,Environmental Engineering,Environmental Science,Physical Sciences,"['Agriculture', 'Sustainable agriculture', 'Geospatial analysis', 'Business', 'Agricultural productivity']","['Agriculture', 'Sustainable agriculture', 'Geospatial analysis', 'Business', 'Agricultural productivity', 'Balance (ability)', 'Food systems', 'Balance of nature', 'Environmental resource management', 'Environmental planning', 'Production (economics)', 'Natural resource economics', 'Sustainable production', 'Sustainability', 'Food processing', 'Environmental economics', 'Environmental science', 'Geography', 'Food security', 'Remote sensing', 'Economics', 'Political science', 'Ecology']",['Zero hunger'],499,99.0,100.0,0.99901746,12,34.0,111.0,113.0,96.0,72.0,59.0,14.0,,,5518
https://openalex.org/W3000098473,Satellite-based soybean yield forecast: Integrating machine learning and weather data for improving crop yield prediction in southern Brazil,2020-01-09,2020,article,Target_author,Ciampitti,58,219,last,True,6,Agricultural and Forest Meteorology,Elsevier BV,False,closed,Remote Sensing in Agriculture,Ecology,Environmental Science,Physical Sciences,"['Yield (engineering)', 'Growing season', 'Crop yield', 'Linear regression', 'Random forest']","['Yield (engineering)', 'Growing season', 'Crop yield', 'Linear regression', 'Random forest', 'Multivariate statistics', 'Bayesian multivariate linear regression', 'Precipitation', 'Statistics', 'Satellite', 'Climatology', 'Mathematics', 'Environmental science', 'Meteorology', 'Computer science', 'Machine learning', 'Geography', 'Agronomy', 'Engineering', 'Biology']",['Zero hunger'],372,99.0,100.0,0.99897968,42,12.0,62.0,87.0,67.0,77.0,51.0,16.0,,,7582
https://openalex.org/W4402262878,Climate change exacerbates the environmental impacts of agriculture,2024-09-05,2024,review,Target_author,Lobell,112,269,middle,True,40,Science,American Association for the Advancement of Science,True,green,Climate change impacts on agriculture,"Ecology, Evolution, Behavior and Systematics",Agricultural and Biological Sciences,Life Sciences,"['Climate change', 'Agriculture', 'Greenhouse gas', 'Natural resource economics', 'Agrochemical']","['Climate change', 'Agriculture', 'Greenhouse gas', 'Natural resource economics', 'Agrochemical', 'Sustainable agriculture', 'Environmental science', 'Sustainability', 'Environmental resource management', 'Population', 'Business', 'Economics', 'Geography', 'Ecology']",['Zero hunger'],364,99.0,100.0,1.0,149,,,,,97.0,251.0,16.0,,,8518
https://openalex.org/W2943472941,Smallholder maize area and yield mapping at national scales with Google Earth Engine,2019-04-30,2019,article,Target_author,Lobell,112,269,last,True,7,Remote Sensing of Environment,Elsevier BV,False,closed,Climate change impacts on agriculture,"Ecology, Evolution, Behavior and Systematics",Agricultural and Biological Sciences,Life Sciences,"['Remote sensing', 'Yield (engineering)', 'Environmental science', 'Earth (classical element)', 'Earth observation']","['Remote sensing', 'Yield (engineering)', 'Environmental science', 'Earth (classical element)', 'Earth observation', 'Scale (ratio)', 'Geography', 'Mathematics', 'Satellite', 'Cartography', 'Engineering', 'Materials science', 'Aerospace engineering']",['Zero hunger'],361,99.0,100.0,0.99948542,52,45.0,59.0,69.0,65.0,59.0,43.0,9.0,,12.0,8518
https://openalex.org/W4389113716,Transfer learning in environmental remote sensing,2023-11-28,2023,article,Target_author,Lobell,112,269,last,True,4,Remote Sensing of Environment,Elsevier BV,False,closed,Species Distribution and Climate Change,Ecological Modeling,Environmental Science,Physical Sciences,"['Interpretability', 'Computer science', 'Remote sensing', 'Transfer of learning', 'Benchmark (surveying)']","['Interpretability', 'Computer science', 'Remote sensing', 'Transfer of learning', 'Benchmark (surveying)', 'Environmental monitoring', 'Domain (mathematical analysis)', 'Scale (ratio)', 'Land cover', 'Ground truth', 'Data science', 'Machine learning', 'Environmental science', 'Land use', 'Geography', 'Cartography']",[],341,99.0,100.0,0.9998803,245,,,,49.0,203.0,89.0,,,,8518
https://openalex.org/W3016661890,Towards a multiscale crop modelling framework for climate change adaptation assessment,2020-04-15,2020,review,Target_author,Peng,40,71,first,True,27,Nature Plants,Nature Portfolio,False,closed,Climate change impacts on agriculture,"Ecology, Evolution, Behavior and Systematics",Agricultural and Biological Sciences,Life Sciences,"['Predictability', 'Sustainability', 'Climate change', 'Computer science', 'Crop production']","['Predictability', 'Sustainability', 'Climate change', 'Computer science', 'Crop production', 'Environmental resource management', 'Scale (ratio)', 'Adaptation (eye)', 'Environmental science', 'Agriculture', 'Ecology', 'Geography', 'Mathematics']",['Climate action'],302,90.0,100.0,0.99960194,186,18.0,66.0,37.0,59.0,53.0,47.0,21.0,,,4976
https://openalex.org/W2884351509,"Plant litter quality affects the accumulation rate, composition, and stability of mineral-associated soil organic matter",2018-07-14,2018,article,Target_author,Castellano,48,95,last,True,6,Soil Biology and Biochemistry,Elsevier BV,True,green,Soil Carbon and Nitrogen Dynamics,Soil Science,Agricultural and Biological Sciences,Life Sciences,"['Mineralization (soil science)', 'Loam', 'Soil water', 'Organic matter', 'Agronomy']","['Mineralization (soil science)', 'Loam', 'Soil water', 'Organic matter', 'Agronomy', 'Nutrient', 'Litter', 'Chemistry', 'Plant litter', 'Nitrogen cycle', 'Animal science', 'Soil organic matter', 'Nutrient cycle', 'Nitrogen', 'Biology', 'Ecology']",['Life in Land'],242,90.0,100.0,0.9880554,77,37.0,39.0,41.0,25.0,19.0,8.0,1.0,16.0,56.0,3569
https://openalex.org/W2952918888,Leveraging biological insight and environmental variation to improve phenotypic prediction: Integrating crop growth models (CGM) with whole genome prediction (WGP),2018-02-01,2018,article,Target_author,Messina,53,97,first,True,6,European Journal of Agronomy,Elsevier BV,False,closed,Genetics and Plant Breeding,Plant Science,Agricultural and Biological Sciences,Life Sciences,"['Bayesian probability', 'Predictive modelling', 'Computer science', 'Best linear unbiased prediction', 'Gibbs sampling']","['Bayesian probability', 'Predictive modelling', 'Computer science', 'Best linear unbiased prediction', 'Gibbs sampling', 'Machine learning', 'Data mining', 'Selection (genetic algorithm)', 'Artificial intelligence']",['Zero hunger'],217,90.0,100.0,0.99608472,78,23.0,29.0,42.0,32.0,23.0,12.0,9.0,9.0,37.0,3276
https://openalex.org/W4210763428,Using soil library hyperspectral reflectance and machine learning to predict soil organic carbon: Assessing potential of airborne and spaceborne optical soil sensing,2022-02-02,2022,article,Target_author,Kaiyu,69,156,middle,True,10,Remote Sensing of Environment,Elsevier BV,True,green,Soil Geostatistics and Mapping,Environmental Engineering,Environmental Science,Physical Sciences,"['Hyperspectral imaging', 'Environmental science', 'Remote sensing', 'Soil carbon', 'Mean squared error']","['Hyperspectral imaging', 'Environmental science', 'Remote sensing', 'Soil carbon', 'Mean squared error', 'Atmospheric radiative transfer codes', 'Soil water', 'Imaging spectrometer', 'Partial least squares regression', 'Coefficient of determination', 'Soil science', 'Radiative transfer', 'Computer science', 'Machine learning', 'Geology', 'Mathematics', 'Spectrometer']",['Life in Land'],212,99.0,100.0,0.99814023,101,,,14.0,77.0,61.0,40.0,20.0,,,10358
https://openalex.org/W2804612942,New Insights into Soybean Biological Nitrogen Fixation,2018-05-25,2018,article,Target_author,Ciampitti,58,219,first,True,2,Agronomy Journal,Wiley,True,hybrid,Legume Nitrogen Fixing Symbiosis,Plant Science,Agricultural and Biological Sciences,Life Sciences,"['Nitrogen fixation', 'Fixation (population genetics)', 'Nitrogen', 'Agronomy', 'Fertilizer']","['Nitrogen fixation', 'Fixation (population genetics)', 'Nitrogen', 'Agronomy', 'Fertilizer', 'Crop yield', 'Chemistry', 'Biology', 'Biochemistry']",[],211,96.0,100.0,0.99611168,99,33.0,28.0,39.0,34.0,25.0,15.0,3.0,9.0,25.0,7582
https://openalex.org/W2789411445,"Sun‐Induced Chlorophyll Fluorescence, Photosynthesis, and Light Use Efficiency of a Soybean Field from Seasonally Continuous Measurements",2018-01-30,2018,article,Target_author,Kaiyu,69,156,middle,True,13,Journal of Geophysical Research Biogeosciences,Wiley,True,green,Plant Water Relations and Carbon Dynamics,Global and Planetary Change,Environmental Science,Physical Sciences,"['Photosynthetically active radiation', 'Eddy covariance', 'Chlorophyll fluorescence', 'Atmospheric sciences', 'Primary production']","['Photosynthetically active radiation', 'Eddy covariance', 'Chlorophyll fluorescence', 'Atmospheric sciences', 'Primary production', 'Photosynthesis', 'Growing season', 'Canopy', 'Environmental science', 'Ecosystem', 'Field experiment', 'Mathematics', 'Physics', 'Botany', 'Ecology', 'Biology', 'Statistics']",['Zero hunger'],210,99.0,100.0,0.99394648,72,24.0,21.0,32.0,33.0,29.0,25.0,7.0,6.0,33.0,10358
https://openalex.org/W2977809484,Approaches to improve soil fertility in sub-Saharan Africa,2019-10-03,2019,article,Target_author,Vara Prasad,93,359,last,True,4,Journal of Experimental Botany,Oxford University Press,True,bronze,Soil Carbon and Nitrogen Dynamics,Soil Science,Agricultural and Biological Sciences,Life Sciences,"['Soil fertility', 'Agriculture', 'Livelihood', 'Soil quality', 'Environmental resource management']","['Soil fertility', 'Agriculture', 'Livelihood', 'Soil quality', 'Environmental resource management', 'Capacity building', 'Environmental planning', 'Business', 'Natural resource', 'Agroforestry', 'Geography', 'Natural resource economics', 'Environmental science', 'Economic growth', 'Ecology', 'Economics', 'Biology']",['Zero hunger'],200,90.0,100.0,0.99373212,45,26.0,45.0,42.0,25.0,33.0,15.0,1.0,,13.0,13299
https://openalex.org/W3120007553,"Eyes in the Sky, Boots on the Ground: Assessing Satellite‐ and Ground‐Based Approaches to Crop Yield Measurement and Analysis",2019-08-22,2019,article,Target_author,Lobell,112,269,first,True,7,American Journal of Agricultural Economics,Wiley,True,green,Land Use and Ecosystem Services,Global and Planetary Change,Environmental Science,Physical Sciences,"['Yield (engineering)', 'Crop yield', 'Crop', 'Plot (graphics)', 'Agriculture']","['Yield (engineering)', 'Crop yield', 'Crop', 'Plot (graphics)', 'Agriculture', 'Environmental science', 'Satellite', 'Productivity', 'Agricultural engineering', 'Production (economics)', 'Mathematics', 'Agronomy', 'Geography', 'Statistics', 'Economics', 'Forestry', 'Engineering']",['Zero hunger'],187,90.0,100.0,0.98736377,30,37.0,37.0,31.0,25.0,30.0,15.0,4.0,,7.0,8518
https://openalex.org/W4205766186,"Climate and agronomy, not genetics, underpin recent maize yield gains in favorable environments",2022-01-18,2022,article,Target_author,Grassini,56,106,last,True,6,Proceedings of the National Academy of Sciences,National Academy of Sciences,True,hybrid,Crop Yield and Soil Fertility,Agronomy and Crop Science,Agricultural and Biological Sciences,Life Sciences,"['Agronomy', 'Yield (engineering)', 'Climate change', 'Environmental science', 'Biology']","['Agronomy', 'Yield (engineering)', 'Climate change', 'Environmental science', 'Biology', 'Biotechnology', 'Ecology', 'Materials science']",['Zero hunger'],182,99.0,100.0,0.99951224,55,,,14.0,47.0,53.0,44.0,24.0,,,3977
https://openalex.org/W3008267992,Redefining droughts for the U.S. Corn Belt: The dominant role of atmospheric vapor pressure deficit over soil moisture in regulating stomatal behavior of Maize and Soybean,2020-02-21,2020,article,Target_author,Kaiyu,69,156,middle,True,8,Agricultural and Forest Meteorology,Elsevier BV,True,bronze,Plant Water Relations and Carbon Dynamics,Global and Planetary Change,Environmental Science,Physical Sciences,"['Vapour Pressure Deficit', 'Eddy covariance', 'Environmental science', 'Water content', 'Canopy conductance']","['Vapour Pressure Deficit', 'Eddy covariance', 'Environmental science', 'Water content', 'Canopy conductance', 'Soil water', 'Agronomy', 'Stomatal conductance', 'Biometeorology', 'Precipitation', 'Atmospheric sciences', 'Transpiration', 'Canopy', 'Ecosystem', 'Soil science', 'Geography', 'Ecology', 'Meteorology', 'Chemistry', 'Photosynthesis']",[],176,97.0,100.0,0.98854003,72,8.0,30.0,34.0,31.0,43.0,26.0,4.0,,,10358
https://openalex.org/W2978862405,Sustainable intensification of agricultural drainage,2019-10-07,2019,article,Target_author,Castellano,48,95,first,True,5,Nature Sustainability,Nature Portfolio,False,closed,Soil and Water Nutrient Dynamics,Environmental Chemistry,Environmental Science,Physical Sciences,"['Drainage', 'Environmental science', 'Agriculture', 'Greenhouse gas', 'Sustainable agriculture']","['Drainage', 'Environmental science', 'Agriculture', 'Greenhouse gas', 'Sustainable agriculture', 'Nutrient', 'Ecology']",['Zero hunger'],174,96.0,100.0,0.99026489,54,31.0,34.0,29.0,32.0,27.0,12.0,3.0,,5.0,3569
https://openalex.org/W3009047590,Production of biofuels from sorghum,2020-03-04,2020,article,Target_author,Vara Prasad,93,359,last,True,10,Renewable and Sustainable Energy Reviews,Elsevier BV,False,closed,Biofuel production and bioconversion,Biomedical Engineering,Engineering,Physical Sciences,"['Biofuel', 'Bioenergy', 'Sweet sorghum', 'Biomass (ecology)', 'Biorefinery']","['Biofuel', 'Bioenergy', 'Sweet sorghum', 'Biomass (ecology)', 'Biorefinery', 'Sorghum', 'Environmental science', 'Biodiesel', 'Bioproducts', 'Energy crop', 'Biohydrogen', 'Biotechnology', 'Agronomy', 'Chemistry', 'Biology', 'Hydrogen production']",[],165,96.0,100.0,0.9857227,203,7.0,29.0,31.0,35.0,33.0,27.0,3.0,,,13299
https://openalex.org/W3000336815,Predicting crop yields and soil‐plant nitrogen dynamics in the US Corn Belt,2020-01-11,2020,article,Target_author,Archontoulis,53,121,first,True,25,Crop Science,Wiley,True,hybrid,Climate change impacts on agriculture,"Ecology, Evolution, Behavior and Systematics",Agricultural and Biological Sciences,Life Sciences,"['Phenology', 'Sowing', 'Growing season', 'Precipitation', 'Environmental science']","['Phenology', 'Sowing', 'Growing season', 'Precipitation', 'Environmental science', 'Agronomy', 'Soil water', 'Water content', 'Biomass (ecology)', 'Yield (engineering)', 'Hydrology (agriculture)', 'Mathematics', 'Soil science', 'Biology', 'Meteorology', 'Geography']",['Zero hunger'],163,99.0,100.0,0.99863764,73,8.0,21.0,29.0,25.0,37.0,26.0,17.0,,,5318
https://openalex.org/W2915119646,Can ratoon cropping improve resource use efficiencies and profitability of rice in central China?,2019-02-18,2019,article,Target_author,Grassini,56,106,last,True,5,Field Crops Research,Elsevier BV,True,hybrid,Rice Cultivation and Yield Improvement,Plant Science,Agricultural and Biological Sciences,Life Sciences,"['Environmental science', 'Cropping', 'Energy balance', 'Cropping system', 'Agricultural science']","['Environmental science', 'Cropping', 'Energy balance', 'Cropping system', 'Agricultural science', 'Agriculture', 'Productivity', 'Agricultural economics', 'Profit (economics)', 'Food security', 'Net profit', 'Mathematics', 'Agricultural engineering', 'Agronomy', 'Crop', 'Economics', 'Biology', 'Ecology']",[],158,94.0,100.0,0.99304909,38,25.0,27.0,29.0,31.0,25.0,8.0,2.0,,10.0,3977
https://openalex.org/W3017707823,Assessing the benefit of satellite-based Solar-Induced Chlorophyll Fluorescence in crop yield prediction,2020-04-22,2020,article,Target_author,Kaiyu,69,156,middle,True,8,International Journal of Applied Earth Observation and Geoinformation,Elsevier BV,True,gold,Remote Sensing in Agriculture,Ecology,Environmental Science,Physical Sciences,"['Satellite', 'Normalized Difference Vegetation Index', 'Remote sensing', 'Environmental science', 'Vegetation (pathology)']","['Satellite', 'Normalized Difference Vegetation Index', 'Remote sensing', 'Environmental science', 'Vegetation (pathology)', 'Yield (engineering)', 'Enhanced vegetation index', 'Chlorophyll fluorescence', 'Crop yield', 'Leaf area index', 'Atmospheric sciences', 'Meteorology', 'Chlorophyll', 'Geography', 'Vegetation Index', 'Agronomy', 'Chemistry', 'Materials science', 'Physics']",['Zero hunger'],158,98.0,100.0,0.99409484,80,5.0,31.0,31.0,33.0,34.0,17.0,7.0,,,10358
https://openalex.org/W3017707823,Assessing the benefit of satellite-based Solar-Induced Chlorophyll Fluorescence in crop yield prediction,2020-04-22,2020,article,Target_author,Peng,40,71,first,True,8,International Journal of Applied Earth Observation and Geoinformation,Elsevier BV,True,gold,Remote Sensing in Agriculture,Ecology,Environmental Science,Physical Sciences,"['Satellite', 'Normalized Difference Vegetation Index', 'Remote sensing', 'Environmental science', 'Vegetation (pathology)']","['Satellite', 'Normalized Difference Vegetation Index', 'Remote sensing', 'Environmental science', 'Vegetation (pathology)', 'Yield (engineering)', 'Enhanced vegetation index', 'Chlorophyll fluorescence', 'Crop yield', 'Leaf area index', 'Atmospheric sciences', 'Meteorology', 'Chlorophyll', 'Geography', 'Vegetation Index', 'Agronomy', 'Chemistry', 'Materials science', 'Physics']",['Zero hunger'],158,98.0,100.0,0.99409484,80,5.0,31.0,31.0,33.0,34.0,17.0,7.0,,,4976
https://openalex.org/W3094673151,Changes in the drought sensitivity of US maize yields,2020-10-26,2020,article,Target_author,Lobell,112,269,first,True,3,Nature Food,Nature Portfolio,False,closed,Climate change impacts on agriculture,"Ecology, Evolution, Behavior and Systematics",Agricultural and Biological Sciences,Life Sciences,"['Environmental science', 'Agriculture', 'Sensitivity (control systems)', 'Yield (engineering)', 'Climate change']","['Environmental science', 'Agriculture', 'Sensitivity (control systems)', 'Yield (engineering)', 'Climate change', 'Agronomy', 'Crop', 'Drought tolerance', 'Crop yield', 'Agricultural engineering', 'Agroforestry', 'Ecology', 'Biology']",[],153,94.0,100.0,0.99699502,59,9.0,37.0,34.0,27.0,30.0,14.0,2.0,,,8518
https://openalex.org/W2920920494,Assessing Variation in US Soybean Seed Composition (Protein and Oil),2019-03-11,2019,article,Target_author,Ciampitti,58,219,last,True,22,Frontiers in Plant Science,Frontiers Media,True,gold,Soybean genetics and cultivation,Plant Science,Agricultural and Biological Sciences,Life Sciences,"['Composition (language)', 'Yield (engineering)', 'Sowing', 'Fertilizer', 'Agronomy']","['Composition (language)', 'Yield (engineering)', 'Sowing', 'Fertilizer', 'Agronomy', 'Crop', 'Animal science', 'Nutrient', 'Chemical composition', 'Biology', 'Chemistry', 'Ecology']",['Zero hunger'],152,98.0,100.0,0.99566816,53,20.0,18.0,29.0,41.0,26.0,8.0,5.0,,5.0,7582
https://openalex.org/W4308554499,Recent cover crop adoption is associated with small maize and soybean yield losses in the United States,2022-11-08,2022,article,Target_author,Lobell,112,269,last,True,7,Global Change Biology,Wiley,True,hybrid,Soil Carbon and Nitrogen Dynamics,Soil Science,Agricultural and Biological Sciences,Life Sciences,"['Cover crop', 'Environmental science', 'Crop yield', 'Agronomy', 'Cropping']","['Cover crop', 'Environmental science', 'Crop yield', 'Agronomy', 'Cropping', 'Agriculture', 'Growing season', 'Cropping system', 'Yield (engineering)', 'Crop', 'Agroforestry', 'Biology', 'Ecology']",[],149,96.0,100.0,0.99643215,51,,,13.0,59.0,46.0,28.0,3.0,,,8518
https://openalex.org/W3154794875,Addressing Research Bottlenecks to Crop Productivity,2021-04-20,2021,review,Target_author,Messina,53,97,middle,True,17,Trends in Plant Science,Elsevier BV,True,bronze,Genetics and Plant Breeding,Plant Science,Agricultural and Biological Sciences,Life Sciences,"['Phenomics', 'Biology', 'Biotechnology', 'Crop yield', 'Agroforestry']","['Phenomics', 'Biology', 'Biotechnology', 'Crop yield', 'Agroforestry', 'Genomics', 'Agronomy']",[],144,99.0,100.0,0.99619681,229,,8.0,32.0,22.0,25.0,39.0,18.0,,,3276
https://openalex.org/W3009537711,Winter Wheat Yield Response to Plant Density as a Function of Yield Environment and Tillering Potential: A Review and Field Studies,2020-03-05,2020,review,Target_author,Ciampitti,58,219,last,True,14,Frontiers in Plant Science,Frontiers Media,True,gold,Crop Yield and Soil Fertility,Agronomy and Crop Science,Agricultural and Biological Sciences,Life Sciences,"['Yield (engineering)', 'Plant density', 'Agronomy', 'Grain yield', 'Field experiment']","['Yield (engineering)', 'Plant density', 'Agronomy', 'Grain yield', 'Field experiment', 'Canopy', 'Crop yield', 'Interaction', 'Mathematics', 'Biology', 'Botany', 'Materials science']",[],138,98.0,100.0,0.99747376,64,4.0,26.0,27.0,29.0,22.0,24.0,6.0,,,7582
https://openalex.org/W2790628032,Predicting spatial patterns of within-field crop yield variability,2018-02-05,2018,article,Target_author,Basso,70,193,last,True,2,Field Crops Research,Elsevier BV,False,closed,Remote Sensing in Agriculture,Ecology,Environmental Science,Physical Sciences,"['Spatial ecology', 'Spatial variability', 'Yield (engineering)', 'Growing season', 'Field (mathematics)']","['Spatial ecology', 'Spatial variability', 'Yield (engineering)', 'Growing season', 'Field (mathematics)', 'Remote sensing', 'Normalized Difference Vegetation Index', 'Geospatial analysis', 'Image resolution', 'Environmental science', 'Crop', 'Common spatial pattern', 'Scale (ratio)', 'Precision agriculture', 'Spatial analysis', 'Crop yield', 'Agriculture', 'Geography', 'Cartography', 'Statistics', 'Mathematics', 'Agronomy', 'Computer science', 'Ecology', 'Leaf area index']",[],133,97.0,100.0,0.98778119,19,14.0,21.0,13.0,24.0,15.0,12.0,4.0,8.0,22.0,5518
https://openalex.org/W2997248273,Deriving high-spatiotemporal-resolution leaf area index for agroecosystems in the U.S. Corn Belt using Planet Labs CubeSat and STAIR fusion data,2020-01-02,2020,article,Target_author,Kaiyu,69,156,middle,True,11,Remote Sensing of Environment,Elsevier BV,True,bronze,Remote Sensing in Agriculture,Ecology,Environmental Science,Physical Sciences,"['Leaf area index', 'Remote sensing', 'CubeSat', 'Mean squared error', 'Ground truth']","['Leaf area index', 'Remote sensing', 'CubeSat', 'Mean squared error', 'Ground truth', 'Environmental science', 'Atmospheric radiative transfer codes', 'Satellite', 'Radiative transfer', 'Computer science', 'Mathematics', 'Geography', 'Statistics', 'Physics']",['Zero hunger'],133,99.0,100.0,0.99315433,71,7.0,16.0,25.0,24.0,22.0,28.0,11.0,,,10358
https://openalex.org/W2804526550,"STAIR: A generic and fully-automated method to fuse multiple sources of optical satellite data to generate a high-resolution, daily and cloud-/gap-free surface reflectance product",2018-05-25,2018,article,Target_author,Kaiyu,69,156,middle,True,3,Remote Sensing of Environment,Elsevier BV,False,closed,Remote Sensing in Agriculture,Ecology,Environmental Science,Physical Sciences,"['Fuse (electrical)', 'Remote sensing', 'Satellite', 'Cloud computing', 'Reflectivity']","['Fuse (electrical)', 'Remote sensing', 'Satellite', 'Cloud computing', 'Reflectivity', 'Computer science', 'High resolution', 'Environmental science', 'Optics', 'Geology', 'Physics', 'Aerospace engineering', 'Engineering']",['Sustainable cities and communities'],127,90.0,100.0,0.98171159,44,20.0,20.0,24.0,18.0,20.0,6.0,1.0,6.0,12.0,10358
https://openalex.org/W2915536774,Toward building a transparent statistical model for improving crop yield prediction: Modeling rainfed corn in the U.S,2019-02-18,2019,article,Target_author,Kaiyu,69,156,middle,True,7,Field Crops Research,Elsevier BV,False,closed,Climate change impacts on agriculture,"Ecology, Evolution, Behavior and Systematics",Agricultural and Biological Sciences,Life Sciences,"['Crop yield', 'Yield (engineering)', 'Mean squared error', 'Statistical model', 'Vegetation (pathology)']","['Crop yield', 'Yield (engineering)', 'Mean squared error', 'Statistical model', 'Vegetation (pathology)', 'Environmental science', 'Mathematics', 'Climate change', 'Scale (ratio)', 'Agriculture', 'Precipitation', 'Climate model', 'Statistics', 'Agricultural engineering', 'Meteorology', 'Agronomy', 'Geography', 'Ecology']",['Climate action'],127,97.0,100.0,0.99686476,55,16.0,22.0,14.0,28.0,25.0,12.0,4.0,,6.0,10358
https://openalex.org/W2939637759,Yield stability analysis reveals sources of large-scale nitrogen loss from the US Midwest,2019-04-08,2019,article,Target_author,Basso,70,193,first,True,4,Scientific Reports,Nature Portfolio,True,gold,Soil Carbon and Nitrogen Dynamics,Soil Science,Agricultural and Biological Sciences,Life Sciences,"['Yield (engineering)', 'Fertilizer', 'Nitrogen', 'Cropping', 'Crop']","['Yield (engineering)', 'Fertilizer', 'Nitrogen', 'Cropping', 'Crop', 'Agriculture', 'Environmental science', 'Cropping system', 'Crop yield', 'Agronomy', 'Mathematics', 'Biology', 'Chemistry', 'Ecology', 'Physics']",['Zero hunger'],127,98.0,100.0,0.9918812,53,17.0,21.0,19.0,17.0,28.0,17.0,5.0,,3.0,5518
https://openalex.org/W3132118949,Smallholder farmer perceptions about the impact of COVID-19 on agriculture and livelihoods in Senegal,2021-02-15,2021,article,Target_author,Vara Prasad,93,359,last,True,6,Agricultural Systems,Elsevier BV,True,green,COVID-19 Pandemic Impacts,Economics and Econometrics,"Economics, Econometrics and Finance",Social Sciences,"['Livelihood', 'Agriculture', 'Food security', 'Cropping', 'Agroecology']","['Livelihood', 'Agriculture', 'Food security', 'Cropping', 'Agroecology', 'Livestock', 'Productivity', 'Business', 'Poverty', 'Agricultural economics', 'Geography', 'Socioeconomics', 'Economic growth', 'Economics']",['No poverty'],121,99.0,100.0,0.99564665,12,,2.0,12.0,50.0,17.0,22.0,18.0,,,13299
https://openalex.org/W2889668950,Benefits of Seasonal Climate Prediction and Satellite Data for Forecasting U.S. Maize Yield,2018-09-04,2018,article,Target_author,Kaiyu,69,156,middle,True,4,Geophysical Research Letters,American Geophysical Union,True,bronze,Climate change impacts on agriculture,"Ecology, Evolution, Behavior and Systematics",Agricultural and Biological Sciences,Life Sciences,"['Yield (engineering)', 'Climatology', 'Environmental science', 'Precipitation', 'Climate Forecast System']","['Yield (engineering)', 'Climatology', 'Environmental science', 'Precipitation', 'Climate Forecast System', 'Agriculture', 'Satellite', 'Meteorology', 'Crop yield', 'Arid', 'Climate change', 'Atmospheric sciences', 'Geography', 'Agronomy', 'Ecology']",['Climate action'],118,90.0,100.0,0.99431801,44,20.0,13.0,20.0,27.0,18.0,5.0,1.0,1.0,13.0,10358
https://openalex.org/W2889668950,Benefits of Seasonal Climate Prediction and Satellite Data for Forecasting U.S. Maize Yield,2018-09-04,2018,article,Target_author,Peng,40,71,first,True,4,Geophysical Research Letters,American Geophysical Union,True,bronze,Climate change impacts on agriculture,"Ecology, Evolution, Behavior and Systematics",Agricultural and Biological Sciences,Life Sciences,"['Yield (engineering)', 'Climatology', 'Environmental science', 'Precipitation', 'Climate Forecast System']","['Yield (engineering)', 'Climatology', 'Environmental science', 'Precipitation', 'Climate Forecast System', 'Agriculture', 'Satellite', 'Meteorology', 'Crop yield', 'Arid', 'Climate change', 'Atmospheric sciences', 'Geography', 'Agronomy', 'Ecology']",['Climate action'],118,90.0,100.0,0.99431801,44,20.0,13.0,20.0,27.0,18.0,5.0,1.0,1.0,13.0,4976
https://openalex.org/W3011418340,Quantifying irrigation cooling benefits to maize yield in the US Midwest,2020-03-13,2020,article,Target_author,Kaiyu,69,156,middle,True,6,Global Change Biology,Wiley,False,closed,Climate change impacts on agriculture,"Ecology, Evolution, Behavior and Systematics",Agricultural and Biological Sciences,Life Sciences,"['Environmental science', 'Irrigation', 'Precipitation', 'Agronomy', 'Yield (engineering)']","['Environmental science', 'Irrigation', 'Precipitation', 'Agronomy', 'Yield (engineering)', 'Crop yield', 'Climate change', 'Deficit irrigation', 'Irrigation management', 'Hydrology (agriculture)', 'Meteorology', 'Geography', 'Ecology', 'Biology']",[],115,98.0,100.0,0.99640194,79,3.0,24.0,20.0,28.0,19.0,15.0,6.0,,,10358
https://openalex.org/W4281716079,Globally ubiquitous negative effects of nitrogen dioxide on crop growth,2022-06-01,2022,article,Target_author,Lobell,112,269,first,True,3,Science Advances,American Association for the Advancement of Science,True,gold,Plant responses to elevated CO2,Plant Science,Agricultural and Biological Sciences,Life Sciences,"['NOx', 'Nitrogen dioxide', 'Environmental science', 'Crop', 'Agriculture']","['NOx', 'Nitrogen dioxide', 'Environmental science', 'Crop', 'Agriculture', 'Ozone', 'Pollutant', 'Aerosol', 'Atmospheric sciences', 'Nitrogen oxides', 'Agronomy', 'Meteorology', 'Chemistry', 'Biology', 'Ecology', 'Geography', 'Combustion']",['Zero hunger'],109,97.0,100.0,0.99616842,49,,,8.0,28.0,24.0,44.0,5.0,,,8518
https://openalex.org/W2806915563,Water productivity of rainfed maize and wheat: A local to global perspective,2018-06-06,2018,article,Target_author,Rattalino,28,38,first,True,7,Agricultural and Forest Meteorology,Elsevier BV,True,hybrid,Climate change impacts on agriculture,"Ecology, Evolution, Behavior and Systematics",Agricultural and Biological Sciences,Life Sciences,"['Environmental science', 'Evapotranspiration', 'Agronomy', 'Crop', 'Cropping']","['Environmental science', 'Evapotranspiration', 'Agronomy', 'Crop', 'Cropping', 'Water-use efficiency', 'Yield (engineering)', 'Spatial variability', 'Crop simulation model', 'Cropping system', 'Crop yield', 'Irrigation', 'Mathematics', 'Agriculture', 'Biology', 'Ecology']",['Clean water and sanitation'],109,96.0,100.0,0.99425102,83,6.0,12.0,20.0,19.0,15.0,14.0,3.0,6.0,14.0,1451
https://openalex.org/W3087362407,Unique contributions of chlorophyll and nitrogen to predict crop photosynthetic capacity from leaf spectroscopy,2020-09-12,2020,article,Target_author,Kaiyu,69,156,middle,True,10,Journal of Experimental Botany,Oxford University Press,True,bronze,Remote Sensing in Agriculture,Ecology,Environmental Science,Physical Sciences,"['Nitrogen', 'Photosynthesis', 'Photosynthetic capacity', 'Chlorophyll', 'Partial least squares regression']","['Nitrogen', 'Photosynthesis', 'Photosynthetic capacity', 'Chlorophyll', 'Partial least squares regression', 'Hyperspectral imaging', 'Canopy', 'Crop', 'Chlorophyll a', 'Agronomy', 'Chemistry', 'Environmental science', 'Botany', 'Horticulture', 'Mathematics', 'Biology', 'Remote sensing']",['Zero hunger'],109,94.0,100.0,0.98679019,74,7.0,18.0,23.0,27.0,17.0,15.0,2.0,,,10358
https://openalex.org/W2998010201,Radiance-based NIR<sub>v</sub> as a proxy for GPP of corn and soybean,2019-12-27,2019,article,Target_author,Kaiyu,69,156,middle,True,14,Environmental Research Letters,IOP Publishing,True,gold,Remote Sensing in Agriculture,Ecology,Environmental Science,Physical Sciences,"['Radiance', 'Primary production', 'Environmental science', 'Photosynthetically active radiation', 'Remote sensing']","['Radiance', 'Primary production', 'Environmental science', 'Photosynthetically active radiation', 'Remote sensing', 'Enhanced vegetation index', 'Near-infrared spectroscopy', 'Atmospheric sciences', 'Vegetation (pathology)', 'Evapotranspiration', 'Satellite', 'Leaf area index', 'Vegetation Index', 'Normalized Difference Vegetation Index', 'Agronomy', 'Photosynthesis', 'Chemistry', 'Ecosystem', 'Physics', 'Ecology', 'Geography']",[],107,99.0,100.0,0.9889263,73,8.0,16.0,17.0,22.0,31.0,11.0,,,2.0,10358
https://openalex.org/W2789573341,Alterations in wheat pollen lipidome during high day and night temperature stress,2018-01-26,2018,article,Target_author,Vara Prasad,93,359,middle,True,3,Plant Cell & Environment,Wiley,True,bronze,Lipid metabolism and biosynthesis,Biochemistry,"Biochemistry, Genetics and Molecular Biology",Life Sciences,"['Phosphatidylethanolamine', 'Lipidome', 'Pollen', 'Phosphatidic acid', 'Phosphatidylcholine']","['Phosphatidylethanolamine', 'Lipidome', 'Pollen', 'Phosphatidic acid', 'Phosphatidylcholine', 'Chemistry', 'Phosphatidylserine', 'Degree of unsaturation', 'Lipidomics', 'Food science', 'Botany', 'Phosphatidylinositol', 'Biochemistry', 'Biology', 'Phospholipid', 'Chromatography', 'Membrane']",[],104,94.0,100.0,0.96332908,44,14.0,14.0,18.0,14.0,20.0,4.0,2.0,2.0,16.0,13299
https://openalex.org/W2942870340,Soybean Seed Yield Response to Plant Density by Yield Environment in North America,2019-05-03,2019,article,Target_author,Ciampitti,58,219,last,True,8,Agronomy Journal,Wiley,True,hybrid,Soybean genetics and cultivation,Plant Science,Agricultural and Biological Sciences,Life Sciences,"['Yield (engineering)', 'Plant density', 'Agronomy', 'Seeding', 'Biology']","['Yield (engineering)', 'Plant density', 'Agronomy', 'Seeding', 'Biology', 'Sowing']",['Zero hunger'],103,90.0,100.0,0.9881882,62,19.0,16.0,15.0,17.0,15.0,17.0,1.0,,3.0,7582
https://openalex.org/W3035012873,Impacts of climate change on the optimum planting date of different maize cultivars in the central US Corn Belt,2020-06-13,2020,article,Target_author,Archontoulis,53,121,last,True,4,European Journal of Agronomy,Elsevier BV,False,closed,Climate change impacts on agriculture,"Ecology, Evolution, Behavior and Systematics",Agricultural and Biological Sciences,Life Sciences,"['Sowing', 'Cultivar', 'Agronomy', 'Agriculture', 'Growing season']","['Sowing', 'Cultivar', 'Agronomy', 'Agriculture', 'Growing season', 'Yield (engineering)', 'Crop', 'Climate change', 'Environmental science', 'Crop yield', 'Geography', 'Biology', 'Ecology']",['Climate action'],102,96.0,100.0,0.99508626,80,5.0,18.0,20.0,20.0,17.0,19.0,3.0,,,5318
https://openalex.org/W3090125352,Crop Mass and N Status as Prerequisite Covariables for Unraveling Nitrogen Use Efficiency across Genotype-by-Environment-by-Management Scenarios: A Review,2020-10-02,2020,review,Target_author,Ciampitti,58,219,last,True,2,Plants,Multidisciplinary Digital Publishing Institute,True,gold,Plant nutrient uptake and metabolism,Plant Science,Agricultural and Biological Sciences,Life Sciences,"['Crop', 'Context (archaeology)', 'Agronomy', 'Nitrogen', 'Crop yield']","['Crop', 'Context (archaeology)', 'Agronomy', 'Nitrogen', 'Crop yield', 'Yield (engineering)', 'Agricultural engineering', 'Fertilizer', 'Environmental science', 'Mathematics', 'Biology', 'Chemistry', 'Engineering', 'Physics']",['Clean water and sanitation'],92,89.0,100.0,0.98886348,71,5.0,14.0,14.0,20.0,21.0,17.0,1.0,,,7582
https://openalex.org/W4404139487,"Uptake, Translocation, Toxicity, and Impact of Nanoparticles on Plant Physiological Processes",2024-11-07,2024,review,Target_author,Vara Prasad,93,359,last,True,4,Plants,Multidisciplinary Digital Publishing Institute,True,gold,Nanoparticles: synthesis and applications,Materials Chemistry,Materials Science,Physical Sciences,"['Nanoparticle', 'Metabolome', 'Apoplast', 'Toxicity', 'Nanotoxicology']","['Nanoparticle', 'Metabolome', 'Apoplast', 'Toxicity', 'Nanotoxicology', 'Chemistry', 'Biophysics', 'Nanotechnology', 'Environmental chemistry', 'Metabolomics', 'Biology', 'Materials science', 'Biochemistry', 'Cell wall']",['Zero hunger'],89,99.0,100.0,0.99600371,259,,,,,28.0,61.0,,,,13299
https://openalex.org/W3128438578,Challenges and opportunities in precision irrigation decision-support systems for center pivots,2021-02-09,2021,article,Target_author,Kaiyu,69,156,middle,True,17,Environmental Research Letters,IOP Publishing,True,gold,Irrigation Practices and Water Management,Soil Science,Agricultural and Biological Sciences,Life Sciences,"['Irrigation', 'Decision support system', 'Agricultural engineering', 'Computer science', 'Center pivot irrigation']","['Irrigation', 'Decision support system', 'Agricultural engineering', 'Computer science', 'Center pivot irrigation', 'Environmental science', 'Precision agriculture', 'Productivity', 'Agriculture', 'Evapotranspiration', 'Water resources', 'Scalability', 'Sustainability', 'Water use', 'Deficit irrigation', 'Environmental economics', 'Water resource management', 'Irrigation management', 'Engineering', 'Database']",['Zero hunger'],89,98.0,100.0,0.98133531,223,,7.0,23.0,22.0,16.0,13.0,8.0,,,10358
https://openalex.org/W3200807412,Assessing the impacts of cover crops on maize and soybean yield in the U.S. Midwestern agroecosystems,2021-09-14,2021,article,Target_author,Kaiyu,69,156,middle,True,12,Field Crops Research,Elsevier BV,False,closed,Soil Carbon and Nitrogen Dynamics,Soil Science,Agricultural and Biological Sciences,Life Sciences,"['Cover crop', 'Cash crop', 'Agronomy', 'Agroecosystem', 'Agroforestry']","['Cover crop', 'Cash crop', 'Agronomy', 'Agroecosystem', 'Agroforestry', 'Crop yield', 'Environmental science', 'Yield (engineering)', 'Agriculture', 'Crop', 'Crop rotation', 'Sowing', 'Biology', 'Ecology']",['Life in Land'],89,99.0,100.0,0.98168418,81,,7.0,23.0,16.0,24.0,19.0,,,,10358
https://openalex.org/W3158568413,"Satellite-based data fusion crop type classification and mapping in Rio Grande do Sul, Brazil",2021-05-03,2021,article,Target_author,Ciampitti,58,219,last,True,5,ISPRS Journal of Photogrammetry and Remote Sensing,Elsevier BV,False,closed,Remote Sensing in Agriculture,Ecology,Environmental Science,Physical Sciences,"['Shuttle Radar Topography Mission', 'Random forest', 'Crop', 'Growing season', 'Satellite imagery']","['Shuttle Radar Topography Mission', 'Random forest', 'Crop', 'Growing season', 'Satellite imagery', 'Digital elevation model', 'Remote sensing', 'Geography', 'Environmental science', 'Cartography', 'Computer science', 'Forestry', 'Machine learning', 'Agronomy']",['Zero hunger'],88,97.0,100.0,0.99066193,69,,3.0,15.0,25.0,20.0,21.0,4.0,,,7582
https://openalex.org/W3003882591,Impacts of climate variability and adaptation strategies on crop yields and soil organic carbon in the US Midwest,2020-01-28,2020,article,Target_author,Basso,70,193,last,True,2,PLoS ONE,Public Library of Science,True,gold,Climate change impacts on agriculture,"Ecology, Evolution, Behavior and Systematics",Agricultural and Biological Sciences,Life Sciences,"['Tillage', 'Agronomy', 'Environmental science', 'Climate change', 'Growing season']","['Tillage', 'Agronomy', 'Environmental science', 'Climate change', 'Growing season', 'Soil carbon', 'Precipitation', 'Crop yield', 'Conventional tillage', 'Yield (engineering)', 'Cropping system', 'Crop rotation', 'Cropping', 'Crop', 'Soil water', 'Agriculture', 'Geography', 'Biology', 'Ecology', 'Soil science']",['Climate action'],85,96.0,100.0,0.9934382,63,2.0,17.0,14.0,21.0,17.0,11.0,3.0,,,5518
https://openalex.org/W2793474046,Early-Season Stand Count Determination in Corn via Integration of Imagery from Unmanned Aerial Systems (UAS) and Supervised Learning Techniques,2018-02-23,2018,article,Target_author,Ciampitti,58,219,last,True,10,Remote Sensing,Multidisciplinary Digital Publishing Institute,True,gold,Smart Agriculture and AI,Plant Science,Agricultural and Biological Sciences,Life Sciences,"['Artificial intelligence', 'Computer science', 'Field corn', 'Remote sensing', 'Ground sample distance']","['Artificial intelligence', 'Computer science', 'Field corn', 'Remote sensing', 'Ground sample distance', 'Pixel', 'Decision tree', 'Classifier (UML)', 'Environmental science', 'Pattern recognition (psychology)', 'Computer vision', 'Agronomy', 'Zea mays', 'Geography']",[],85,90.0,100.0,0.97645855,53,13.0,14.0,17.0,12.0,11.0,5.0,1.0,,12.0,7582
https://openalex.org/W3206955802,Revisiting Biological Nitrogen Fixation Dynamics in Soybeans,2021-10-07,2021,article,Target_author,Ciampitti,58,219,first,True,8,Frontiers in Plant Science,Frontiers Media,True,gold,Legume Nitrogen Fixing Symbiosis,Plant Science,Agricultural and Biological Sciences,Life Sciences,"['Nitrogen fixation', 'Growing season', 'Nitrogen', 'Fixation (population genetics)', 'Animal science']","['Nitrogen fixation', 'Growing season', 'Nitrogen', 'Fixation (population genetics)', 'Animal science', 'Biology', 'Point of delivery', 'Agronomy', 'Chemistry']",['Life in Land'],84,98.0,100.0,0.9798411,80,,11.0,30.0,19.0,11.0,7.0,6.0,,,7582
https://openalex.org/W3113052688,Does the critical N dilution curve for maize crop vary across genotype x environment x management scenarios? - a Bayesian analysis,2020-12-07,2020,article,Target_author,Ciampitti,58,219,first,True,6,European Journal of Agronomy,Elsevier BV,False,closed,Crop Yield and Soil Fertility,Agronomy and Crop Science,Agricultural and Biological Sciences,Life Sciences,"['Bayesian probability', 'Mathematics', 'Crop', 'Agronomy', 'Biomass (ecology)']","['Bayesian probability', 'Mathematics', 'Crop', 'Agronomy', 'Biomass (ecology)', 'Zea mays', 'Statistics', 'Grain yield', 'Environmental science', 'Biology']",[],84,98.0,100.0,0.98950957,40,2.0,24.0,14.0,18.0,19.0,7.0,,,,7582
https://openalex.org/W2967283804,Late-season nitrogen fertilization on maize yield: A meta-analysis,2019-08-14,2019,article,Target_author,Ciampitti,58,219,last,True,4,Field Crops Research,Elsevier BV,False,closed,Crop Yield and Soil Fertility,Agronomy and Crop Science,Agricultural and Biological Sciences,Life Sciences,"['Human fertilization', 'Yield (engineering)', 'Fertilizer', 'Growing season', 'Zea mays']","['Human fertilization', 'Yield (engineering)', 'Fertilizer', 'Growing season', 'Zea mays', 'Agronomy', 'Grain yield', 'Biology']",['Responsible consumption and production'],84,99.0,100.0,0.98572374,95,12.0,18.0,14.0,12.0,16.0,8.0,,,4.0,7582
https://openalex.org/W2932718180,Enhancing APSIM to simulate excessive moisture effects on root growth,2019-03-28,2019,article,Target_author,Archontoulis,53,121,last,True,8,Field Crops Research,Elsevier BV,False,closed,Irrigation Practices and Water Management,Soil Science,Agricultural and Biological Sciences,Life Sciences,"['Environmental science', 'Saturation (graph theory)', 'Water content', 'Soil science', 'Moisture']","['Environmental science', 'Saturation (graph theory)', 'Water content', 'Soil science', 'Moisture', 'DNS root zone', 'Soil water', 'Water table', 'Mathematics', 'Agronomy', 'Geology', 'Biology', 'Meteorology', 'Physics']",[],83,98.0,100.0,0.98101319,59,8.0,11.0,14.0,10.0,17.0,15.0,5.0,,3.0,5318
https://openalex.org/W2886235251,Soil Organic Carbon and Nitrogen Feedbacks on Crop Yields under Climate Change,2018-01-01,2018,article,Target_author,Basso,70,193,first,True,30,Agricultural & Environmental Letters,American Society of Agronomy,True,gold,Plant responses to elevated CO2,Plant Science,Agricultural and Biological Sciences,Life Sciences,"['Soil carbon', 'Environmental science', 'Yield (engineering)', 'Agronomy', 'Climate change']","['Soil carbon', 'Environmental science', 'Yield (engineering)', 'Agronomy', 'Climate change', 'Nitrogen', 'Crop yield', 'Crop', 'Carbon dioxide', 'Carbon fibers', 'Soil water', 'Soil science', 'Chemistry', 'Mathematics', 'Materials science', 'Ecology', 'Biology']",['Climate action'],79,94.0,100.0,0.97701396,26,17.0,13.0,8.0,12.0,10.0,5.0,2.0,1.0,10.0,5518
https://openalex.org/W2955640719,On the dynamic determinants of reproductive failure under drought in maize,2019-01-01,2019,article,Target_author,Messina,53,97,first,True,9,in silico Plants,Oxford University Press,True,gold,Crop Yield and Soil Fertility,Agronomy and Crop Science,Agricultural and Biological Sciences,Life Sciences,"['Biology', 'Zea mays', 'Anthesis', 'Agronomy', 'Biotechnology']","['Biology', 'Zea mays', 'Anthesis', 'Agronomy', 'Biotechnology', 'Cultivar']",['Zero hunger'],79,96.0,100.0,0.99385488,65,8.0,4.0,9.0,24.0,15.0,13.0,3.0,,3.0,3276
https://openalex.org/W3213950893,Airborne hyperspectral imaging of nitrogen deficiency on crop traits and yield of maize by machine learning and radiative transfer modeling,2021-11-16,2021,article,Target_author,Kaiyu,69,156,middle,True,12,International Journal of Applied Earth Observation and Geoinformation,Elsevier BV,True,gold,Remote Sensing in Agriculture,Ecology,Environmental Science,Physical Sciences,"['Hyperspectral imaging', 'Canopy', 'Environmental science', 'Leaf area index', 'Atmospheric radiative transfer codes']","['Hyperspectral imaging', 'Canopy', 'Environmental science', 'Leaf area index', 'Atmospheric radiative transfer codes', 'Nitrogen', 'Precision agriculture', 'Agronomy', 'Remote sensing', 'Radiative transfer', 'Chemistry', 'Botany', 'Biology', 'Geography', 'Agriculture', 'Physics']",['Zero hunger'],79,99.0,100.0,0.98213451,94,,5.0,24.0,22.0,16.0,12.0,,,,10358
https://openalex.org/W2937591039,"Soybean nitrogen fixation dynamics in Iowa, USA",2019-04-01,2019,article,Target_author,Archontoulis,53,121,last,True,7,Field Crops Research,Elsevier BV,False,closed,Soybean genetics and cultivation,Plant Science,Agricultural and Biological Sciences,Life Sciences,"['Agronomy', 'Sowing', 'Dry matter', 'Nitrogen fixation', 'Growing season']","['Agronomy', 'Sowing', 'Dry matter', 'Nitrogen fixation', 'Growing season', 'Biomass (ecology)', 'Crop', 'Soil water', 'Environmental science', 'Biology', 'Organic matter', 'Nitrogen', 'Chemistry', 'Ecology']",['Zero hunger'],79,96.0,100.0,0.98632203,78,10.0,10.0,10.0,12.0,21.0,10.0,3.0,,3.0,5318
https://openalex.org/W3203701536,Spatial frameworks for robust estimation of yield gaps,2021-09-30,2021,article,Target_author,Rattalino,28,38,first,True,6,Nature Food,Nature Portfolio,True,hybrid,Climate change impacts on agriculture,"Ecology, Evolution, Behavior and Systematics",Agricultural and Biological Sciences,Life Sciences,"['Yield gap', 'Food security', 'Yield (engineering)', 'Production (economics)', 'Environmental science']","['Yield gap', 'Food security', 'Yield (engineering)', 'Production (economics)', 'Environmental science', 'Agricultural productivity', 'Agriculture', 'Futures studies', 'Scope (computer science)', 'Environmental resource management', 'Crop yield', 'Estimation', 'Econometrics', 'Natural resource economics', 'Agricultural engineering', 'Computer science', 'Geography', 'Statistics', 'Economics', 'Mathematics', 'Ecology']",['Zero hunger'],77,97.0,100.0,0.99511291,47,,4.0,17.0,25.0,16.0,10.0,5.0,,,1451
https://openalex.org/W3133756359,Contrasting long-term temperature trends reveal minor changes in projected potential evapotranspiration in the US Midwest,2021-03-05,2021,article,Target_author,Basso,70,193,first,True,4,Nature Communications,Nature Portfolio,True,gold,Plant Water Relations and Carbon Dynamics,Global and Planetary Change,Environmental Science,Physical Sciences,"['Evapotranspiration', 'Environmental science', 'Climate change', 'Precipitation', 'Vapour Pressure Deficit']","['Evapotranspiration', 'Environmental science', 'Climate change', 'Precipitation', 'Vapour Pressure Deficit', 'Irrigation', 'Global warming', 'Atmospheric sciences', 'Yield (engineering)', 'Climatology', 'Agronomy', 'Transpiration', 'Ecology', 'Geography', 'Meteorology', 'Chemistry', 'Biology']",[],75,96.0,100.0,0.97526853,59,,1.0,13.0,17.0,20.0,16.0,8.0,,,5518
https://openalex.org/W3153516708,Quantifying high‐temperature stress on soybean canopy photosynthesis: The unique role of sun‐induced chlorophyll fluorescence,2021-04-12,2021,article,Target_author,Kaiyu,69,156,middle,True,11,Global Change Biology,Wiley,True,green,Plant responses to elevated CO2,Plant Science,Agricultural and Biological Sciences,Life Sciences,"['Canopy', 'Photosynthetically active radiation', 'Chlorophyll fluorescence', 'Photosynthesis', 'Yield (engineering)']","['Canopy', 'Photosynthetically active radiation', 'Chlorophyll fluorescence', 'Photosynthesis', 'Yield (engineering)', 'Environmental science', 'Vegetation (pathology)', 'Atmospheric sciences', 'Chlorophyll', 'Chemistry', 'Botany', 'Materials science', 'Remote sensing', 'Biology', 'Geology']",['Climate action'],72,95.0,100.0,0.98476875,70,,3.0,18.0,18.0,20.0,10.0,3.0,,,10358
https://openalex.org/W4210450362,Subfield maize yield prediction improves when in-season crop water deficit is included in remote sensing imagery-based models,2022-02-07,2022,article,Target_author,Basso,70,193,last,True,2,Remote Sensing of Environment,Elsevier BV,True,hybrid,Remote Sensing in Agriculture,Ecology,Environmental Science,Physical Sciences,"['Environmental science', 'Growing season', 'Crop', 'Yield (engineering)', 'Remote sensing']","['Environmental science', 'Growing season', 'Crop', 'Yield (engineering)', 'Remote sensing', 'Crop yield', 'Random forest', 'Crop simulation model', 'Vegetation (pathology)', 'Agricultural engineering', 'Computer science', 'Machine learning', 'Agronomy', 'Geography', 'Forestry']",['Clean water and sanitation'],72,98.0,100.0,0.98922537,60,,,7.0,21.0,22.0,16.0,6.0,,,5518
https://openalex.org/W2803314113,Forecasting maize yield at field scale based on high-resolution satellite imagery,2018-05-21,2018,article,Target_author,Ciampitti,58,219,last,True,9,Biosystems Engineering,Elsevier BV,False,closed,Remote Sensing in Agriculture,Ecology,Environmental Science,Physical Sciences,"['Normalized Difference Vegetation Index', 'Scale (ratio)', 'Regression analysis', 'Statistics', 'Vegetation (pathology)']","['Normalized Difference Vegetation Index', 'Scale (ratio)', 'Regression analysis', 'Statistics', 'Vegetation (pathology)', 'Satellite imagery', 'Empirical modelling', 'Yield (engineering)', 'Field (mathematics)', 'Predictive modelling', 'Model selection', 'Mathematics', 'Environmental science', 'Remote sensing', 'Geography', 'Climate change', 'Cartography', 'Computer science', 'Ecology']",['Life in Land'],70,98.0,99.0,0.95275222,72,11.0,12.0,8.0,10.0,10.0,6.0,,2.0,11.0,7582
https://openalex.org/W4308569962,Recent Rapid Increase of Cover Crop Adoption Across the U.S. Midwest Detected by Fusing Multi‐Source Satellite Data,2022-11-08,2022,article,Target_author,Kaiyu,69,156,middle,True,17,Geophysical Research Letters,American Geophysical Union,True,hybrid,Remote Sensing in Agriculture,Ecology,Environmental Science,Physical Sciences,"['Cover crop', 'Sustainability', 'Cropping', 'Agriculture', 'Incentive']","['Cover crop', 'Sustainability', 'Cropping', 'Agriculture', 'Incentive', 'Government (linguistics)', 'Agroforestry', 'Environmental science', 'Agricultural economics', 'Environmental resource management', 'Geography', 'Ecology', 'Economics']",['Zero hunger'],69,90.0,100.0,0.98760629,34,,,9.0,24.0,25.0,10.0,1.0,,,10358
https://openalex.org/W4319302613,"Effects of heat and drought on canola (Brassica napus L.) yield, oil, and protein: A meta-analysis",2023-02-06,2023,article,Target_author,Ciampitti,58,219,last,True,7,Field Crops Research,Elsevier BV,False,closed,Nitrogen and Sulfur Effects on Brassica,Molecular Biology,"Biochemistry, Genetics and Molecular Biology",Life Sciences,"['Canola', 'Brassica', 'Abiotic component', 'Agronomy', 'Yield (engineering)']","['Canola', 'Brassica', 'Abiotic component', 'Agronomy', 'Yield (engineering)', 'Crop', 'Biology', 'Abiotic stress', 'Productivity', 'Environmental science', 'Ecology', 'Economics']",['Climate action'],69,99.0,100.0,0.98828163,116,,,,4.0,29.0,25.0,11.0,,,7582
https://openalex.org/W3028259413,Insufficient nitrogen supply from symbiotic fixation reduces seasonal crop growth and nitrogen mobilization to seed in highly productive soybean crops,2020-05-20,2020,article,Target_author,Grassini,56,106,last,True,8,Plant Cell & Environment,Wiley,True,bronze,Soybean genetics and cultivation,Plant Science,Agricultural and Biological Sciences,Life Sciences,"['Agronomy', 'Nitrogen fixation', 'Dry matter', 'Fertilizer', 'Nitrogen']","['Agronomy', 'Nitrogen fixation', 'Dry matter', 'Fertilizer', 'Nitrogen', 'Crop', 'Yield (engineering)', 'Leaf area index', 'Crop yield', 'Biology', 'Chemistry']",[],68,98.0,100.0,0.97125213,67,5.0,14.0,15.0,15.0,7.0,6.0,6.0,,,3977
https://openalex.org/W4311086051,Airborne hyperspectral imaging of cover crops through radiative transfer process-guided machine learning,2022-12-08,2022,article,Target_author,Kaiyu,69,156,middle,True,14,Remote Sensing of Environment,Elsevier BV,True,green,Remote Sensing in Agriculture,Ecology,Environmental Science,Physical Sciences,"['Hyperspectral imaging', 'Remote sensing', 'Cover crop', 'Environmental science', 'Multispectral image']","['Hyperspectral imaging', 'Remote sensing', 'Cover crop', 'Environmental science', 'Multispectral image', 'Precision agriculture', 'Atmospheric radiative transfer codes', 'Radiative transfer', 'Agriculture', 'Agroforestry', 'Geography', 'Optics']",['Zero hunger'],67,89.0,100.0,0.98657889,82,,,10.0,28.0,14.0,14.0,1.0,,,10358
https://openalex.org/W3184402780,"Quantifying carbon budget, crop yields and their responses to environmental variability using the ecosys model for U.S. Midwestern agroecosystems",2021-07-18,2021,article,Target_author,Kaiyu,69,156,middle,True,8,Agricultural and Forest Meteorology,Elsevier BV,True,green,Plant Water Relations and Carbon Dynamics,Global and Planetary Change,Environmental Science,Physical Sciences,"['Environmental science', 'Eddy covariance', 'Agroecosystem', 'Primary production', 'Ecosystem']","['Environmental science', 'Eddy covariance', 'Agroecosystem', 'Primary production', 'Ecosystem', 'Carbon cycle', 'Ecosystem respiration', 'Agriculture', 'Ecosystem services', 'Atmospheric sciences', 'Hydrology (agriculture)', 'Ecology']",['Zero hunger'],66,98.0,100.0,0.95992202,116,,2.0,19.0,9.0,17.0,12.0,7.0,,,10358
https://openalex.org/W3184402780,"Quantifying carbon budget, crop yields and their responses to environmental variability using the ecosys model for U.S. Midwestern agroecosystems",2021-07-18,2021,article,Target_author,Peng,40,71,middle,True,8,Agricultural and Forest Meteorology,Elsevier BV,True,green,Plant Water Relations and Carbon Dynamics,Global and Planetary Change,Environmental Science,Physical Sciences,"['Environmental science', 'Eddy covariance', 'Agroecosystem', 'Primary production', 'Ecosystem']","['Environmental science', 'Eddy covariance', 'Agroecosystem', 'Primary production', 'Ecosystem', 'Carbon cycle', 'Ecosystem respiration', 'Agriculture', 'Ecosystem services', 'Atmospheric sciences', 'Hydrology (agriculture)', 'Ecology']",['Zero hunger'],66,98.0,100.0,0.95992202,116,,2.0,19.0,9.0,17.0,12.0,7.0,,,4976
https://openalex.org/W4311261688,"Cross-scale sensing of field-level crop residue cover: Integrating field photos, airborne hyperspectral imaging, and satellite data",2022-12-01,2022,article,Target_author,Kaiyu,69,156,middle,True,17,Remote Sensing of Environment,Elsevier BV,True,green,Remote Sensing in Agriculture,Ecology,Environmental Science,Physical Sciences,"['Remote sensing', 'Hyperspectral imaging', 'Environmental science', 'Satellite', 'Scale (ratio)']","['Remote sensing', 'Hyperspectral imaging', 'Environmental science', 'Satellite', 'Scale (ratio)', 'Field (mathematics)', 'Geology', 'Geography', 'Cartography']",['Zero hunger'],66,99.0,100.0,0.98613628,71,,,10.0,21.0,22.0,13.0,,,,10358
https://openalex.org/W3014289587,Nitrogen and sulfur interaction on nutrient use efficiencies and diagnostic tools in maize,2020-03-30,2020,article,Target_author,Ciampitti,58,219,last,True,7,European Journal of Agronomy,Elsevier BV,True,green,Crop Yield and Soil Fertility,Agronomy and Crop Science,Agricultural and Biological Sciences,Life Sciences,"['Human fertilization', 'Nutrient', 'Shoot', 'Dilution', 'Nitrogen']","['Human fertilization', 'Nutrient', 'Shoot', 'Dilution', 'Nitrogen', 'Agronomy', 'Biomass (ecology)', 'Chemistry', 'Biology']","['Responsible consumption and production', 'Zero hunger']",65,89.0,100.0,0.98118385,76,5.0,11.0,16.0,14.0,10.0,8.0,1.0,,,7582
https://openalex.org/W4223953043,A quantitative review into the contributions of biological nitrogen fixation to agricultural systems by grain legumes,2022-04-12,2022,review,Target_author,Ciampitti,58,219,last,True,7,European Journal of Agronomy,Elsevier BV,False,closed,Legume Nitrogen Fixing Symbiosis,Plant Science,Agricultural and Biological Sciences,Life Sciences,"['Lupinus angustifolius', 'Agronomy', 'Sativum', 'Lupinus', 'Biology']","['Lupinus angustifolius', 'Agronomy', 'Sativum', 'Lupinus', 'Biology', 'Field pea', 'Nitrogen fixation', 'Monoculture']",['Zero hunger'],65,97.0,100.0,0.98733035,157,,,8.0,18.0,20.0,15.0,4.0,,,7582
https://openalex.org/W3156525018,Insufficient and excessive N fertilizer input reduces maize root mass across soil types,2021-04-16,2021,article,Target_author,Archontoulis,53,121,last,True,7,Field Crops Research,Elsevier BV,False,closed,Plant nutrient uptake and metabolism,Plant Science,Agricultural and Biological Sciences,Life Sciences,"['Fertilizer', 'Agronomy', 'Shoot', 'Soil texture', 'Silt']","['Fertilizer', 'Agronomy', 'Shoot', 'Soil texture', 'Silt', 'Mathematics', 'Yield (engineering)', 'Field experiment', 'Biomass (ecology)', 'Nitrogen', 'Soil water', 'Horticulture', 'Environmental science', 'Chemistry', 'Soil science', 'Biology', 'Materials science']",['Zero hunger'],64,97.0,100.0,0.97557607,105,,4.0,21.0,14.0,9.0,12.0,4.0,,,5318
https://openalex.org/W2885631967,"Long term biochar effects on corn yield, soil quality and profitability in the US Midwest",2018-08-09,2018,article,Target_author,Archontoulis,53,121,middle,True,6,Field Crops Research,Elsevier BV,False,closed,Soil Carbon and Nitrogen Dynamics,Soil Science,Agricultural and Biological Sciences,Life Sciences,"['Biochar', 'Environmental science', 'Crop residue', 'Agronomy', 'Leaching (pedology)']","['Biochar', 'Environmental science', 'Crop residue', 'Agronomy', 'Leaching (pedology)', 'Crop yield', 'Soil quality', 'Soil carbon', 'Fertilizer', 'Agriculture', 'Soil water', 'Waste management', 'Engineering', 'Pyrolysis', 'Soil science']",['Zero hunger'],64,90.0,99.0,0.94626447,55,9.0,13.0,10.0,11.0,5.0,5.0,1.0,1.0,9.0,5318
https://openalex.org/W2795347759,Evapotranspiration in High‐Yielding Maize and under Increased Vapor Pressure Deficit in the US Midwest,2018-01-01,2018,article,Target_author,Basso,70,193,first,True,2,Agricultural & Environmental Letters,American Society of Agronomy,True,gold,Plant Water Relations and Carbon Dynamics,Global and Planetary Change,Environmental Science,Physical Sciences,"['Transpiration', 'Evapotranspiration', 'Vapour Pressure Deficit', 'Environmental science', 'Water-use efficiency']","['Transpiration', 'Evapotranspiration', 'Vapour Pressure Deficit', 'Environmental science', 'Water-use efficiency', 'Agronomy', 'Vapor pressure', 'Water vapor', 'Vapour pressure of water', 'Zea mays', 'Energy balance', 'Water balance', 'Chemistry', 'Photosynthesis', 'Irrigation', 'Biology', 'Botany', 'Ecology']",['Clean water and sanitation'],61,94.0,99.0,0.94398546,28,5.0,9.0,13.0,11.0,10.0,7.0,2.0,,4.0,5518
https://openalex.org/W3122514873,Bottlenecks and opportunities in field-based high-throughput phenotyping for heat and drought stress,2021-01-18,2021,review,Target_author,Ciampitti,58,219,middle,True,3,Journal of Experimental Botany,Oxford University Press,True,hybrid,Remote Sensing in Agriculture,Ecology,Environmental Science,Physical Sciences,"['Abiotic stress', 'Abiotic component', 'Throughput', 'Drought stress', 'Biology']","['Abiotic stress', 'Abiotic component', 'Throughput', 'Drought stress', 'Biology', 'Heat stress', 'Crop', 'Yield (engineering)', 'Resilience (materials science)', 'Grain yield', 'Agricultural engineering', 'Computer science', 'Biotechnology', 'Environmental science', 'Agronomy', 'Ecology', 'Engineering', 'Materials science']",[],60,96.0,100.0,0.97212492,163,,1.0,19.0,11.0,9.0,14.0,6.0,,,7582
https://openalex.org/W4379742771,Harvest index has increased over the last 50 years of maize breeding,2023-06-07,2023,article,Target_author,Archontoulis,53,121,last,True,19,Field Crops Research,Elsevier BV,True,hybrid,Crop Yield and Soil Fertility,Agronomy and Crop Science,Agricultural and Biological Sciences,Life Sciences,"['Hybrid', 'Stover', 'Agronomy', 'Crop', 'Genetic gain']","['Hybrid', 'Stover', 'Agronomy', 'Crop', 'Genetic gain', 'Biology', 'Biomass (ecology)', 'Yield (engineering)', 'Plant breeding', 'Fertilizer', 'Biotechnology', 'Genetic variation']",['Responsible consumption and production'],60,98.0,100.0,0.99791686,58,,,,6.0,26.0,22.0,6.0,,,5318
https://openalex.org/W3005939046,Modeling Flood-Induced Stress in Soybeans,2020-02-11,2020,article,Target_author,Archontoulis,53,121,last,True,4,Frontiers in Plant Science,Frontiers Media,True,gold,Plant responses to water stress,Plant Science,Agricultural and Biological Sciences,Life Sciences,"['Environmental science', 'Flooding (psychology)', 'Phenology', 'Climate change', 'Greenhouse']","['Environmental science', 'Flooding (psychology)', 'Phenology', 'Climate change', 'Greenhouse', 'Flood myth', 'Agronomy', 'Atmospheric sciences', 'Hydrology (agriculture)', 'Climatology', 'Ecology', 'Biology', 'Geography']",['Climate action'],60,96.0,99.0,0.9783917,71,1.0,9.0,9.0,12.0,10.0,14.0,5.0,,,5318
https://openalex.org/W2797547733,A Systems Modeling Approach to Forecast Corn Economic Optimum Nitrogen Rate,2018-04-13,2018,article,Target_author,Archontoulis,53,121,last,True,9,Frontiers in Plant Science,Frontiers Media,True,gold,Climate change impacts on agriculture,"Ecology, Evolution, Behavior and Systematics",Agricultural and Biological Sciences,Life Sciences,"['Yield (engineering)', 'Sowing', 'Crop', 'Precipitation', 'Crop rotation']","['Yield (engineering)', 'Sowing', 'Crop', 'Precipitation', 'Crop rotation', 'Phenology', 'Crop yield', 'Zea mays', 'DSSAT', 'Agronomy', 'Mathematics', 'Environmental science', 'Geography', 'Meteorology', 'Biology']",['Zero hunger'],60,90.0,99.0,0.98005942,82,7.0,7.0,7.0,12.0,6.0,9.0,1.0,1.0,10.0,5318
https://openalex.org/W4390781505,Elevated tropospheric ozone and crop production: potential negative effects and plant defense mechanisms,2024-01-09,2024,review,Target_author,Vara Prasad,93,359,last,True,7,Frontiers in Plant Science,Frontiers Media,True,gold,Plant responses to elevated CO2,Plant Science,Agricultural and Biological Sciences,Life Sciences,"['Ozone', 'Tropospheric ozone', 'Environmental science', 'Crop', 'Crop production']","['Ozone', 'Tropospheric ozone', 'Environmental science', 'Crop', 'Crop production', 'Production (economics)', 'Agronomy', 'Biology', 'Chemistry', 'Agriculture', 'Ecology']",[],59,99.0,100.0,0.99843658,176,,,,,11.0,31.0,17.0,,,13299
https://openalex.org/W2885120883,Reproductive success of soybean (<scp><i>Glycine max</i></scp> L. Merril) cultivars and exotic lines under high daytime temperature,2018-08-10,2018,article,Target_author,Vara Prasad,93,359,last,True,5,Plant Cell & Environment,Wiley,True,bronze,Soybean genetics and cultivation,Plant Science,Agricultural and Biological Sciences,Life Sciences,"['Glycine', 'Daytime', 'Cultivar', 'Horticulture', 'Biology']","['Glycine', 'Daytime', 'Cultivar', 'Horticulture', 'Biology', 'Physics', 'Biochemistry', 'Atmospheric sciences', 'Amino acid']",['Zero hunger'],59,90.0,100.0,0.9420507,88,7.0,8.0,11.0,4.0,7.0,2.0,1.0,4.0,15.0,13299
https://openalex.org/W3095512360,Interannual variability of ecosystem iso/anisohydry is regulated by environmental dryness,2020-10-29,2020,article,Target_author,Kaiyu,69,156,middle,True,12,New Phytologist,Wiley,True,bronze,Plant Water Relations and Carbon Dynamics,Global and Planetary Change,Environmental Science,Physical Sciences,"['Dryness', 'Ecosystem', 'Environmental science', 'Ecology', 'Environmental resource management']","['Dryness', 'Ecosystem', 'Environmental science', 'Ecology', 'Environmental resource management', 'Biology']",['Clean water and sanitation'],59,89.0,100.0,0.94062178,80,2.0,12.0,9.0,18.0,9.0,8.0,1.0,,,10358
https://openalex.org/W2801089813,Beyond the plot: technology extrapolation domains for scaling out agronomic science,2018-04-27,2018,article,Target_author,Grassini,56,106,last,True,7,Environmental Research Letters,IOP Publishing,True,gold,Climate change impacts on agriculture,"Ecology, Evolution, Behavior and Systematics",Agricultural and Biological Sciences,Life Sciences,"['Cropping', 'Agricultural engineering', 'Prioritization', 'Agricultural productivity', 'Computer science']","['Cropping', 'Agricultural engineering', 'Prioritization', 'Agricultural productivity', 'Computer science', 'Environmental science', 'Agriculture', 'Extrapolation', 'Crop yield', 'Production (economics)', 'Precision agriculture', 'Environmental resource management', 'Business', 'Mathematics', 'Ecology', 'Engineering']",['Zero hunger'],58,94.0,99.0,0.98512554,32,7.0,3.0,7.0,10.0,13.0,8.0,2.0,1.0,7.0,3977
https://openalex.org/W2883396730,Do shallow water tables contribute to high and stable maize yields in the US Corn Belt?,2018-07-20,2018,article,Target_author,Grassini,56,106,last,True,5,Global Food Security,Elsevier BV,True,hybrid,Climate change impacts on agriculture,"Ecology, Evolution, Behavior and Systematics",Agricultural and Biological Sciences,Life Sciences,"['Crop', 'Yield (engineering)', 'Environmental science', 'Production (economics)', 'Agronomy']","['Crop', 'Yield (engineering)', 'Environmental science', 'Production (economics)', 'Agronomy', 'Climate change', 'Zea mays', 'Crop production', 'Crop yield', 'Agriculture', 'Biology', 'Ecology', 'Economics']",['Climate action'],58,98.0,99.0,0.97618391,58,8.0,7.0,9.0,8.0,11.0,6.0,,2.0,7.0,3977
https://openalex.org/W4385898618,"Maize and heat stress: Physiological, genetic, and molecular insights",2023-08-16,2023,review,Target_author,Vara Prasad,93,359,middle,True,8,The Plant Genome,Crop Science Society of America,True,gold,Crop Yield and Soil Fertility,Agronomy and Crop Science,Agricultural and Biological Sciences,Life Sciences,"['Biology', 'Quantitative trait locus', 'Molecular breeding', 'Heat shock protein', 'Genetic diversity']","['Biology', 'Quantitative trait locus', 'Molecular breeding', 'Heat shock protein', 'Genetic diversity', 'Crop', 'Candidate gene', 'Agronomy', 'Biotechnology', 'Gene', 'Genetics']",[],58,94.0,100.0,0.99768014,132,,,,9.0,25.0,22.0,2.0,,,13299
https://openalex.org/W4319869469,Assessing long‐term impacts of cover crops on soil organic carbon in the central US Midwestern agroecosystems,2023-02-11,2023,article,Target_author,Kaiyu,69,156,middle,True,14,Global Change Biology,Wiley,True,bronze,Soil Carbon and Nitrogen Dynamics,Soil Science,Agricultural and Biological Sciences,Life Sciences,"['Cover crop', 'Environmental science', 'Agroecosystem', 'Soil carbon', 'Agroforestry']","['Cover crop', 'Environmental science', 'Agroecosystem', 'Soil carbon', 'Agroforestry', 'Agriculture', 'Agricultural engineering', 'Agronomy', 'Geography', 'Soil water', 'Engineering', 'Soil science']",[],57,99.0,100.0,0.98792409,78,,,,4.0,27.0,17.0,9.0,,,10358
https://openalex.org/W2945281589,A systems-level yield gap assessment of maize-soybean rotation under high- and low-management inputs in the Western US Corn Belt using APSIM,2019-05-16,2019,article,Target_author,Ciampitti,58,219,last,True,8,Agricultural Systems,Elsevier BV,False,closed,Climate change impacts on agriculture,"Ecology, Evolution, Behavior and Systematics",Agricultural and Biological Sciences,Life Sciences,"['Yield gap', 'Yield (engineering)', 'Seeding', 'Agronomy', 'Nutrient management']","['Yield gap', 'Yield (engineering)', 'Seeding', 'Agronomy', 'Nutrient management', 'Crop rotation', 'Environmental science', 'Mathematics', 'Rotation system', 'Crop', 'Crop yield', 'Nutrient', 'Growing season', 'Nitrogen', 'Biology', 'Chemistry', 'Ecology', 'Physics']",[],56,94.0,100.0,0.97142101,62,8.0,12.0,10.0,11.0,6.0,4.0,2.0,,3.0,7582
https://openalex.org/W2997981133,Sight for Sorghums: Comparisons of Satellite- and Ground-Based Sorghum Yield Estimates in Mali,2019-12-27,2019,article,Target_author,Lobell,112,269,first,True,6,Remote Sensing,Multidisciplinary Digital Publishing Institute,True,gold,Remote Sensing in Agriculture,Ecology,Environmental Science,Physical Sciences,"['Satellite', 'Sorghum', 'Crop yield', 'Environmental science', 'Yield (engineering)']","['Satellite', 'Sorghum', 'Crop yield', 'Environmental science', 'Yield (engineering)', 'Crop', 'Agriculture', 'Precision agriculture', 'Remote sensing', 'Mathematics', 'Agronomy', 'Geography']",['Zero hunger'],56,97.0,99.0,0.96280319,30,9.0,7.0,6.0,10.0,15.0,8.0,,,1.0,8518
https://openalex.org/W2788398507,Understanding N timing in corn yield and fertilizer N recovery: An insight from an isotopic labeled-N determination,2018-02-20,2018,article,Target_author,Ciampitti,58,219,middle,True,7,PLoS ONE,Public Library of Science,True,gold,Crop Yield and Soil Fertility,Agronomy and Crop Science,Agricultural and Biological Sciences,Life Sciences,"['Fertilizer', 'Sowing', 'Human fertilization', 'Agronomy', 'Tillage']","['Fertilizer', 'Sowing', 'Human fertilization', 'Agronomy', 'Tillage', 'Growing season', 'Yield (engineering)', 'Zea mays', 'Nitrogen', 'Animal science', 'Biology', 'Chemistry']",[],56,90.0,99.0,0.98630788,49,5.0,5.0,9.0,11.0,15.0,6.0,1.0,,4.0,7582
https://openalex.org/W3095660270,Assessing the uncertainty of maize yield without nitrogen fertilization,2020-11-02,2020,article,Target_author,Ciampitti,58,219,last,True,14,Field Crops Research,Elsevier BV,False,closed,Crop Yield and Soil Fertility,Agronomy and Crop Science,Agricultural and Biological Sciences,Life Sciences,"['Agronomy', 'Human fertilization', 'Nitrogen', 'Predictability', 'Irrigation']","['Agronomy', 'Human fertilization', 'Nitrogen', 'Predictability', 'Irrigation', 'Crop yield', 'Fertilizer', 'Crop', 'Mathematics', 'Environmental science', 'Biology', 'Chemistry', 'Statistics']",['Zero hunger'],56,98.0,99.0,0.98273752,142,2.0,11.0,9.0,11.0,15.0,8.0,,,,7582
https://openalex.org/W3009411959,Satellite footprint data from OCO-2 and TROPOMI reveal significant spatio-temporal and inter-vegetation type variabilities of solar-induced fluorescence yield in the U.S. Midwest,2020-03-05,2020,article,Target_author,Kaiyu,69,156,middle,True,17,Remote Sensing of Environment,Elsevier BV,False,closed,Remote Sensing in Agriculture,Ecology,Environmental Science,Physical Sciences,"['Photosynthetically active radiation', 'Environmental science', 'Canopy', 'Vegetation (pathology)', 'Atmospheric sciences']","['Photosynthetically active radiation', 'Environmental science', 'Canopy', 'Vegetation (pathology)', 'Atmospheric sciences', 'Growing season', 'Spatial variability', 'Spatial ecology', 'Chlorophyll fluorescence', 'Satellite', 'Remote sensing', 'Photosynthesis', 'Agronomy', 'Geography', 'Ecology', 'Geology', 'Botany', 'Biology', 'Mathematics']",['Life in Land'],55,96.0,100.0,0.97195728,83,3.0,3.0,8.0,9.0,20.0,7.0,5.0,,,10358
https://openalex.org/W3191067662,Enabling circularity in grain production systems with novel technologies and policy,2021-08-06,2021,article,Target_author,Basso,70,193,first,True,5,Agricultural Systems,Elsevier BV,True,hybrid,Bioeconomy and Sustainability Development,General Agricultural and Biological Sciences,Agricultural and Biological Sciences,Life Sciences,"['Production (economics)', 'Computer science', 'Economics', 'Microeconomics']","['Production (economics)', 'Computer science', 'Economics', 'Microeconomics']",['Responsible consumption and production'],54,94.0,100.0,0.99274773,43,,2.0,11.0,15.0,14.0,10.0,2.0,,,5518
https://openalex.org/W3214749184,A physiological signal derived from sun-induced chlorophyll fluorescence quantifies crop physiological response to environmental stresses in the U.S. Corn Belt,2021-11-19,2021,article,Target_author,Kaiyu,69,156,middle,True,14,Environmental Research Letters,IOP Publishing,True,gold,Remote Sensing in Agriculture,Ecology,Environmental Science,Physical Sciences,"['Canopy', 'Stomatal conductance', 'Vapour Pressure Deficit', 'Chlorophyll fluorescence', 'Environmental science']","['Canopy', 'Stomatal conductance', 'Vapour Pressure Deficit', 'Chlorophyll fluorescence', 'Environmental science', 'Atmospheric sciences', 'Agronomy', 'Soil science', 'Chlorophyll', 'Photosynthesis', 'Botany', 'Biology', 'Transpiration', 'Physics']",[],54,96.0,100.0,0.97316485,52,,1.0,13.0,13.0,14.0,13.0,,,,10358
https://openalex.org/W4391282980,Intensifying rice production to reduce imports and land conversion in Africa,2024-01-27,2024,article,Target_author,Grassini,56,106,last,True,6,Nature Communications,Nature Portfolio,True,gold,Climate change impacts on agriculture,"Ecology, Evolution, Behavior and Systematics",Agricultural and Biological Sciences,Life Sciences,"['Yield (engineering)', 'Production (economics)', 'Agricultural economics', 'Agriculture', 'Environmental science']","['Yield (engineering)', 'Production (economics)', 'Agricultural economics', 'Agriculture', 'Environmental science', 'Yield gap', 'Agronomy', 'Crop', 'Agroforestry', 'Agricultural engineering', 'Business', 'Economics', 'Geography', 'Biology', 'Engineering']",['Zero hunger'],52,99.0,100.0,0.99938712,75,,,,,6.0,37.0,9.0,,,3977
https://openalex.org/W3007049674,Benchmarking impact of nitrogen inputs on grain yield and environmental performance of producer fields in the western US Corn Belt,2020-02-27,2020,article,Target_author,Grassini,56,106,last,True,9,Agriculture Ecosystems & Environment,Elsevier BV,True,hybrid,Soil Carbon and Nitrogen Dynamics,Soil Science,Agricultural and Biological Sciences,Life Sciences,"['Agronomy', 'Irrigation', 'Environmental science', 'Yield (engineering)', 'Fertilizer']","['Agronomy', 'Irrigation', 'Environmental science', 'Yield (engineering)', 'Fertilizer', 'Productivity', 'Agriculture', 'Field experiment', 'Nitrogen', 'Mathematics', 'Nitrogen balance', 'Crop yield', 'Biology', 'Chemistry', 'Ecology', 'Economics']",[],52,97.0,99.0,0.95122847,65,2.0,8.0,8.0,12.0,6.0,11.0,4.0,,,3977
https://openalex.org/W3165341605,Reproductive resilience but not root architecture underpins yield improvement under drought in maize,2021-05-21,2021,article,Target_author,Messina,53,97,first,True,11,Journal of Experimental Botany,Oxford University Press,True,hybrid,Plant nutrient uptake and metabolism,Plant Science,Agricultural and Biological Sciences,Life Sciences,"['Ideotype', 'Hybrid', 'Agronomy', 'Nutrient', 'Irrigation']","['Ideotype', 'Hybrid', 'Agronomy', 'Nutrient', 'Irrigation', 'Crop', 'Biology', 'Yield (engineering)', 'Agriculture', 'Adaptation (eye)', 'Grain yield', 'Root system', 'Plant physiology', 'Crop yield', 'Drought tolerance', 'Botany', 'Ecology']",['Zero hunger'],51,97.0,99.0,0.97348408,48,,2.0,12.0,8.0,10.0,15.0,4.0,,,3276
https://openalex.org/W2943138918,Yield gaps in intensive rice-maize cropping sequences in the humid tropics of Indonesia,2019-05-01,2019,article,Target_author,Grassini,56,106,last,True,16,Field Crops Research,Elsevier BV,False,closed,Rice Cultivation and Yield Improvement,Plant Science,Agricultural and Biological Sciences,Life Sciences,"['Agronomy', 'Yield gap', 'Cropping', 'Yield (engineering)', 'Crop']","['Agronomy', 'Yield gap', 'Cropping', 'Yield (engineering)', 'Crop', 'Cropping system', 'Productivity', 'Tropics', 'Crop yield', 'Environmental science', 'Mathematics', 'Agriculture', 'Biology']",[],50,98.0,99.0,0.96601879,62,6.0,8.0,10.0,8.0,12.0,6.0,,,,3977
https://openalex.org/W4378652369,A scalable framework for quantifying field-level agricultural carbon outcomes,2023-05-29,2023,article,Target_author,Peng,40,71,middle,True,27,Earth-Science Reviews,Elsevier BV,True,bronze,Soil Carbon and Nitrogen Dynamics,Soil Science,Agricultural and Biological Sciences,Life Sciences,"['Greenhouse gas', 'Environmental science', 'Soil carbon', 'Scalability', 'Agriculture']","['Greenhouse gas', 'Environmental science', 'Soil carbon', 'Scalability', 'Agriculture', 'Agroecosystem', 'Environmental resource management', 'Environmental economics', 'Agricultural engineering', 'Computer science', 'Engineering', 'Soil science', 'Soil water', 'Ecology']",['Zero hunger'],49,96.0,100.0,0.98278837,185,,,,8.0,23.0,15.0,3.0,,,4976
https://openalex.org/W2896699062,Optimum Soybean Seeding Rates by Yield Environment in Southern Brazil,2018-10-11,2018,article,Target_author,Ciampitti,58,219,last,True,7,Agronomy Journal,Wiley,False,closed,Soybean genetics and cultivation,Plant Science,Agricultural and Biological Sciences,Life Sciences,"['Seeding', 'Sowing', 'Yield (engineering)', 'Agronomy', 'Mathematics']","['Seeding', 'Sowing', 'Yield (engineering)', 'Agronomy', 'Mathematics', 'Growing season', 'Biology']",[],49,94.0,100.0,0.95645122,65,3.0,10.0,7.0,7.0,9.0,2.0,,3.0,8.0,7582
https://openalex.org/W2802272529,Estimating sowing dates from satellite data over the U.S. Midwest: A comparison of multiple sensors and metrics,2018-04-24,2018,article,Target_author,Kaiyu,69,156,middle,True,3,Remote Sensing of Environment,Elsevier BV,False,closed,Remote Sensing in Agriculture,Ecology,Environmental Science,Physical Sciences,"['Sowing', 'Satellite', 'Remote sensing', 'Moderate-resolution imaging spectroradiometer', 'Environmental science']","['Sowing', 'Satellite', 'Remote sensing', 'Moderate-resolution imaging spectroradiometer', 'Environmental science', 'Spectroradiometer', 'Enhanced vegetation index', 'Range (aeronautics)', 'Normalized Difference Vegetation Index', 'Leaf area index', 'Meteorology', 'Geography', 'Vegetation Index', 'Agronomy', 'Physics']",['Partnerships for the goals'],49,94.0,99.0,0.92356977,75,7.0,6.0,7.0,7.0,3.0,6.0,2.0,2.0,9.0,10358
https://openalex.org/W2807424345,"Mapping Paddy Rice Area and Yields Over Thai Binh Province in Viet Nam From MODIS, Landsat, and ALOS-2/PALSAR-2",2018-06-07,2018,article,Target_author,Kaiyu,69,156,first,True,7,IEEE Journal of Selected Topics in Applied Earth Observations and Remote Sensing,Institute of Electrical and Electronics Engineers,False,closed,Remote Sensing in Agriculture,Ecology,Environmental Science,Physical Sciences,"['Remote sensing', 'Satellite', 'Environmental science', 'Vegetation (pathology)', 'Geolocation']","['Remote sensing', 'Satellite', 'Environmental science', 'Vegetation (pathology)', 'Geolocation', 'Moderate-resolution imaging spectroradiometer', 'Paddy field', 'Radar', 'Synthetic aperture radar', 'Computer science', 'Geography', 'Physics']",['Life in Land'],49,94.0,99.0,0.91914184,66,6.0,11.0,4.0,6.0,4.0,5.0,2.0,2.0,9.0,10358
https://openalex.org/W4378652369,A scalable framework for quantifying field-level agricultural carbon outcomes,2023-05-29,2023,article,Target_author,Kaiyu,69,156,first,True,27,Earth-Science Reviews,Elsevier BV,True,bronze,Soil Carbon and Nitrogen Dynamics,Soil Science,Agricultural and Biological Sciences,Life Sciences,"['Greenhouse gas', 'Environmental science', 'Soil carbon', 'Scalability', 'Agriculture']","['Greenhouse gas', 'Environmental science', 'Soil carbon', 'Scalability', 'Agriculture', 'Agroecosystem', 'Environmental resource management', 'Environmental economics', 'Agricultural engineering', 'Computer science', 'Engineering', 'Soil science', 'Soil water', 'Ecology']",['Zero hunger'],49,96.0,100.0,0.98278837,185,,,,8.0,23.0,15.0,3.0,,,10358
https://openalex.org/W3114521038,Assessing yield and economic impact of introducing soybean to the lowland rice system in southern Brazil,2020-12-25,2020,article,Target_author,Grassini,56,106,last,True,7,Agricultural Systems,Elsevier BV,False,closed,Rice Cultivation and Yield Improvement,Plant Science,Agricultural and Biological Sciences,Life Sciences,"['Rotation system', 'Crop rotation', 'Cropping system', 'Monoculture', 'Agronomy']","['Rotation system', 'Crop rotation', 'Cropping system', 'Monoculture', 'Agronomy', 'Cropping', 'Yield (engineering)', 'Sowing', 'Mathematics', 'Fertilizer', 'Environmental science', 'Paddy field', 'Crop', 'Agriculture', 'Geography', 'Biology', 'Physics']",[],48,97.0,100.0,0.95675578,45,4.0,11.0,8.0,11.0,9.0,5.0,,,,3977
https://openalex.org/W3132712337,Projecting potential impact of COVID-19 on major cereal crops in Senegal and Burkina Faso using crop simulation models,2021-02-21,2021,article,Target_author,Vara Prasad,93,359,last,True,7,Agricultural Systems,Elsevier BV,True,green,Climate change impacts on agriculture,"Ecology, Evolution, Behavior and Systematics",Agricultural and Biological Sciences,Life Sciences,"['DSSAT', 'Livelihood', 'Crop simulation model', 'Crop yield', 'Agriculture']","['DSSAT', 'Livelihood', 'Crop simulation model', 'Crop yield', 'Agriculture', 'Sowing', 'Crop', 'Agroecology', 'Environmental science', 'Sorghum', 'Yield (engineering)', 'Agricultural productivity', 'Agricultural science', 'Agronomy', 'Agroforestry', 'Geography', 'Agricultural economics', 'Economics', 'Biology']",['Zero hunger'],48,96.0,99.0,0.98648862,96,,1.0,12.0,6.0,14.0,8.0,7.0,,,13299
https://openalex.org/W3199870686,"Does water availability affect the critical N dilution curves in crops? A case study for maize, wheat, and tall fescue crops",2021-09-17,2021,article,Target_author,Ciampitti,58,219,first,True,5,Field Crops Research,Elsevier BV,False,closed,Crop Yield and Soil Fertility,Agronomy and Crop Science,Agricultural and Biological Sciences,Life Sciences,"['Dilution', 'Crop', 'Agronomy', 'Zea mays', 'Mathematics']","['Dilution', 'Crop', 'Agronomy', 'Zea mays', 'Mathematics', 'Biology']",['Clean water and sanitation'],47,98.0,100.0,0.97295679,69,,3.0,16.0,8.0,6.0,14.0,,,,7582
https://openalex.org/W2942626916,"Nitrogen limitation in high-yield soybean: Seed yield, N accumulation, and N-use efficiency",2019-05-01,2019,article,Target_author,Grassini,56,106,last,True,7,Field Crops Research,Elsevier BV,False,closed,Soybean genetics and cultivation,Plant Science,Agricultural and Biological Sciences,Life Sciences,"['Yield (engineering)', 'Agronomy', 'Nitrogen', '30-day yield', 'Environmental science']","['Yield (engineering)', 'Agronomy', 'Nitrogen', '30-day yield', 'Environmental science', 'Mathematics', 'Biology', 'Chemistry', 'Grain yield', 'Physics']",[],45,94.0,100.0,0.96386535,38,8.0,3.0,5.0,7.0,11.0,5.0,2.0,,4.0,3977
https://openalex.org/W2801394873,"Thresholds, sensitive stages and genetic variability of finger millet to high temperature stress",2018-04-17,2018,article,Target_author,Vara Prasad,93,359,middle,True,6,Journal of Agronomy and Crop Science,Wiley,True,bronze,Plant Stress Responses and Tolerance,Plant Science,Agricultural and Biological Sciences,Life Sciences,"['Panicle', 'Eleusine', 'Biology', 'Agronomy', 'Grain yield']","['Panicle', 'Eleusine', 'Biology', 'Agronomy', 'Grain yield', 'Finger millet', 'Arid']",['Life in Land'],45,90.0,100.0,0.94498775,66,8.0,6.0,4.0,6.0,4.0,4.0,1.0,4.0,8.0,13299
https://openalex.org/W4399652790,"Harnessing plant growth-promoting rhizobacteria, Bacillus subtilis and B. aryabhattai to combat salt stress in rice: a study on the regulation of antioxidant defense, ion homeostasis, and photosynthetic parameters",2024-06-13,2024,article,Target_author,Vara Prasad,93,359,middle,True,7,Frontiers in Plant Science,Frontiers Media,True,gold,Plant Stress Responses and Tolerance,Plant Science,Agricultural and Biological Sciences,Life Sciences,"['Rhizobacteria', 'Biology', 'Oryza sativa', 'Salinity', 'Transplantation']","['Rhizobacteria', 'Biology', 'Oryza sativa', 'Salinity', 'Transplantation', 'Photosynthesis', 'Transplanting', 'Botany', 'Horticulture', 'Seedling', 'Agronomy', 'Rhizosphere', 'Bacteria', 'Medicine', 'Ecology']",[],45,97.0,100.0,0.99712732,54,,,,,13.0,28.0,4.0,,,13299
https://openalex.org/W4220868078,Kernel weight contribution to yield genetic gain of maize: a global review and US case studies,2022-03-10,2022,review,Target_author,Ciampitti,58,219,last,True,6,Journal of Experimental Botany,Oxford University Press,False,closed,Crop Yield and Soil Fertility,Agronomy and Crop Science,Agricultural and Biological Sciences,Life Sciences,"['Hybrid', 'Zea mays', 'Kernel (algebra)', 'Grain yield', 'Agronomy']","['Hybrid', 'Zea mays', 'Kernel (algebra)', 'Grain yield', 'Agronomy', 'Yield (engineering)', 'Biology', 'Plant breeding', 'Biotechnology', 'Crop', 'Mathematics']",['Zero hunger'],45,96.0,100.0,0.98667448,69,,,3.0,20.0,11.0,8.0,3.0,,,7582
https://openalex.org/W3106726702,Using crop simulation model to evaluate influence of water management practices and multiple cropping systems on crop yields: A case study for Ethiopian highlands,2020-11-20,2020,article,Target_author,Vara Prasad,93,359,middle,True,4,Field Crops Research,Elsevier BV,False,closed,Agronomic Practices and Intercropping Systems,Agronomy and Crop Science,Agricultural and Biological Sciences,Life Sciences,"['Agronomy', 'Monoculture', 'Crop rotation', 'Irrigation', 'Cropping']","['Agronomy', 'Monoculture', 'Crop rotation', 'Irrigation', 'Cropping', 'Yield (engineering)', 'Yield gap', 'Cropping system', 'Environmental science', 'Crop yield', 'Soil water', 'Mathematics', 'Soil fertility', 'Rainfed agriculture', 'Crop', 'Water-use efficiency', 'Agriculture', 'Biology', 'Soil science']",['Clean water and sanitation'],44,98.0,100.0,0.96950555,72,5.0,8.0,6.0,7.0,11.0,7.0,,,,13299
https://openalex.org/W3002233402,Mid‐season county‐level corn yield forecast for US Corn Belt integrating satellite imagery and weather variables,2020-01-24,2020,article,Target_author,Ciampitti,58,219,last,True,9,Crop Science,Wiley,False,closed,Remote Sensing in Agriculture,Ecology,Environmental Science,Physical Sciences,"['Normalized Difference Vegetation Index', 'Yield (engineering)', 'Growing season', 'Environmental science', 'Precipitation']","['Normalized Difference Vegetation Index', 'Yield (engineering)', 'Growing season', 'Environmental science', 'Precipitation', 'Satellite imagery', 'Vegetation (pathology)', 'Meteorology', 'Statistics', 'Climatology', 'Mathematics', 'Agronomy', 'Geography', 'Leaf area index', 'Biology']",['Zero hunger'],44,97.0,100.0,0.93687676,53,3.0,5.0,11.0,5.0,5.0,11.0,4.0,,,7582
https://openalex.org/W4281845117,Radiation use efficiency increased over a century of maize (<i>Zea mays</i>L.) breeding in the US corn belt,2022-05-30,2022,article,Target_author,Messina,53,97,first,True,9,Journal of Experimental Botany,Oxford University Press,False,closed,Crop Yield and Soil Fertility,Agronomy and Crop Science,Agricultural and Biological Sciences,Life Sciences,"['Crop', 'Agronomy', 'Zea mays', 'Interception', 'Yield (engineering)']","['Crop', 'Agronomy', 'Zea mays', 'Interception', 'Yield (engineering)', 'Canopy', 'Hybrid', 'Leaf area index', 'Biology', 'Irrigation', 'Botany', 'Ecology']",[],44,97.0,100.0,0.98692109,71,,,2.0,13.0,12.0,13.0,4.0,,,3276
https://openalex.org/W3170875595,Environmental Factors Associated With Nitrogen Fixation Prediction in Soybean,2021-06-15,2021,article,Target_author,Ciampitti,58,219,last,True,9,Frontiers in Plant Science,Frontiers Media,True,gold,Soybean genetics and cultivation,Plant Science,Agricultural and Biological Sciences,Life Sciences,"['Sowing', 'Nitrogen fixation', 'Agronomy', 'Linear regression', 'Mathematics']","['Sowing', 'Nitrogen fixation', 'Agronomy', 'Linear regression', 'Mathematics', 'Biology', 'Animal science', 'Nitrogen', 'Chemistry', 'Statistics']",['Responsible consumption and production'],43,93.0,100.0,0.96814336,75,,3.0,7.0,11.0,12.0,8.0,2.0,,,7582
https://openalex.org/W2887010805,Exploring Nitrogen Limitation for Historical and Modern Soybean Genotypes,2018-08-09,2018,article,Target_author,Ciampitti,58,219,last,True,6,Agronomy Journal,Wiley,True,hybrid,Soybean genetics and cultivation,Plant Science,Agricultural and Biological Sciences,Life Sciences,"['Sowing', 'Yield (engineering)', 'Nitrogen', 'Agronomy', 'Growing season']","['Sowing', 'Yield (engineering)', 'Nitrogen', 'Agronomy', 'Growing season', 'Glycine', 'Nitrogen fixation', 'Biology', 'Human fertilization', 'Chemistry', 'Amino acid']",[],42,96.0,99.0,0.9628551,52,7.0,3.0,7.0,9.0,7.0,5.0,,,4.0,7582
https://openalex.org/W3176851564,Cleaner air has contributed one-fifth of US maize and soybean yield gains since 1999,2021-06-29,2021,article,Target_author,Lobell,112,269,first,True,2,Environmental Research Letters,IOP Publishing,True,gold,Plant responses to elevated CO2,Plant Science,Agricultural and Biological Sciences,Life Sciences,"['Pollutant', 'Yield (engineering)', 'Particulates', 'Environmental science', 'Air quality index']","['Pollutant', 'Yield (engineering)', 'Particulates', 'Environmental science', 'Air quality index', 'Air pollution', 'Sulfur dioxide', 'Ozone', 'Nitrogen dioxide', 'Agriculture', 'Atmospheric sciences', 'Air pollutants', 'Agronomy', 'Meteorology', 'Chemistry', 'Ecology', 'Biology', 'Geography']",['Responsible consumption and production'],42,97.0,99.0,0.96161707,38,,2.0,11.0,10.0,9.0,6.0,4.0,,,8518
https://openalex.org/W4281775304,A global dataset to parametrize critical nitrogen dilution curves for major crop species,2022-06-07,2022,review,Target_author,Ciampitti,58,219,first,True,7,Scientific Data,Nature Portfolio,True,gold,Soil Carbon and Nitrogen Dynamics,Soil Science,Agricultural and Biological Sciences,Life Sciences,"['Dilution', 'Crop', 'Biomass (ecology)', 'Environmental science', 'Sampling (signal processing)']","['Dilution', 'Crop', 'Biomass (ecology)', 'Environmental science', 'Sampling (signal processing)', 'Key (lock)', 'Range (aeronautics)', 'Residual', 'Nitrogen', 'Mathematics', 'Agronomy', 'Computer science', 'Biology', 'Ecology', 'Chemistry', 'Physics', 'Materials science', 'Algorithm']",['Zero hunger'],41,97.0,100.0,0.95534819,29,,,4.0,20.0,5.0,8.0,4.0,,,7582
https://openalex.org/W2945077511,Soybean Nitrogen Sources and Demand During the Seed‐Filling Period,2019-05-23,2019,article,Target_author,Ciampitti,58,219,last,True,5,Agronomy Journal,Wiley,False,closed,Soybean genetics and cultivation,Plant Science,Agricultural and Biological Sciences,Life Sciences,"['Sowing', 'Agronomy', 'Nitrogen', 'Biomass (ecology)', 'Nutrient']","['Sowing', 'Agronomy', 'Nitrogen', 'Biomass (ecology)', 'Nutrient', 'Biology', 'Field experiment', 'Animal science', 'Chemistry']",[],41,94.0,100.0,0.96205592,56,7.0,5.0,2.0,6.0,10.0,8.0,,,3.0,7582
https://openalex.org/W4381712612,Agronomy explains large yield gaps in smallholder oil palm fields,2023-06-02,2023,article,Target_author,Grassini,56,106,last,True,19,Agricultural Systems,Elsevier BV,True,hybrid,Oil Palm Production and Sustainability,Ecology,Environmental Science,Physical Sciences,"['Yield (engineering)', 'Yield gap', 'Sowing', 'Pruning', 'Palm oil']","['Yield (engineering)', 'Yield gap', 'Sowing', 'Pruning', 'Palm oil', 'Agroforestry', 'Productivity', 'Weed control', 'Agronomy', 'Agriculture', 'Crop yield', 'Agricultural engineering', 'Environmental science', 'Agricultural economics', 'Economics', 'Geography', 'Biology', 'Engineering']",['Zero hunger'],40,98.0,100.0,0.98600741,43,,,,7.0,17.0,9.0,7.0,,,3977
https://openalex.org/W3165935059,Revisiting linear regression to test agreement in continuous predicted-observed datasets,2021-06-08,2021,article,Target_author,Ciampitti,58,219,last,True,4,Agricultural Systems,Elsevier BV,False,closed,Irrigation Practices and Water Management,Soil Science,Agricultural and Biological Sciences,Life Sciences,"['Ordinary least squares', 'Linear regression', 'Regression', 'Statistics', 'Regression analysis']","['Ordinary least squares', 'Linear regression', 'Regression', 'Statistics', 'Regression analysis', 'Regression diagnostic', 'Scatter plot', 'Mathematics', 'Line (geometry)', 'Bivariate analysis', 'Interpretation (philosophy)', 'Plot (graphics)', 'Polynomial regression', 'Computer science', 'Geometry']",['Zero hunger'],40,98.0,99.0,0.94613808,63,,,10.0,14.0,9.0,7.0,,,,7582
https://openalex.org/W3210444381,Unraveling uncertainty drivers of the maize yield response to nitrogen: A Bayesian and machine learning approach,2021-10-21,2021,article,Target_author,Ciampitti,58,219,last,True,12,Agricultural and Forest Meteorology,Elsevier BV,False,closed,Crop Yield and Soil Fertility,Agronomy and Crop Science,Agricultural and Biological Sciences,Life Sciences,"['Mathematics', 'Zea mays', 'Crop yield', 'Bayesian probability', 'Grain yield']","['Mathematics', 'Zea mays', 'Crop yield', 'Bayesian probability', 'Grain yield', 'Yield (engineering)', 'Statistics', 'Predictability', 'Fertilizer', 'Agronomy', 'Biology', 'Physics']",[],40,98.0,100.0,0.96561552,93,,2.0,14.0,7.0,11.0,6.0,,,,7582
https://openalex.org/W4310067270,How does uncertainty of soil organic carbon stock affect the calculation of carbon budgets and soil carbon credits for croplands in the U.S. Midwest?,2022-11-24,2022,article,Target_author,Kaiyu,69,156,middle,True,12,Geoderma,Elsevier BV,True,hybrid,Soil Carbon and Nitrogen Dynamics,Soil Science,Agricultural and Biological Sciences,Life Sciences,"['Soil carbon', 'Environmental science', 'Stock (firearms)', 'Soil survey', 'Carbon credit']","['Soil carbon', 'Environmental science', 'Stock (firearms)', 'Soil survey', 'Carbon credit', 'Agroecosystem', 'Soil science', 'Climate change', 'Agriculture', 'Soil water', 'Geography', 'Geology', 'Oceanography']",[],40,90.0,100.0,0.95248869,97,,,5.0,18.0,7.0,9.0,1.0,,,10358
https://openalex.org/W4224983283,"Evaluating crop management options for sorghum, pearl millet and peanut to minimize risk under the projected midcentury climate scenario for different locations in Senegal",2022-01-01,2022,article,Target_author,Vara Prasad,93,359,last,True,9,Climate Risk Management,Elsevier BV,True,gold,Climate change impacts on agriculture,"Ecology, Evolution, Behavior and Systematics",Agricultural and Biological Sciences,Life Sciences,"['Climate change', 'Irrigation', 'Sowing', 'Environmental science', 'Sorghum']","['Climate change', 'Irrigation', 'Sowing', 'Environmental science', 'Sorghum', 'Cropping', 'Agronomy', 'Yield (engineering)', 'Food security', 'Crop yield', 'Crop', 'Agroforestry', 'Geography', 'Agriculture', 'Biology', 'Ecology']","['Climate action', 'Zero hunger']",39,97.0,100.0,0.99030451,68,,,2.0,9.0,18.0,5.0,5.0,,,13299
https://openalex.org/W4225700035,Crop Improvement for Circular Bioeconomy Systems,2022-01-01,2022,article,Target_author,Messina,53,97,first,True,12,Journal of the ASABE,,True,hybrid,Genetically Modified Organisms Research,Plant Science,Agricultural and Biological Sciences,Life Sciences,"['Sustainability', 'Phenomics', 'Computer science', 'Productivity', 'Crop yield']","['Sustainability', 'Phenomics', 'Computer science', 'Productivity', 'Crop yield', 'Set (abstract data type)', 'Agriculture', 'Agricultural engineering', 'Engineering', 'Genomics', 'Ecology', 'Biology']",['Zero hunger'],38,98.0,100.0,0.97032507,87,,,3.0,12.0,6.0,11.0,6.0,,,3276
https://openalex.org/W2800742884,Estimating plant distance in maize using Unmanned Aerial Vehicle (UAV),2018-04-20,2018,article,Target_author,Basso,70,193,middle,True,5,PLoS ONE,Public Library of Science,True,gold,Smart Agriculture and AI,Plant Science,Agricultural and Biological Sciences,Life Sciences,"['Crop', 'Agronomy', 'Grain yield', 'Environmental science', 'Scale (ratio)']","['Crop', 'Agronomy', 'Grain yield', 'Environmental science', 'Scale (ratio)', 'Row', 'Yield (engineering)', 'Zea mays', 'Agricultural engineering', 'Remote sensing', 'Biology', 'Computer science', 'Geography', 'Engineering', 'Cartography']",['Zero hunger'],37,89.0,99.0,0.9098008,28,13.0,4.0,9.0,3.0,1.0,4.0,1.0,,2.0,5518
https://openalex.org/W2901954632,Assessing variation in maize grain nitrogen concentration and its implications for estimating nitrogen balance in the US North Central region,2018-11-17,2018,article,Target_author,Grassini,56,106,last,True,19,Field Crops Research,Elsevier BV,False,closed,Crop Yield and Soil Fertility,Agronomy and Crop Science,Agricultural and Biological Sciences,Life Sciences,"['Nitrogen', 'Nitrogen balance', 'Grain yield', 'Fertilizer', 'Estimation']","['Nitrogen', 'Nitrogen balance', 'Grain yield', 'Fertilizer', 'Estimation', 'Environmental science', 'Agronomy', 'Regression analysis', 'Yield (engineering)', 'Grain size', 'Regression', 'Soil science', 'Mathematics', 'Statistics', 'Animal science', 'Biology', 'Chemistry', 'Physics', 'Materials science', 'Economics']",['Climate action'],36,94.0,99.0,0.96620307,61,3.0,3.0,7.0,7.0,10.0,2.0,,1.0,3.0,3977
https://openalex.org/W3004678473,Crop science: A foundation for advancing predictive agriculture,2020-02-04,2020,article,Target_author,Messina,53,97,first,True,4,Crop Science,Wiley,True,green,Genetics and Plant Breeding,Plant Science,Agricultural and Biological Sciences,Life Sciences,"['Biology', 'Foundation (evidence)', 'Agriculture', 'Crop', 'Biotechnology']","['Biology', 'Foundation (evidence)', 'Agriculture', 'Crop', 'Biotechnology', 'Agroforestry', 'Agronomy', 'Ecology', 'Archaeology']",['Zero hunger'],36,96.0,99.0,0.96120365,24,,5.0,3.0,5.0,5.0,9.0,9.0,,,3276
https://openalex.org/W2789536839,Corn Yield Response to Plant Density and Nitrogen: Spatial Models and Yield Distribution,2018-03-08,2018,article,Target_author,Ciampitti,58,219,last,True,8,Agronomy Journal,Wiley,False,closed,Crop Yield and Soil Fertility,Agronomy and Crop Science,Agricultural and Biological Sciences,Life Sciences,"['Yield (engineering)', 'Geospatial analysis', 'Fertilizer', 'Agronomy', 'Plant density']","['Yield (engineering)', 'Geospatial analysis', 'Fertilizer', 'Agronomy', 'Plant density', 'Statistics', 'Mathematics', 'Crop yield', 'Environmental science', 'Geography', 'Biology', 'Sowing']",['Zero hunger'],36,94.0,99.0,0.94776265,74,4.0,6.0,5.0,3.0,7.0,2.0,3.0,,6.0,7582
https://openalex.org/W4381889671,Two decades of harnessing standing genetic variation for physiological traits to improve drought tolerance in maize,2023-06-15,2023,review,Target_author,Messina,53,97,first,True,5,Journal of Experimental Botany,Oxford University Press,True,hybrid,Genetics and Plant Breeding,Plant Science,Agricultural and Biological Sciences,Life Sciences,"['Genetic gain', 'Biology', 'Drought tolerance', 'Trait', 'Context (archaeology)']","['Genetic gain', 'Biology', 'Drought tolerance', 'Trait', 'Context (archaeology)', 'Crop', 'Selection (genetic algorithm)', 'Agronomy', 'Genomic selection', 'Plant breeding', 'Biotechnology', 'Drought stress', 'Genetic variation', 'Genotype', 'Genetics', 'Computer science', 'Gene', 'Machine learning']",['Clean water and sanitation'],36,96.0,100.0,0.98815667,142,,,,4.0,19.0,10.0,3.0,,,3276
https://openalex.org/W3157352975,Sulfur fertilization in soybean: A meta-analysis on yield and seed composition,2021-04-27,2021,article,Target_author,Ciampitti,58,219,last,True,15,European Journal of Agronomy,Elsevier BV,False,closed,Nitrogen and Sulfur Effects on Brassica,Molecular Biology,"Biochemistry, Genetics and Molecular Biology",Life Sciences,"['Sowing', 'Human fertilization', 'Agronomy', 'Composition (language)', 'Sulfur']","['Sowing', 'Human fertilization', 'Agronomy', 'Composition (language)', 'Sulfur', 'Yield (engineering)', 'Fertilizer', 'Biology', 'Chemistry']",['Life in Land'],36,89.0,100.0,0.89105459,82,,3.0,5.0,13.0,8.0,6.0,1.0,,,7582
https://openalex.org/W4283748406,Establishing a critical nitrogen dilution curve for estimating nitrogen nutrition index of potato crop in tropical environments,2022-06-29,2022,article,Target_author,Ciampitti,58,219,last,True,6,Field Crops Research,Elsevier BV,True,green,Potato Plant Research,Food Science,Agricultural and Biological Sciences,Life Sciences,"['Cultivar', 'Crop', 'Solanum tuberosum', 'Mathematics', 'Limiting']","['Cultivar', 'Crop', 'Solanum tuberosum', 'Mathematics', 'Limiting', 'Crop simulation model', 'Agronomy', 'Index (typography)', 'Yield (engineering)', 'Nitrogen', 'Statistics', 'Environmental science', 'Horticulture', 'Biology', 'Chemistry', 'Computer science', 'Physics']",[],36,94.0,100.0,0.95461921,29,,,2.0,13.0,12.0,7.0,2.0,,,7582
https://openalex.org/W4281668399,Field validation of a farmer supplied data approach to close soybean yield gaps in the US North Central region,2022-05-30,2022,article,Target_author,Grassini,56,106,last,True,13,Agricultural Systems,Elsevier BV,False,closed,Soybean genetics and cultivation,Plant Science,Agricultural and Biological Sciences,Life Sciences,"['Profit (economics)', 'Yield (engineering)', 'Crop management', 'Yield gap', 'Agricultural engineering']","['Profit (economics)', 'Yield (engineering)', 'Crop management', 'Yield gap', 'Agricultural engineering', 'Agricultural economics', 'Agricultural science', 'Crop yield', 'Economics', 'Mathematics', 'Environmental science', 'Agronomy', 'Crop', 'Geography', 'Forestry', 'Engineering', 'Microeconomics']",['Climate action'],35,96.0,100.0,0.96915446,31,,,1.0,9.0,8.0,17.0,,,,3977
https://openalex.org/W2913057251,Modeling irrigation and nitrogen management of wheat in northern Ethiopia,2019-02-15,2019,article,Target_author,Vara Prasad,93,359,middle,True,6,Agricultural Water Management,Elsevier BV,False,closed,Irrigation Practices and Water Management,Soil Science,Agricultural and Biological Sciences,Life Sciences,"['DSSAT', 'Irrigation', 'Agronomy', 'Environmental science', 'Biomass (ecology)']","['DSSAT', 'Irrigation', 'Agronomy', 'Environmental science', 'Biomass (ecology)', 'Fertilizer', 'Crop yield', 'Yield (engineering)', 'Biology']",[],35,96.0,99.0,0.91371923,48,6.0,5.0,5.0,7.0,5.0,6.0,,,1.0,13299
https://openalex.org/W3185863846,Assessing Marginal Land Availability Based on Land Use Change Information in the Contiguous United States,2021-07-23,2021,article,Target_author,Kaiyu,69,156,middle,True,5,Environmental Science & Technology,American Chemical Society,True,green,Bioenergy crop production and management,Agronomy and Crop Science,Agricultural and Biological Sciences,Life Sciences,"['Marginal land', 'Hectare', 'Land use', 'Marginal value', 'Agricultural land']","['Marginal land', 'Hectare', 'Land use', 'Marginal value', 'Agricultural land', 'Marginal product', 'Environmental science', 'Marginal cost', 'Land cover', 'Land use, land-use change and forestry', 'Agriculture', 'Geography', 'Agricultural economics', 'Agroforestry', 'Production (economics)', 'Economics', 'Ecology']",['Zero hunger'],35,93.0,100.0,0.96262756,61,,3.0,9.0,6.0,10.0,5.0,2.0,,,10358
https://openalex.org/W4310796724,The soiltestcorr R package: An accessible framework for reproducible correlation analysis of crop yield and soil test data,2022-12-06,2022,article,Target_author,Ciampitti,58,219,last,True,6,SoftwareX,Elsevier BV,True,gold,Soil Geostatistics and Mapping,Environmental Engineering,Environmental Science,Physical Sciences,"['Computer science', 'Software', 'Plateau (mathematics)', 'Correlation', 'Crop yield']","['Computer science', 'Software', 'Plateau (mathematics)', 'Correlation', 'Crop yield', 'Statistics', 'Data mining', 'Mathematics', 'Agronomy', 'Programming language']",['Zero hunger'],35,98.0,100.0,0.91263011,28,,,2.0,15.0,11.0,7.0,,,,7582
https://openalex.org/W2909476411,Economic value and water productivity of major irrigated crops in the Ogallala aquifer region,2019-01-12,2019,article,Target_author,Vara Prasad,93,359,last,True,8,Agricultural Water Management,Elsevier BV,False,closed,Irrigation Practices and Water Management,Soil Science,Agricultural and Biological Sciences,Life Sciences,"['Sorghum', 'Irrigation', 'Agronomy', 'DSSAT', 'Deficit irrigation']","['Sorghum', 'Irrigation', 'Agronomy', 'DSSAT', 'Deficit irrigation', 'Environmental science', 'Cropping system', 'Crop', 'Surface irrigation', 'Mathematics', 'Irrigation management', 'Biology']",[],35,94.0,99.0,0.94043518,34,3.0,4.0,2.0,6.0,5.0,11.0,2.0,,2.0,13299
https://openalex.org/W2947749415,Response of maize photosynthesis to high temperature: Implications for modeling the impact of global warming,2019-06-01,2019,article,Target_author,Messina,53,97,last,True,3,Plant Physiology and Biochemistry,Elsevier BV,False,closed,Plant responses to elevated CO2,Plant Science,Agricultural and Biological Sciences,Life Sciences,"['Photosynthesis', 'Global warming', 'Climate change', 'Biology', 'Environmental science']","['Photosynthesis', 'Global warming', 'Climate change', 'Biology', 'Environmental science', 'Agronomy', 'Botany', 'Ecology']",[],35,94.0,99.0,0.96006179,35,5.0,4.0,2.0,12.0,5.0,6.0,,,1.0,3276
https://openalex.org/W3198360745,Revisiting the critical nitrogen dilution curve for tall fescue: A quantitative synthesis,2021-09-02,2021,article,Target_author,Ciampitti,58,219,last,True,6,European Journal of Agronomy,Elsevier BV,False,closed,Turfgrass Adaptation and Management,Environmental Chemistry,Environmental Science,Physical Sciences,"['Festuca arundinacea', 'Mathematics', 'Dilution', 'Animal science', 'Statistics']","['Festuca arundinacea', 'Mathematics', 'Dilution', 'Animal science', 'Statistics', 'Environmental science', 'Agronomy', 'Biology', 'Physics', 'Poaceae']",['Zero hunger'],34,98.0,99.0,0.87697009,48,,2.0,11.0,6.0,6.0,9.0,,,,7582
https://openalex.org/W4283743888,Improving field boundary delineation in ResUNets via adversarial deep learning,2022-06-30,2022,article,Target_author,Kaiyu,69,156,middle,True,5,International Journal of Applied Earth Observation and Geoinformation,Elsevier BV,True,gold,Remote Sensing in Agriculture,Ecology,Environmental Science,Physical Sciences,"['Boundary (topology)', 'Field (mathematics)', 'Computer science', 'Adversarial system', 'Deep learning']","['Boundary (topology)', 'Field (mathematics)', 'Computer science', 'Adversarial system', 'Deep learning', 'Artificial intelligence', 'Machine learning', 'Scalability', 'Data science', 'Data mining', 'Database', 'Mathematics']",['Zero hunger'],34,98.0,99.0,0.96491585,37,,,,10.0,9.0,15.0,,,,10358
https://openalex.org/W3000820734,Varying Contributions of Drivers to the Relationship Between Canopy Photosynthesis and Far‐Red Sun‐Induced Fluorescence for Two Maize Sites at Different Temporal Scales,2020-01-27,2020,article,Target_author,Kaiyu,69,156,middle,True,13,Journal of Geophysical Research Biogeosciences,Wiley,True,bronze,Plant responses to elevated CO2,Plant Science,Agricultural and Biological Sciences,Life Sciences,"['Photosynthetically active radiation', 'Canopy', 'Atmospheric sciences', 'Linear relationship', 'Photosynthesis']","['Photosynthetically active radiation', 'Canopy', 'Atmospheric sciences', 'Linear relationship', 'Photosynthesis', 'Growing season', 'Chlorophyll fluorescence', 'Environmental science', 'Mathematics', 'Ecology', 'Physics', 'Botany', 'Biology', 'Statistics']",[],34,96.0,99.0,0.9359337,64,,3.0,12.0,7.0,7.0,5.0,,,,10358
https://openalex.org/W3090865140,"STAIR 2.0: A Generic and Automatic Algorithm to Fuse Modis, Landsat, and Sentinel-2 to Generate 10 m, Daily, and Cloud-/Gap-Free Surface Reflectance Product",2020-10-01,2020,article,Target_author,Kaiyu,69,156,middle,True,5,Remote Sensing,Multidisciplinary Digital Publishing Institute,True,gold,Remote Sensing in Agriculture,Ecology,Environmental Science,Physical Sciences,"['Fuse (electrical)', 'Remote sensing', 'Satellite', 'Computer science', 'Sensor fusion']","['Fuse (electrical)', 'Remote sensing', 'Satellite', 'Computer science', 'Sensor fusion', 'Cloud computing', 'Pixel', 'Algorithm', 'Fusion', 'Image resolution', 'Temporal resolution', 'Environmental science', 'Artificial intelligence', 'Geology']",[],33,89.0,99.0,0.94284818,36,,5.0,2.0,11.0,9.0,5.0,1.0,,,10358
https://openalex.org/W2911908967,A Review of Soybean Yield when Double‐Cropped after Wheat,2019-01-24,2019,review,Target_author,Ciampitti,58,219,last,True,7,Agronomy Journal,Wiley,True,hybrid,Soybean genetics and cultivation,Plant Science,Agricultural and Biological Sciences,Life Sciences,"['Agronomy', 'Yield (engineering)', 'Sowing', 'Mathematics', 'Yield gap']","['Agronomy', 'Yield (engineering)', 'Sowing', 'Mathematics', 'Yield gap', 'Crop', 'Growing season', 'Crop yield', 'Biology']",['Responsible consumption and production'],33,89.0,99.0,0.91870519,80,8.0,7.0,5.0,3.0,8.0,1.0,,,1.0,7582
https://openalex.org/W3047857787,Connections between the hydrological cycle and crop yield in the rainfed U.S. Corn Belt,2020-08-08,2020,article,Target_author,Kaiyu,69,156,middle,True,12,Journal of Hydrology,Elsevier BV,True,bronze,Hydrology and Drought Analysis,Global and Planetary Change,Environmental Science,Physical Sciences,"['Evapotranspiration', 'Water cycle', 'Environmental science', 'Crop yield', 'Crop']","['Evapotranspiration', 'Water cycle', 'Environmental science', 'Crop yield', 'Crop', 'Soil water', 'Water content', 'Precipitation', 'Abiotic component', 'Yield (engineering)', 'Agronomy', 'Water-use efficiency', 'Hydrology (agriculture)', 'Soil science', 'Irrigation', 'Geography', 'Ecology', 'Biology', 'Geology', 'Meteorology']",['Clean water and sanitation'],32,97.0,99.0,0.8823939,110,2.0,4.0,5.0,8.0,7.0,6.0,,,,10358
https://openalex.org/W3030825989,Reduction of Nitrogen Fertilizer Requirements and Nitrous Oxide Emissions Using Legume Cover Crops in a No-Tillage Sorghum Production System,2020-05-28,2020,article,Target_author,Vara Prasad,93,359,middle,True,5,Sustainability,Multidisciplinary Digital Publishing Institute,True,gold,Soil Carbon and Nitrogen Dynamics,Soil Science,Agricultural and Biological Sciences,Life Sciences,"['Agronomy', 'Cover crop', 'Crotalaria juncea', 'Sorghum', 'Fertilizer']","['Agronomy', 'Cover crop', 'Crotalaria juncea', 'Sorghum', 'Fertilizer', 'Tillage', 'Environmental science', 'Cajanus', 'Cropping system', 'Context (archaeology)', 'Stover', 'Crop', 'Biology', 'Green manure']",[],32,93.0,100.0,0.87621791,34,3.0,9.0,4.0,5.0,9.0,2.0,,,,13299
https://openalex.org/W4280626289,Sustained improvement in tolerance to water deficit accompanies maize yield increase in temperate environments,2022-05-19,2022,article,Target_author,Messina,53,97,first,True,6,Crop Science,Wiley,False,closed,Crop Yield and Soil Fertility,Agronomy and Crop Science,Agricultural and Biological Sciences,Life Sciences,"['Hybrid', 'Temperate climate', 'Biology', 'Agronomy', 'Yield (engineering)']","['Hybrid', 'Temperate climate', 'Biology', 'Agronomy', 'Yield (engineering)', 'Evapotranspiration', 'Crop', 'Drought tolerance', 'Plant breeding', 'Crop yield', 'Zea mays', 'Botany', 'Ecology']",['Clean water and sanitation'],32,98.0,99.0,0.9745742,48,,,2.0,5.0,7.0,11.0,7.0,,,3276
https://openalex.org/W4283263120,Attributing differences of solar-induced chlorophyll fluorescence (SIF)-gross primary production (GPP) relationships between two C4 crops: corn and miscanthus,2022-06-21,2022,article,Target_author,Kaiyu,69,156,middle,True,12,Agricultural and Forest Meteorology,Elsevier BV,True,green,Plant Water Relations and Carbon Dynamics,Global and Planetary Change,Environmental Science,Physical Sciences,"['Miscanthus', 'Primary production', 'Canopy', 'Chlorophyll fluorescence', 'Environmental science']","['Miscanthus', 'Primary production', 'Canopy', 'Chlorophyll fluorescence', 'Environmental science', 'Agronomy', 'Perennial plant', 'Biomass (ecology)', 'Photosynthesis', 'Botany', 'Bioenergy', 'Biology', 'Ecosystem', 'Ecology', 'Biofuel']",[],31,90.0,99.0,0.92681274,102,,,2.0,8.0,13.0,7.0,1.0,,,10358
https://openalex.org/W3136200416,Intercontinental prediction of soybean phenology via hybrid ensemble of knowledge-based and data-driven models,2021-01-01,2021,article,Target_author,Messina,53,97,last,True,7,in silico Plants,Oxford University Press,True,gold,Greenhouse Technology and Climate Control,Plant Science,Agricultural and Biological Sciences,Life Sciences,"['Leverage (statistics)', 'Computer science', 'Machine learning', 'Benchmark (surveying)', 'Cropping']","['Leverage (statistics)', 'Computer science', 'Machine learning', 'Benchmark (surveying)', 'Cropping', 'Phenology', 'Predictive modelling', 'Data-driven', 'Artificial intelligence', 'Data mining', 'Agriculture', 'Ecology', 'Biology']",['Climate action'],31,93.0,99.0,0.92803569,84,,1.0,12.0,3.0,8.0,5.0,2.0,,,3276
https://openalex.org/W4291824806,Redefining crop breeding strategy for effective use of nitrogen in cropping systems,2022-08-16,2022,article,Target_author,Ciampitti,58,219,first,True,4,Communications Biology,Nature Portfolio,True,gold,Plant nutrient uptake and metabolism,Plant Science,Agricultural and Biological Sciences,Life Sciences,"['Bridging (networking)', 'Conceptualization', 'Cropping', 'Stewardship (theology)', 'Agricultural engineering']","['Bridging (networking)', 'Conceptualization', 'Cropping', 'Stewardship (theology)', 'Agricultural engineering', 'Environmental science', 'Agroecosystem', 'Agroforestry', 'Crop yield', 'Crop', 'Crop management', 'Conceptual framework', 'Agronomy', 'Agriculture', 'Computer science', 'Engineering', 'Ecology', 'Biology', 'Political science', 'Sociology']",['Zero hunger'],31,94.0,100.0,0.96269355,28,,,1.0,8.0,15.0,5.0,2.0,,,7582
https://openalex.org/W4285742224,"Climate Change and Management Impacts on Soybean N Fixation, Soil N Mineralization, N2O Emissions, and Seed Yield",2022-04-27,2022,article,Target_author,Archontoulis,53,121,last,True,11,Frontiers in Plant Science,Frontiers Media,True,gold,Soybean genetics and cultivation,Plant Science,Agricultural and Biological Sciences,Life Sciences,"['Environmental science', 'Climate change', 'Cropping', 'Crop yield', 'Agriculture']","['Environmental science', 'Climate change', 'Cropping', 'Crop yield', 'Agriculture', 'Agronomy', 'Mineralization (soil science)', 'Yield gap', 'Agricultural engineering', 'Soil water', 'Agroforestry', 'Ecology', 'Soil science', 'Biology', 'Engineering']",['Climate action'],31,98.0,99.0,0.96047539,94,,,2.0,11.0,10.0,8.0,,,,5318
https://openalex.org/W3067342842,Narrowing Diurnal Temperature Amplitude Alters Carbon Tradeoff and Reduces Growth in C4 Crop Sorghum,2020-08-19,2020,article,Target_author,Vara Prasad,93,359,middle,True,4,Frontiers in Plant Science,Frontiers Media,True,gold,Plant responses to elevated CO2,Plant Science,Agricultural and Biological Sciences,Life Sciences,"['Daytime', 'Sorghum', 'Diurnal temperature variation', 'Photosynthesis', 'Respiration']","['Daytime', 'Sorghum', 'Diurnal temperature variation', 'Photosynthesis', 'Respiration', 'Amplitude', 'Atmospheric sciences', 'Environmental science', 'Agronomy', 'Biomass (ecology)', 'Botany', 'Biology', 'Physics']",[],31,94.0,100.0,0.92069532,69,4.0,7.0,5.0,6.0,7.0,2.0,,,,13299
https://openalex.org/W4323687879,Evaluating and improving APSIM's capacity in simulating long-term corn yield response to nitrogen in continuous- and rotated-corn systems,2023-03-09,2023,article,Target_author,Archontoulis,53,121,last,True,7,Agricultural Systems,Elsevier BV,False,closed,Soil Carbon and Nitrogen Dynamics,Soil Science,Agricultural and Biological Sciences,Life Sciences,"['Yield (engineering)', 'Crop yield', 'Crop rotation', 'Mathematics', 'Fertilizer']","['Yield (engineering)', 'Crop yield', 'Crop rotation', 'Mathematics', 'Fertilizer', 'Zea mays', 'Agronomy', 'Crop', 'Environmental science', 'Agricultural engineering', 'Physics', 'Biology']",['Zero hunger'],30,98.0,99.0,0.95902211,113,,,,2.0,11.0,12.0,5.0,,,5318
https://openalex.org/W4402508824,Subfield-level crop yield mapping without ground truth data: A scale transfer framework,2024-09-13,2024,article,Target_author,Lobell,112,269,last,True,5,Remote Sensing of Environment,Elsevier BV,False,closed,Smart Agriculture and AI,Plant Science,Agricultural and Biological Sciences,Life Sciences,"['Ground truth', 'Remote sensing', 'Scale (ratio)', 'Yield (engineering)', 'Crop']","['Ground truth', 'Remote sensing', 'Scale (ratio)', 'Yield (engineering)', 'Crop', 'Environmental science', 'Computer science', 'Crop yield', 'Geology', 'Artificial intelligence', 'Cartography', 'Geography', 'Agronomy', 'Physics']",['Zero hunger'],30,90.0,100.0,0.99346744,62,,,,,8.0,21.0,1.0,,,8518
https://openalex.org/W3129008670,Continuous in situ soil nitrate sensors: The importance of high‐resolution measurements across time and a comparison with salt extraction‐based methods,2021-01-29,2021,article,Target_author,Castellano,48,95,last,True,8,Soil Science Society of America Journal,Wiley,True,hybrid,Soil Moisture and Remote Sensing,Environmental Engineering,Environmental Science,Physical Sciences,"['Soil science', 'Environmental science', 'Sampling (signal processing)', 'Soil water', 'Temporal resolution']","['Soil science', 'Environmental science', 'Sampling (signal processing)', 'Soil water', 'Temporal resolution', 'Extraction (chemistry)', 'Soil test', 'In situ', 'Nitrate', 'Hydrology (agriculture)', 'Environmental chemistry', 'Chemistry', 'Geology', 'Geotechnical engineering']",[],30,94.0,99.0,0.84633629,32,,2.0,6.0,11.0,6.0,3.0,2.0,,,3569
https://openalex.org/W4210820703,"Responses of Soybean Genotypes to Different Nitrogen and Phosphorus Sources: Impacts on Yield Components, Seed Yield, and Seed Protein",2022-01-24,2022,article,Target_author,Vara Prasad,93,359,last,True,7,Plants,Multidisciplinary Digital Publishing Institute,True,gold,Legume Nitrogen Fixing Symbiosis,Plant Science,Agricultural and Biological Sciences,Life Sciences,"['Biology', 'Yield (engineering)', 'Phosphorus', 'Urea', 'Agronomy']","['Biology', 'Yield (engineering)', 'Phosphorus', 'Urea', 'Agronomy', 'Crop', 'Nitrogen', 'Fertilizer', 'Glycine', 'Shoot', 'Horticulture', 'Chemistry', 'Amino acid']",['Zero hunger'],30,97.0,100.0,0.9551028,29,,,3.0,9.0,7.0,6.0,5.0,,,13299
https://openalex.org/W4322761938,Comparison of statistical methods to fit critical nitrogen dilution curves,2023-03-02,2023,article,Target_author,Ciampitti,58,219,last,True,7,European Journal of Agronomy,Elsevier BV,False,closed,Soil Geostatistics and Mapping,Environmental Engineering,Environmental Science,Physical Sciences,"['Range (aeronautics)', 'Moment (physics)', 'Statistics', 'Mathematics', 'Bayesian probability']","['Range (aeronautics)', 'Moment (physics)', 'Statistics', 'Mathematics', 'Bayesian probability', 'Function (biology)', 'Computer science']",['Zero hunger'],29,90.0,100.0,0.93077131,29,,,,4.0,17.0,7.0,1.0,,,7582
https://openalex.org/W2909159587,A spatial framework for ex-ante impact assessment of agricultural technologies,2019-01-18,2019,article,Target_author,Grassini,56,106,last,True,13,Global Food Security,Elsevier BV,True,hybrid,Agricultural Innovations and Practices,General Agricultural and Biological Sciences,Agricultural and Biological Sciences,Life Sciences,"['Context (archaeology)', 'Agriculture', 'Population', 'Impact assessment', 'Ex-ante']","['Context (archaeology)', 'Agriculture', 'Population', 'Impact assessment', 'Ex-ante', 'Productivity', 'Environmental resource management', 'Geography', 'Agricultural productivity', 'Agricultural machinery', 'Agricultural economics', 'Business', 'Environmental planning', 'Regional science', 'Natural resource economics', 'Economic growth', 'Economics', 'Political science']",['No poverty'],29,94.0,98.0,0.97650447,61,3.0,5.0,6.0,2.0,7.0,6.0,,,,3977
https://openalex.org/W3190856156,"Peanut yield, nutrient uptake and nutrient requirements in different regions of China",2021-07-19,2021,article,Target_author,Ciampitti,58,219,middle,True,8,Journal of Integrative Agriculture,Elsevier BV,True,gold,Peanut Plant Research Studies,Plant Science,Agricultural and Biological Sciences,Life Sciences,"['Nutrient', 'Yield (engineering)', 'Arachis hypogaea', 'Phosphorus', 'Point of delivery']","['Nutrient', 'Yield (engineering)', 'Arachis hypogaea', 'Phosphorus', 'Point of delivery', 'Nitrogen', 'Crop', 'Potassium', 'Field experiment', 'Agronomy', 'Crop yield', 'Animal science', 'Stoichiometry', 'Chemistry', 'Biology']",['Zero hunger'],29,89.0,99.0,0.92962195,31,,,11.0,8.0,5.0,4.0,1.0,,,7582
https://openalex.org/W2888410500,Simulating rice and maize yield potential in the humid tropical environment of Indonesia,2018-08-24,2018,article,Target_author,Grassini,56,106,last,True,9,European Journal of Agronomy,Elsevier BV,False,closed,Climate change impacts on agriculture,"Ecology, Evolution, Behavior and Systematics",Agricultural and Biological Sciences,Life Sciences,"['Agronomy', 'Cultivar', 'Yield (engineering)', 'Crop', 'Temperate climate']","['Agronomy', 'Cultivar', 'Yield (engineering)', 'Crop', 'Temperate climate', 'Environmental science', 'Biomass (ecology)', 'Fertilizer', 'Tropics', 'Phenology', 'Hybrid', 'Oryza sativa', 'Mathematics', 'Biology', 'Botany', 'Ecology']",['Zero hunger'],29,89.0,99.0,0.94883277,65,2.0,4.0,4.0,10.0,1.0,3.0,,1.0,4.0,3977
https://openalex.org/W3208687281,Impacts of the COVID‐19 pandemic on vegetable production systems and livelihoods: Smallholder farmer experiences in Burkina Faso,2021-10-31,2021,article,Target_author,Vara Prasad,93,359,last,True,7,Food and Energy Security,Wiley,True,gold,COVID-19 Pandemic Impacts,Economics and Econometrics,"Economics, Econometrics and Finance",Social Sciences,"['Livelihood', 'Market access', 'Food security', 'Business', 'Productivity']","['Livelihood', 'Market access', 'Food security', 'Business', 'Productivity', 'Agroecology', 'Poverty', 'Agricultural economics', 'Agriculture', 'Production (economics)', 'Household income', 'Agricultural productivity', 'Socioeconomic status', 'Unemployment', 'Socioeconomics', 'Economic growth', 'Economics', 'Geography', 'Environmental health', 'Population']",['No poverty'],28,89.0,99.0,0.96815058,19,,,4.0,7.0,12.0,4.0,1.0,,,13299
https://openalex.org/W3188808628,Assessing Different Plant‐Centric Water Stress Metrics for Irrigation Efficacy Using Soil‐Plant‐Atmosphere‐Continuum Simulation,2021-08-08,2021,article,Target_author,Kaiyu,69,156,middle,True,12,Water Resources Research,Wiley,False,closed,Plant Water Relations and Carbon Dynamics,Global and Planetary Change,Environmental Science,Physical Sciences,"['Environmental science', 'Irrigation', 'Irrigation scheduling', 'Water content', 'Agricultural engineering']","['Environmental science', 'Irrigation', 'Irrigation scheduling', 'Water content', 'Agricultural engineering', 'Deficit irrigation', 'Water scarcity', 'Water resources', 'Environmental engineering', 'Water resource management', 'Soil water', 'Irrigation management', 'Engineering', 'Soil science', 'Agronomy', 'Ecology']",['Clean water and sanitation'],27,97.0,99.0,0.89424332,89,,,4.0,12.0,7.0,4.0,,,,10358
https://openalex.org/W4223585898,Maize Leaf Appearance Rates: A Synthesis From the United States Corn Belt,2022-04-05,2022,article,Target_author,Archontoulis,53,121,last,True,8,Frontiers in Plant Science,Frontiers Media,True,gold,Greenhouse Technology and Climate Control,Plant Science,Agricultural and Biological Sciences,Life Sciences,"['Phenology', 'Growing degree-day', 'photoperiodism', 'Hybrid', 'Biology']","['Phenology', 'Growing degree-day', 'photoperiodism', 'Hybrid', 'Biology', 'Horticulture', 'Crop', 'Growing season', 'Botany', 'Agronomy']",[],27,94.0,99.0,0.95291107,34,,,1.0,4.0,8.0,12.0,2.0,,,5318
https://openalex.org/W2986993157,Co-limitation and stoichiometry capture the interacting effects of nitrogen and sulfur on maize yield and nutrient use efficiency,2019-11-15,2019,article,Target_author,Ciampitti,58,219,last,True,4,European Journal of Agronomy,Elsevier BV,True,green,Crop Yield and Soil Fertility,Agronomy and Crop Science,Agricultural and Biological Sciences,Life Sciences,"['Nutrient', 'Nitrogen', 'Yield (engineering)', 'Stoichiometry', 'Sulfur']","['Nutrient', 'Nitrogen', 'Yield (engineering)', 'Stoichiometry', 'Sulfur', 'Agronomy', 'Biomass (ecology)', 'Shoot', 'Chemistry', 'Biology', 'Materials science']",[],27,95.0,99.0,0.92800756,79,2.0,6.0,4.0,6.0,4.0,3.0,,,2.0,7582
https://openalex.org/W3000426793,Dynamics of oil and fatty acid accumulation during seed development in historical soybean varieties,2020-01-10,2020,article,Target_author,Ciampitti,58,219,last,True,6,Field Crops Research,Elsevier BV,True,green,Soybean genetics and cultivation,Plant Science,Agricultural and Biological Sciences,Life Sciences,"['Soybean oil', 'Fatty acid', 'Human fertilization', 'Yield (engineering)', 'Biology']","['Soybean oil', 'Fatty acid', 'Human fertilization', 'Yield (engineering)', 'Biology', 'Composition (language)', 'Animal science', 'Agronomy', 'Horticulture', 'Food science', 'Biochemistry']","['Industry, innovation and infrastructure']",27,94.0,99.0,0.935937,54,1.0,5.0,2.0,4.0,7.0,5.0,3.0,,,7582
https://openalex.org/W4281749240,Difference in seasonal peak timing of soybean far-red SIF and GPP explained by canopy structure and chlorophyll content,2022-06-06,2022,article,Target_author,Kaiyu,69,156,last,True,13,Remote Sensing of Environment,Elsevier BV,False,closed,Remote Sensing in Agriculture,Ecology,Environmental Science,Physical Sciences,"['Canopy', 'Environmental science', 'Seasonality', 'Primary production', 'Atmospheric sciences']","['Canopy', 'Environmental science', 'Seasonality', 'Primary production', 'Atmospheric sciences', 'Leaf area index', 'Eddy covariance', 'Chlorophyll fluorescence', 'Photosynthetically active radiation', 'Photosynthesis', 'Ecosystem', 'Agronomy', 'Botany', 'Ecology', 'Physics', 'Biology']",[],26,96.0,99.0,0.94266814,141,,,1.0,8.0,10.0,4.0,3.0,,,10358
https://openalex.org/W3096157001,High-resolution spatially explicit land surface model calibration using field-scale satellite-based daily evapotranspiration product,2020-11-05,2020,article,Target_author,Kaiyu,69,156,middle,True,6,Journal of Hydrology,Elsevier BV,True,bronze,Plant Water Relations and Carbon Dynamics,Global and Planetary Change,Environmental Science,Physical Sciences,"['Environmental science', 'Evapotranspiration', 'Calibration', 'Eddy covariance', 'Satellite']","['Environmental science', 'Evapotranspiration', 'Calibration', 'Eddy covariance', 'Satellite', 'Simulation modeling', 'Flux (metallurgy)', 'Hydrology (agriculture)', 'Remote sensing', 'Meteorology', 'Mathematics', 'Geography', 'Geology']",['Clean water and sanitation'],26,95.0,99.0,0.81780928,72,1.0,2.0,10.0,4.0,5.0,4.0,,,,10358
https://openalex.org/W2979815874,From sunlight to seed: Assessing limits to solar radiation capture and conversion in agro-ecosystems,2019-10-09,2019,article,Target_author,Rattalino,28,38,first,True,8,Agricultural and Forest Meteorology,Elsevier BV,False,closed,Soybean genetics and cultivation,Plant Science,Agricultural and Biological Sciences,Life Sciences,"['Photosynthetically active radiation', 'Environmental science', 'Biomass (ecology)', 'Phenology', 'Crop']","['Photosynthetically active radiation', 'Environmental science', 'Biomass (ecology)', 'Phenology', 'Crop', 'Growing season', 'Atmospheric sciences', 'Agronomy', 'Yield (engineering)', 'Crop yield', 'Mathematics', 'Biology', 'Botany', 'Physics', 'Photosynthesis']",[],26,90.0,99.0,0.95364993,92,2.0,1.0,2.0,12.0,3.0,5.0,,,1.0,1451
https://openalex.org/W4403555813,Historical increases of maize leaf area index in the US Corn Belt due primarily to plant density increases,2024-10-19,2024,article,Target_author,Archontoulis,53,121,last,True,4,Field Crops Research,Elsevier BV,False,closed,Crop Yield and Soil Fertility,Agronomy and Crop Science,Agricultural and Biological Sciences,Life Sciences,"['Agronomy', 'Plant density', 'Leaf area index', 'Index (typography)', 'Zea mays']","['Agronomy', 'Plant density', 'Leaf area index', 'Index (typography)', 'Zea mays', 'Biology', 'Environmental science', 'Sowing']",['Zero hunger'],25,90.0,100.0,0.99383477,64,,,,,5.0,19.0,1.0,,,5318
https://openalex.org/W3086010510,Integrating nitrogen and water‐soluble carbohydrates dynamics in maize: A comparison of hybrids from different decades,2020-09-24,2020,article,Target_author,Ciampitti,58,219,last,True,4,Crop Science,Wiley,True,hybrid,Crop Yield and Soil Fertility,Agronomy and Crop Science,Agricultural and Biological Sciences,Life Sciences,"['Biology', 'Hybrid', 'Germplasm', 'Agronomy', 'Grain yield']","['Biology', 'Hybrid', 'Germplasm', 'Agronomy', 'Grain yield', 'Genetic gain', 'Poaceae', 'Zea mays', 'Yield (engineering)', 'Genetic variation']",['Clean water and sanitation'],25,94.0,99.0,0.9178431,76,1.0,5.0,6.0,2.0,7.0,4.0,,,,7582
https://openalex.org/W4390644440,Revisiting the relationship between nitrogen nutrition index and yield across major species,2024-01-06,2024,article,Target_author,Ciampitti,58,219,last,True,14,European Journal of Agronomy,Elsevier BV,True,green,Plant nutrient uptake and metabolism,Plant Science,Agricultural and Biological Sciences,Life Sciences,"['Yield (engineering)', 'Agronomy', 'Anthesis', 'Crop', 'Mathematics']","['Yield (engineering)', 'Agronomy', 'Anthesis', 'Crop', 'Mathematics', 'Biomass (ecology)', 'Crop yield', 'Biology', 'Cultivar']",['Zero hunger'],25,98.0,100.0,0.99092293,68,,,,,5.0,13.0,7.0,,,7582
https://openalex.org/W4320168358,Phosphorus critical levels in soil and grapevine leaves for South Brazil vineyards: A Bayesian approach,2023-02-01,2023,article,Target_author,Ciampitti,58,219,middle,True,12,European Journal of Agronomy,Elsevier BV,False,closed,Banana Cultivation and Research,Plant Science,Agricultural and Biological Sciences,Life Sciences,"['Veraison', 'Human fertilization', 'Phosphorus', 'Vitis vinifera', 'Soil water']","['Veraison', 'Human fertilization', 'Phosphorus', 'Vitis vinifera', 'Soil water', 'Viticulture', 'Cultivar', 'Fertilizer', 'Agronomy', 'Horticulture', 'Biology', 'Chemistry', 'Wine', 'Ecology']",['Life in Land'],25,97.0,100.0,0.97714913,37,,,,3.0,12.0,6.0,4.0,,,7582
https://openalex.org/W4391846377,"Genetic gains in short‐season corn hybrids: Grain yield, yield components, and grain quality traits",2024-02-14,2024,article,Target_author,Archontoulis,53,121,last,True,8,Crop Science,Wiley,True,hybrid,Crop Yield and Soil Fertility,Agronomy and Crop Science,Agricultural and Biological Sciences,Life Sciences,"['Hybrid', 'Germplasm', 'Biology', 'Agronomy', 'Starch']","['Hybrid', 'Germplasm', 'Biology', 'Agronomy', 'Starch', 'Crop', 'Yield (engineering)', 'Grain quality', 'Test weight', 'Growing season', 'Plant breeding', 'Grain yield', 'Food science', 'Materials science']",['Zero hunger'],25,98.0,100.0,0.99326229,57,,,,,5.0,13.0,7.0,,,5318
https://openalex.org/W4319170516,"Towards operational atmospheric correction of airborne hyperspectral imaging spectroscopy: Algorithm evaluation, key parameter analysis, and machine learning emulators",2023-01-17,2023,article,Target_author,Kaiyu,69,156,last,True,8,ISPRS Journal of Photogrammetry and Remote Sensing,Elsevier BV,True,green,Remote Sensing in Agriculture,Ecology,Environmental Science,Physical Sciences,"['Hyperspectral imaging', 'Remote sensing', 'Imaging spectroscopy', 'Key (lock)', 'Algorithm']","['Hyperspectral imaging', 'Remote sensing', 'Imaging spectroscopy', 'Key (lock)', 'Algorithm', 'Atmospheric correction', 'Computer science', 'Environmental science', 'Imaging spectrometer', 'Artificial intelligence', 'Spectrometer', 'Optics', 'Physics', 'Geology', 'Reflectivity']",['Climate action'],25,97.0,100.0,0.96634013,56,,,,,13.0,8.0,4.0,,,10358
https://openalex.org/W3210308692,Cold Tolerance during the Reproductive Phase in Chickpea (Cicer arietinum L.) Is Associated with Superior Cold Acclimation Ability Involving Antioxidants and Cryoprotective Solutes in Anthers and Ovules,2021-10-26,2021,article,Target_author,Vara Prasad,93,359,middle,True,7,Antioxidants,Multidisciplinary Digital Publishing Institute,True,gold,Genetic and Environmental Crop Studies,Plant Science,Agricultural and Biological Sciences,Life Sciences,"['Cold sensitivity', 'Biology', 'Chlorophyll fluorescence', 'Acclimatization', 'Glutathione reductase']","['Cold sensitivity', 'Biology', 'Chlorophyll fluorescence', 'Acclimatization', 'Glutathione reductase', 'Catalase', 'Horticulture', 'Photosynthesis', 'Botany', 'Superoxide dismutase', 'Ovule', 'Glutathione', 'Chlorophyll', 'Antioxidant', 'Glutathione peroxidase', 'Biochemistry', 'Enzyme', 'Pollen']",[],25,94.0,99.0,0.8985426,84,,2.0,11.0,4.0,6.0,2.0,,,,13299
https://openalex.org/W2979735399,Capturing Maize Stand Heterogeneity Across Yield-Stability Zones Using Unmanned Aerial Vehicles (UAV),2019-10-14,2019,article,Target_author,Basso,70,193,last,True,6,Sensors,Multidisciplinary Digital Publishing Institute,True,gold,Remote Sensing in Agriculture,Ecology,Environmental Science,Physical Sciences,"['Stability (learning theory)', 'Yield (engineering)', 'Environmental science', 'Remote sensing', 'Computer science']","['Stability (learning theory)', 'Yield (engineering)', 'Environmental science', 'Remote sensing', 'Computer science', 'Geography', 'Materials science']",[],24,90.0,99.0,0.87760924,37,3.0,4.0,3.0,7.0,3.0,3.0,,,,5518
https://openalex.org/W4392237661,Do newer maize hybrids grow roots faster and deeper?,2024-02-28,2024,article,Target_author,Archontoulis,53,121,last,True,10,Crop Science,Wiley,True,hybrid,Crop Yield and Soil Fertility,Agronomy and Crop Science,Agricultural and Biological Sciences,Life Sciences,"['Biology', 'Hybrid', 'Crop', 'Trait', 'Root (linguistics)']","['Biology', 'Hybrid', 'Crop', 'Trait', 'Root (linguistics)', 'Agronomy', 'Zea mays', 'Horticulture']",['Responsible consumption and production'],24,98.0,100.0,0.99264609,77,,,,,5.0,14.0,5.0,,,5318
https://openalex.org/W2892275765,Nitrogen Management Strategies to Improve Yield and Dough Properties in Hard Red Spring Wheat,2018-09-06,2018,article,Target_author,Ciampitti,58,219,last,True,12,Agronomy Journal,Wiley,False,closed,Crop Yield and Soil Fertility,Agronomy and Crop Science,Agricultural and Biological Sciences,Life Sciences,"['Cultivar', 'Yield (engineering)', 'Agronomy', 'Fertilizer', 'Growing season']","['Cultivar', 'Yield (engineering)', 'Agronomy', 'Fertilizer', 'Growing season', 'Mathematics', 'Heading (navigation)', 'Nitrogen', 'Biology', 'Geography', 'Chemistry']",[],24,91.0,99.0,0.91916267,66,2.0,3.0,8.0,4.0,2.0,4.0,,,1.0,7582
https://openalex.org/W3164389412,Precision conservation for a changing climate,2021-05-20,2021,article,Target_author,Basso,70,193,first,True,1,Nature Food,Nature Portfolio,True,green,Land Use and Ecosystem Services,Global and Planetary Change,Environmental Science,Physical Sciences,"['Resilience (materials science)', 'Biodiversity', 'Sustainability', 'Environmental resource management', 'Biodiversity conservation']","['Resilience (materials science)', 'Biodiversity', 'Sustainability', 'Environmental resource management', 'Biodiversity conservation', 'Climate resilience', 'Agricultural biodiversity', 'Climate change', 'Diversity (politics)', 'Agriculture', 'Psychological resilience', 'Geography', 'Agroforestry', 'Environmental planning', 'Environmental science', 'Ecology', 'Political science', 'Biology']",['Zero hunger'],24,95.0,99.0,0.88030538,13,,,3.0,5.0,9.0,4.0,3.0,,,5518
https://openalex.org/W4214860464,"Environment Characterization in Sorghum (Sorghum bicolor L.) by Modeling Water-Deficit and Heat Patterns in the Great Plains Region, United States",2022-03-03,2022,article,Target_author,Ciampitti,58,219,last,True,7,Frontiers in Plant Science,Frontiers Media,True,gold,Climate change impacts on agriculture,"Ecology, Evolution, Behavior and Systematics",Agricultural and Biological Sciences,Life Sciences,"['Sorghum', 'Sorghum bicolor', 'Agronomy', 'Yield (engineering)', 'Hybrid']","['Sorghum', 'Sorghum bicolor', 'Agronomy', 'Yield (engineering)', 'Hybrid', 'Heat stress', 'Population', 'Agriculture', 'Environmental science', 'Geography', 'Biology', 'Ecology', 'Animal science', 'Demography', 'Materials science']",[],24,97.0,99.0,0.97814459,86,,,,8.0,5.0,7.0,4.0,,,7582
https://openalex.org/W4385323646,"Too little, too imbalanced: Nutrient supply in smallholder oil palm fields in Indonesia",2023-07-27,2023,article,Target_author,Grassini,56,106,last,True,20,Agricultural Systems,Elsevier BV,True,hybrid,Oil Palm Production and Sustainability,Ecology,Environmental Science,Physical Sciences,"['Fertilizer', 'Nutrient management', 'Nutrient', 'Agriculture', 'Yield (engineering)']","['Fertilizer', 'Nutrient management', 'Nutrient', 'Agriculture', 'Yield (engineering)', 'Environmental science', 'Agronomy', 'Subsidy', 'Profit (economics)', 'Phosphorus', 'Potash', 'Palm oil', 'Agricultural economics', 'Agroforestry', 'Business', 'Economics', 'Biology', 'Ecology', 'Chemistry']",['Zero hunger'],24,98.0,100.0,0.96452431,42,,,,3.0,7.0,7.0,7.0,,,3977
https://openalex.org/W4399526676,Unlocking the nutritional potential of chickpea: strategies for biofortification and enhanced multinutrient quality,2024-06-07,2024,article,Target_author,Vara Prasad,93,359,middle,True,6,Frontiers in Plant Science,Frontiers Media,True,gold,Genetic and Environmental Crop Studies,Plant Science,Agricultural and Biological Sciences,Life Sciences,"['Biofortification', 'Biotechnology', 'Micronutrient', 'Biology', 'Malnutrition']","['Biofortification', 'Biotechnology', 'Micronutrient', 'Biology', 'Malnutrition', 'Nutrient', 'Essential nutrient', 'Food security', 'Population', 'Agriculture', 'Environmental health', 'Medicine', 'Ecology']",['Zero hunger'],24,98.0,100.0,0.98962546,155,,,,,3.0,15.0,6.0,,,13299
https://openalex.org/W4200068578,Breeding effects on canopy light attenuation in maize: a retrospective and prospective analysis,2021-11-15,2021,article,Target_author,Ciampitti,58,219,middle,True,6,Journal of Experimental Botany,Oxford University Press,False,closed,Crop Yield and Soil Fertility,Agronomy and Crop Science,Agricultural and Biological Sciences,Life Sciences,"['Photosynthetically active radiation', 'Canopy', 'Leaf area index', 'Environmental science', 'Row crop']","['Photosynthetically active radiation', 'Canopy', 'Leaf area index', 'Environmental science', 'Row crop', 'Agronomy', 'Attenuation', 'Habit', 'Atmospheric sciences', 'Yield (engineering)', 'Crop', 'Photosynthesis', 'Biology', 'Botany', 'Agriculture', 'Physics', 'Ecology', 'Optics']",[],24,89.0,100.0,0.94574918,77,,2.0,4.0,9.0,8.0,1.0,,,,7582
https://openalex.org/W4410086064,"A half-century of climate change in major agricultural regions: Trends, impacts, and surprises",2025-05-05,2025,article,Target_author,Lobell,112,269,first,True,2,Proceedings of the National Academy of Sciences,National Academy of Sciences,True,hybrid,Climate change impacts on agriculture,"Ecology, Evolution, Behavior and Systematics",Agricultural and Biological Sciences,Life Sciences,"['Temperate climate', 'Environmental science', 'Climate change', 'Climate model', 'Precipitation']","['Temperate climate', 'Environmental science', 'Climate change', 'Climate model', 'Precipitation', 'Climatology', 'Agriculture', 'Vapour Pressure Deficit', 'Cropping', 'Crop', 'Global warming', 'Tropics', 'Productivity', 'Atmospheric sciences', 'Geography', 'Ecology', 'Meteorology', 'Transpiration', 'Forestry', 'Economics']",['Climate action'],24,99.0,100.0,0.99966503,50,,,,,,8.0,16.0,,,8518
https://openalex.org/W2965385542,Setting research priorities for tackling climate change,2019-08-01,2019,review,Target_author,Vara Prasad,93,359,middle,True,3,Journal of Experimental Botany,Oxford University Press,True,bronze,Climate change impacts on agriculture,"Ecology, Evolution, Behavior and Systematics",Agricultural and Biological Sciences,Life Sciences,"['Participatory action research', 'Multidisciplinary approach', 'Citizen journalism', 'Environmental planning', 'Climate change']","['Participatory action research', 'Multidisciplinary approach', 'Citizen journalism', 'Environmental planning', 'Climate change', 'Agriculture', 'Environmental resource management', 'Sustainable development', 'Variety (cybernetics)', 'Political science', 'Engineering ethics', 'Sociology', 'Economic growth', 'Computer science', 'Engineering', 'Geography', 'Social science', 'Environmental science', 'Ecology', 'Economics']",['Zero hunger'],23,89.0,99.0,0.94856359,24,4.0,2.0,,6.0,6.0,1.0,2.0,,2.0,13299
https://openalex.org/W3000241196,Allometric analysis reveals enhanced reproductive allocation in historical set of soybean varieties,2020-01-10,2020,article,Target_author,Ciampitti,58,219,last,True,4,Field Crops Research,Elsevier BV,False,closed,Soybean genetics and cultivation,Plant Science,Agricultural and Biological Sciences,Life Sciences,"['Allometry', 'Shoot', 'Biology', 'Biomass (ecology)', 'Point of delivery']","['Allometry', 'Shoot', 'Biology', 'Biomass (ecology)', 'Point of delivery', 'Trait', 'Yield (engineering)', 'Agronomy', 'Botany', 'Ecology']",[],23,89.0,99.0,0.91156039,57,1.0,1.0,7.0,1.0,6.0,6.0,1.0,,,7582
https://openalex.org/W4399805985,Selenium and its nanoparticles modulate the metabolism of reactive oxygen species and morpho-physiology of wheat (Triticum aestivum L.) to combat oxidative stress under water deficit conditions,2024-06-19,2024,article,Target_author,Vara Prasad,93,359,last,True,6,BMC Plant Biology,BioMed Central,True,gold,Selenium in Biological Systems,Nutrition and Dietetics,Nursing,Health Sciences,"['APX', 'Biology', 'Sodium selenate', 'Proline', 'Reactive oxygen species']","['APX', 'Biology', 'Sodium selenate', 'Proline', 'Reactive oxygen species', 'Antioxidant', 'Chlorophyll', 'Glutathione reductase', 'Malondialdehyde', 'Oxidative stress', 'Selenium', 'Horticulture', 'Drought tolerance', 'Agronomy', 'Botany', 'Catalase', 'Glutathione peroxidase', 'Chemistry', 'Biochemistry']",['Clean water and sanitation'],23,99.0,100.0,0.98073252,60,,,,,3.0,20.0,,,,13299
https://openalex.org/W3166108953,Effect of tillers on corn yield: Exploring trait plasticity potential in unpredictable environments,2021-06-04,2021,article,Target_author,Ciampitti,58,219,last,True,8,Crop Science,Wiley,True,hybrid,Crop Yield and Soil Fertility,Agronomy and Crop Science,Agricultural and Biological Sciences,Life Sciences,"['Tiller (botany)', 'Biology', 'Agronomy', 'Yield (engineering)', 'Hybrid']","['Tiller (botany)', 'Biology', 'Agronomy', 'Yield (engineering)', 'Hybrid', 'Limiting', 'Materials science']",['Life in Land'],23,89.0,99.0,0.948837,62,,1.0,3.0,5.0,8.0,5.0,1.0,,,7582
https://openalex.org/W4283756290,Modeling drought stress impacts under current and future climate for peanut in the semiarid pampas region of Argentina,2022-07-01,2022,article,Target_author,Ciampitti,58,219,last,True,6,Field Crops Research,Elsevier BV,False,closed,Peanut Plant Research Studies,Plant Science,Agricultural and Biological Sciences,Life Sciences,"['Arachis hypogaea', 'Sowing', 'Agronomy', 'Climate change', 'Drought stress']","['Arachis hypogaea', 'Sowing', 'Agronomy', 'Climate change', 'Drought stress', 'Crop', 'Yield (engineering)', 'Environmental science', 'Growing season', 'Biology', 'Agroforestry', 'Geography', 'Ecology']",['Climate action'],22,89.0,99.0,0.9452362,96,,,1.0,6.0,8.0,6.0,1.0,,,7582
https://openalex.org/W4386706908,Maize kernel weight genetic gain is achieved through different mechanisms depending on the hybrid maturity,2023-09-13,2023,article,Target_author,Archontoulis,53,121,last,True,8,Field Crops Research,Elsevier BV,False,closed,Crop Yield and Soil Fertility,Agronomy and Crop Science,Agricultural and Biological Sciences,Life Sciences,"['Hybrid', 'Maturity (psychological)', 'Biology', 'Kernel (algebra)', 'Weight gain']","['Hybrid', 'Maturity (psychological)', 'Biology', 'Kernel (algebra)', 'Weight gain', 'Yield (engineering)', 'Grain yield', 'Animal science', 'Growth rate', 'Agronomy', 'Horticulture', 'Mathematics', 'Body weight']",[],22,94.0,99.0,0.97888957,65,,,,2.0,9.0,9.0,2.0,,,5318
https://openalex.org/W3199485360,Do Water and Nitrogen Management Practices Impact Grain Quality in Maize?,2021-09-15,2021,article,Target_author,Ciampitti,58,219,last,True,4,Agronomy,Multidisciplinary Digital Publishing Institute,True,gold,Crop Yield and Soil Fertility,Agronomy and Crop Science,Agricultural and Biological Sciences,Life Sciences,"['Starch', 'Agronomy', 'Nitrogen', 'Grain quality', 'Productivity']","['Starch', 'Agronomy', 'Nitrogen', 'Grain quality', 'Productivity', 'Fertilizer', 'Moisture', 'Environmental science', 'Animal science', 'Biology', 'Chemistry', 'Food science', 'Biotechnology']",['Zero hunger'],22,97.0,99.0,0.93532224,59,,2.0,4.0,4.0,8.0,4.0,,,,7582
https://openalex.org/W2943684409,Benchmarking irrigation water use in producer fields in the US central Great Plains,2019-05-01,2019,article,Target_author,Grassini,56,106,last,True,3,Environmental Research Letters,IOP Publishing,True,gold,Irrigation Practices and Water Management,Soil Science,Agricultural and Biological Sciences,Life Sciences,"['Irrigation', 'Environmental science', 'Deficit irrigation', 'Agricultural engineering', 'Water balance']","['Irrigation', 'Environmental science', 'Deficit irrigation', 'Agricultural engineering', 'Water balance', 'Irrigation management', 'Tillage', 'Farm water', 'Water resource management', 'Agriculture', 'Water conservation', 'Water use', 'Water resources', 'Irrigation scheduling', 'Soil water', 'Agronomy', 'Soil science', 'Geography', 'Ecology']",['Zero hunger'],22,93.0,98.0,0.871604,43,3.0,3.0,4.0,4.0,2.0,6.0,,,,3977
https://openalex.org/W4377029807,Reduced benefits of climate-smart agricultural policies from land-use spillovers,2023-05-18,2023,article,Target_author,Lobell,112,269,first,True,2,Nature Sustainability,Nature Portfolio,False,closed,Agriculture Sustainability and Environmental Impact,Ecology,Environmental Science,Physical Sciences,"['Total factor productivity', 'Agriculture', 'Natural resource economics', 'Spillover effect', 'Climate change']","['Total factor productivity', 'Agriculture', 'Natural resource economics', 'Spillover effect', 'Climate change', 'Productivity', 'Agricultural productivity', 'Land use', 'Cropping', 'Agricultural land', 'Economics', 'Greenhouse gas', 'Agricultural economics', 'Environmental science', 'Business', 'Geography', 'Economic growth', 'Ecology']",['Climate action'],22,90.0,99.0,0.9584033,42,,,,1.0,12.0,8.0,1.0,,,8518
https://openalex.org/W4381853315,Accelerated leaf appearance and flowering in maize after four decades of commercial breeding,2023-06-24,2023,article,Target_author,Archontoulis,53,121,last,True,21,Crop Science,Wiley,True,hybrid,Crop Yield and Soil Fertility,Agronomy and Crop Science,Agricultural and Biological Sciences,Life Sciences,"['Biology', 'Anthesis', 'Hybrid', 'Phenology', 'Crop']","['Biology', 'Anthesis', 'Hybrid', 'Phenology', 'Crop', 'Growing season', 'Agronomy', 'Trait', 'Vegetative reproduction', 'Plant breeding', 'Horticulture', 'Botany', 'Cultivar']",['Zero hunger'],21,96.0,99.0,0.97532326,49,,,,2.0,8.0,8.0,3.0,,,5318
https://openalex.org/W4401639184,From satellite-based phenological metrics to crop planting dates: Deriving field-level planting dates for corn and soybean in the U.S. Midwest,2024-08-16,2024,article,Target_author,Kaiyu,69,156,middle,True,5,ISPRS Journal of Photogrammetry and Remote Sensing,Elsevier BV,False,closed,Remote Sensing in Agriculture,Ecology,Environmental Science,Physical Sciences,"['Sowing', 'Phenology', 'Crop', 'Satellite', 'Environmental science']","['Sowing', 'Phenology', 'Crop', 'Satellite', 'Environmental science', 'Agronomy', 'Field corn', 'Field (mathematics)', 'Zea mays', 'Mathematics', 'Biology', 'Engineering']",['Zero hunger'],21,96.0,100.0,0.98362505,84,,,,,6.0,12.0,3.0,,,10358
https://openalex.org/W4382585485,First things first: Widespread nutrient deficiencies limit yields in smallholder oil palm fields,2023-06-27,2023,article,Target_author,Grassini,56,106,last,True,20,Agricultural Systems,Elsevier BV,True,hybrid,Oil Palm Production and Sustainability,Ecology,Environmental Science,Physical Sciences,"['Sowing', 'Nutrient', 'Productivity', 'Agronomy', 'Environmental science']","['Sowing', 'Nutrient', 'Productivity', 'Agronomy', 'Environmental science', 'Plant nutrition', 'Livelihood', 'Yield (engineering)', 'Palm oil', 'Agroforestry', 'Nutrient management', 'Toxicology', 'Biology', 'Agriculture', 'Ecology', 'Economics']",['Zero hunger'],21,98.0,100.0,0.95584295,28,,,,4.0,5.0,7.0,5.0,,,3977
https://openalex.org/W3157516028,Dynamic of fungal community composition during maize residue decomposition process in north-central China,2021-05-01,2021,article,Target_author,Ciampitti,58,219,last,True,6,Applied Soil Ecology,Elsevier BV,False,closed,Pesticide and Herbicide Environmental Studies,Pollution,Environmental Science,Physical Sciences,"['Residue (chemistry)', 'Basidiomycota', 'Ascomycota', 'Biology', 'Crop residue']","['Residue (chemistry)', 'Basidiomycota', 'Ascomycota', 'Biology', 'Crop residue', 'Botany', 'Agronomy', 'Ecology', 'Biochemistry']",['Life in Land'],21,89.0,99.0,0.60959331,46,,1.0,7.0,4.0,1.0,5.0,2.0,,,7582
https://openalex.org/W4224275134,Seed inoculation with Azospirillum brasilense in the U.S. soybean systems,2022-04-21,2022,article,Target_author,Ciampitti,58,219,last,True,14,Field Crops Research,Elsevier BV,False,closed,Legume Nitrogen Fixing Symbiosis,Plant Science,Agricultural and Biological Sciences,Life Sciences,"['Azospirillum brasilense', 'Microbial inoculant', 'Bradyrhizobium japonicum', 'Inoculation', 'Bradyrhizobium']","['Azospirillum brasilense', 'Microbial inoculant', 'Bradyrhizobium japonicum', 'Inoculation', 'Bradyrhizobium', 'Biology', 'Agronomy', 'Temperate climate', 'Nitrogen fixation', 'Symbiosis', 'Horticulture', 'Botany', 'Bacteria', 'Rhizobiaceae']",['Responsible consumption and production'],21,89.0,99.0,0.93778702,75,,,,7.0,5.0,8.0,1.0,,,7582
https://openalex.org/W4220766371,Role of sulfur mineralization and fertilizer source in corn and soybean production systems,2022-03-31,2022,article,Target_author,Castellano,48,95,last,True,6,Soil Science Society of America Journal,Wiley,True,hybrid,Nitrogen and Sulfur Effects on Brassica,Molecular Biology,"Biochemistry, Genetics and Molecular Biology",Life Sciences,"['Fertilizer', 'Gypsum', 'Mineralization (soil science)', 'Agronomy', 'Ammonium sulfate']","['Fertilizer', 'Gypsum', 'Mineralization (soil science)', 'Agronomy', 'Ammonium sulfate', 'Chemistry', 'Sulfate', 'Sulfur', 'Leaching (pedology)', 'Nitrogen', 'Environmental science', 'Soil water', 'Geology', 'Soil science', 'Biology']",['Zero hunger'],20,90.0,99.0,0.82514431,26,,,2.0,5.0,7.0,5.0,1.0,,,3569
https://openalex.org/W4399983564,Response of winter wheat genotypes to salinity stress under controlled environments,2024-06-24,2024,article,Target_author,Vara Prasad,93,359,last,True,4,Frontiers in Plant Science,Frontiers Media,True,gold,Plant Stress Responses and Tolerance,Plant Science,Agricultural and Biological Sciences,Life Sciences,"['Salinity', 'Seedling', 'Biology', 'Agronomy', 'Photosynthesis']","['Salinity', 'Seedling', 'Biology', 'Agronomy', 'Photosynthesis', 'Germination', 'Point of delivery', 'Horticulture', 'Grain yield', 'Chlorophyll', 'Population', 'Proline', 'Botany', 'Ecology']",['Life in Land'],20,94.0,100.0,0.98692777,110,,,,,2.0,16.0,2.0,,,13299
https://openalex.org/W4281385713,Assessing the impacts of pre-growing-season weather conditions on soil nitrogen dynamics and corn productivity in the U.S. Midwest,2022-05-24,2022,article,Target_author,Kaiyu,69,156,middle,True,19,Field Crops Research,Elsevier BV,False,closed,Soil Carbon and Nitrogen Dynamics,Soil Science,Agricultural and Biological Sciences,Life Sciences,"['Agroecosystem', 'Environmental science', 'Growing season', 'Fertilizer', 'Leaching (pedology)']","['Agroecosystem', 'Environmental science', 'Growing season', 'Fertilizer', 'Leaching (pedology)', 'Agronomy', 'Agriculture', 'Crop yield', 'Soil water', 'Ecology', 'Biology']",['Zero hunger'],20,94.0,99.0,0.88575415,94,,,1.0,4.0,6.0,7.0,2.0,,,10358
https://openalex.org/W2801646417,A solution for sampling position errors in maize and soybean root mass and length estimates,2018-04-27,2018,article,Target_author,Archontoulis,53,121,last,True,6,European Journal of Agronomy,Elsevier BV,False,closed,Plant nutrient uptake and metabolism,Plant Science,Agricultural and Biological Sciences,Life Sciences,"['Sampling (signal processing)', 'Position (finance)', 'Mathematics', 'Root (linguistics)', 'Row']","['Sampling (signal processing)', 'Position (finance)', 'Mathematics', 'Root (linguistics)', 'Row', 'Row crop', 'Agronomy', 'Zea mays', 'Root system', 'Statistics', 'Biology', 'Computer science', 'Agriculture']",[],20,94.0,99.0,0.93138933,43,,,2.0,4.0,6.0,2.0,,2.0,4.0,5318
https://openalex.org/W3073952028,Combining field-level data and remote sensing to understand impact of management practices on producer yields,2020-08-19,2020,article,Target_author,Rattalino,28,38,first,True,7,Field Crops Research,Elsevier BV,True,hybrid,Remote Sensing in Agriculture,Ecology,Environmental Science,Physical Sciences,"['Environmental science', 'Yield (engineering)', 'Photosynthetically active radiation', 'Sowing', 'Phenology']","['Environmental science', 'Yield (engineering)', 'Photosynthetically active radiation', 'Sowing', 'Phenology', 'Growing season', 'Agronomy', 'Climate change', 'Crop', 'Crop yield', 'Nutrient management', 'Agricultural engineering', 'Agriculture', 'Biology', 'Ecology']",['Climate action'],20,96.0,98.0,0.83596684,53,,3.0,6.0,3.0,4.0,4.0,,,,1451
https://openalex.org/W3096715085,The Influence of Different Fertilization Strategies on the Grain Yield of Field Peas (Pisum sativum L.) under Conventional and Conservation Tillage,2020-11-06,2020,article,Target_author,Vara Prasad,93,359,middle,True,8,Agronomy,Multidisciplinary Digital Publishing Institute,True,gold,Agronomic Practices and Intercropping Systems,Agronomy and Crop Science,Agricultural and Biological Sciences,Life Sciences,"['Human fertilization', 'Tillage', 'Sativum', 'Agronomy', 'Plough']","['Human fertilization', 'Tillage', 'Sativum', 'Agronomy', 'Plough', 'Field pea', 'Fertilizer', 'Yield (engineering)', 'Conventional tillage', 'Pisum', 'Crop', 'Crop yield', 'Phosphorus', 'Field experiment', 'Mathematics', 'Biology', 'Horticulture', 'Chemistry', 'Physics']",['Life in Land'],19,89.0,99.0,0.89110423,33,1.0,2.0,6.0,5.0,4.0,1.0,,,,13299
https://openalex.org/W4382766325,"Patterns of investment in agricultural research and innovation for the Global South, with a focus on sustainable agricultural intensification",2023-05-09,2023,article,Target_author,Vara Prasad,93,359,first,True,9,Frontiers in Sustainable Food Systems,Frontiers Media,True,gold,Agricultural Innovations and Practices,General Agricultural and Biological Sciences,Agricultural and Biological Sciences,Life Sciences,"['Agriculture', 'Business', 'Sustainability', 'Investment (military)', 'Venture capital']","['Agriculture', 'Business', 'Sustainability', 'Investment (military)', 'Venture capital', 'Government (linguistics)', 'Equity (law)', 'Private sector', 'Private equity', 'Economic growth', 'Agricultural economics', 'Finance', 'Economics', 'Geography', 'Political science']",['Zero hunger'],19,96.0,99.0,0.98669513,42,,,,2.0,10.0,4.0,3.0,,,13299
https://openalex.org/W4405265800,Historical increases in plant density increased vegetative maize biomass while breeding increased reproductive biomass and allocation to ear over stem,2024-12-11,2024,article,Target_author,Archontoulis,53,121,last,True,18,Field Crops Research,Elsevier BV,False,closed,Crop Yield and Soil Fertility,Agronomy and Crop Science,Agricultural and Biological Sciences,Life Sciences,"['Biomass (ecology)', 'Agronomy', 'Biology']","['Biomass (ecology)', 'Agronomy', 'Biology']",['Zero hunger'],19,99.0,100.0,0.98811044,64,,,,,3.0,16.0,,,,5318
https://openalex.org/W2902154609,Critical Sulfur Dilution Curve and Sulfur Nutrition Index in Maize,2018-11-29,2018,article,Target_author,Ciampitti,58,219,last,True,7,Agronomy Journal,Wiley,True,green,Nitrogen and Sulfur Effects on Brassica,Molecular Biology,"Biochemistry, Genetics and Molecular Biology",Life Sciences,"['Shoot', 'Sulfur', 'Zea mays', 'Dilution', 'Fertilizer']","['Shoot', 'Sulfur', 'Zea mays', 'Dilution', 'Fertilizer', 'Crop', 'Agronomy', 'Horticulture', 'Chemistry', 'Mathematics', 'Biology', 'Physics']",['Zero hunger'],19,90.0,98.0,0.66939829,62,4.0,4.0,3.0,3.0,2.0,1.0,,1.0,1.0,7582
https://openalex.org/W4283264070,Variety and management selection to optimize pearl millet yield and profit in Senegal,2022-06-21,2022,article,Target_author,Ciampitti,58,219,last,True,7,European Journal of Agronomy,Elsevier BV,False,closed,Rice Cultivation and Yield Improvement,Plant Science,Agricultural and Biological Sciences,Life Sciences,"['Nutrient management', 'Pennisetum', 'Agronomy', 'Nutrient', 'Yield gap']","['Nutrient management', 'Pennisetum', 'Agronomy', 'Nutrient', 'Yield gap', 'Phosphorus', 'Crop yield', 'Animal science', 'Biology', 'Mathematics', 'Chemistry', 'Ecology']",['Responsible consumption and production'],19,96.0,99.0,0.92081124,45,,,2.0,3.0,10.0,4.0,,,,7582
https://openalex.org/W4386068033,Annual Field-Scale Maps of Tall and Short Crops at the Global Scale Using GEDI and Sentinel-2,2023-08-22,2023,article,Target_author,Lobell,112,269,last,True,6,Remote Sensing,Multidisciplinary Digital Publishing Institute,True,gold,Remote Sensing in Agriculture,Ecology,Environmental Science,Physical Sciences,"['Scale (ratio)', 'Environmental science', 'Crop', 'Geography', 'Agroforestry']","['Scale (ratio)', 'Environmental science', 'Crop', 'Geography', 'Agroforestry', 'Physical geography', 'Remote sensing', 'Forestry', 'Cartography']",['Life in Land'],18,89.0,99.0,0.947447,38,,,,,9.0,8.0,1.0,,,8518
https://openalex.org/W4311085785,Agricultural nitrate export patterns shaped by crop rotation and tile drainage,2022-12-06,2022,article,Target_author,Peng,40,71,middle,True,9,Water Research,Elsevier BV,False,closed,Soil and Water Nutrient Dynamics,Environmental Chemistry,Environmental Science,Physical Sciences,"['Tile drainage', 'Environmental science', 'Nitrate', 'Hydrology (agriculture)', 'Crop rotation']","['Tile drainage', 'Environmental science', 'Nitrate', 'Hydrology (agriculture)', 'Crop rotation', 'Agriculture', 'Water quality', 'Soil water', 'Drainage', 'Nutrient', 'Spatial ecology', 'Fertilizer', 'Ecology', 'Agronomy', 'Soil science', 'Biology', 'Engineering']",['Clean water and sanitation'],18,97.0,100.0,0.82320471,93,,,3.0,6.0,5.0,4.0,,,,4976
https://openalex.org/W4206500364,Influence of weather and endogenous cycles on spatiotemporal yield variation in oil palm,2021-12-31,2021,article,Target_author,Grassini,56,106,last,True,16,Agricultural and Forest Meteorology,Elsevier BV,True,hybrid,Oil Palm Production and Sustainability,Ecology,Environmental Science,Physical Sciences,"['Yield (engineering)', 'Anthesis', 'Palm oil', 'Spatial variability', 'Environmental science']","['Yield (engineering)', 'Anthesis', 'Palm oil', 'Spatial variability', 'Environmental science', 'Palm', 'Sunshine duration', 'Atmospheric sciences', 'Agronomy', 'Mathematics', 'Meteorology', 'Statistics', 'Geography', 'Biology', 'Agroforestry']",[],18,94.0,99.0,0.87507709,45,,2.0,3.0,7.0,4.0,2.0,,,,3977
https://openalex.org/W4311085785,Agricultural nitrate export patterns shaped by crop rotation and tile drainage,2022-12-06,2022,article,Target_author,Kaiyu,69,156,middle,True,9,Water Research,Elsevier BV,False,closed,Soil and Water Nutrient Dynamics,Environmental Chemistry,Environmental Science,Physical Sciences,"['Tile drainage', 'Environmental science', 'Nitrate', 'Hydrology (agriculture)', 'Crop rotation']","['Tile drainage', 'Environmental science', 'Nitrate', 'Hydrology (agriculture)', 'Crop rotation', 'Agriculture', 'Water quality', 'Soil water', 'Drainage', 'Nutrient', 'Spatial ecology', 'Fertilizer', 'Ecology', 'Agronomy', 'Soil science', 'Biology', 'Engineering']",['Clean water and sanitation'],18,97.0,100.0,0.82320471,93,,,3.0,6.0,5.0,4.0,,,,10358
https://openalex.org/W4311980468,Retrospective study in US commercial sorghum breeding: I. Genetic gain in relation to relative maturity,2022-12-09,2022,article,Target_author,Messina,53,97,last,True,10,Crop Science,Wiley,False,closed,Bioenergy crop production and management,Agronomy and Crop Science,Agricultural and Biological Sciences,Life Sciences,"['Sorghum', 'Biology', 'Crop', 'Agronomy', 'Agriculture']","['Sorghum', 'Biology', 'Crop', 'Agronomy', 'Agriculture', 'Genetic gain', 'Sweet sorghum', 'Plant breeding', 'Population', 'Crop yield', 'Staple food', 'Genetic variation', 'Ecology', 'Demography']",['Zero hunger'],18,89.0,99.0,0.93270736,55,,,2.0,7.0,5.0,3.0,1.0,,,3276
https://openalex.org/W4366608282,A farmer data-driven approach for prioritization of agricultural research and development: A case study for intensive crop systems in the humid tropics,2023-04-21,2023,article,Target_author,Grassini,56,106,last,True,18,Field Crops Research,Elsevier BV,False,closed,Rice Cultivation and Yield Improvement,Plant Science,Agricultural and Biological Sciences,Life Sciences,"['Cropping', 'Agriculture', 'Yield (engineering)', 'Yield gap', 'Crop yield']","['Cropping', 'Agriculture', 'Yield (engineering)', 'Yield gap', 'Crop yield', 'Crop', 'Agroforestry', 'Tropics', 'Cropping system', 'Rainfed agriculture', 'Agronomy', 'Food security', 'Geography', 'Environmental science', 'Biology', 'Ecology']",['Zero hunger'],17,97.0,99.0,0.9607454,61,,,,2.0,5.0,5.0,5.0,,,3977
https://openalex.org/W4313567686,Tiller biomass in low plant-density corn enhances transient C sink without direct harvest index detriment,2023-01-05,2023,article,Target_author,Ciampitti,58,219,last,True,8,Field Crops Research,Elsevier BV,False,closed,Crop Yield and Soil Fertility,Agronomy and Crop Science,Agricultural and Biological Sciences,Life Sciences,"['Tiller (botany)', 'Agronomy', 'Biomass (ecology)', 'Sink (geography)', 'Biomass partitioning']","['Tiller (botany)', 'Agronomy', 'Biomass (ecology)', 'Sink (geography)', 'Biomass partitioning', 'Growing season', 'Environmental science', 'Leaf area index', 'Biology']",[],17,94.0,99.0,0.96066752,52,,,,2.0,9.0,4.0,2.0,,,7582
https://openalex.org/W3216627425,Post-silking 15N labelling reveals an enhanced nitrogen allocation to leaves in modern maize (Zea mays) genotypes,2021-11-26,2021,article,Target_author,Ciampitti,58,219,last,True,5,Journal of Plant Physiology,Elsevier BV,False,closed,Plant nutrient uptake and metabolism,Plant Science,Agricultural and Biological Sciences,Life Sciences,"['Biology', 'Agronomy', 'Chromosomal translocation', 'Zea mays', 'Nitrogen']","['Biology', 'Agronomy', 'Chromosomal translocation', 'Zea mays', 'Nitrogen', 'Hybrid', 'Crop', 'Chemistry', 'Gene']",[],17,96.0,99.0,0.89146205,93,,1.0,5.0,3.0,5.0,3.0,,,,7582
https://openalex.org/W2965538124,Soybean yield response to<i>Bradyrhizobium</i>strains in fields with inoculation history in Southern Brazil,2019-08-05,2019,article,Target_author,Ciampitti,58,219,middle,True,6,Journal of Plant Nutrition,Taylor & Francis,False,closed,Legume Nitrogen Fixing Symbiosis,Plant Science,Agricultural and Biological Sciences,Life Sciences,"['Inoculation', 'Rhizobia', 'Biology', 'Bradyrhizobium japonicum', 'Agronomy']","['Inoculation', 'Rhizobia', 'Biology', 'Bradyrhizobium japonicum', 'Agronomy', 'Nitrogen fixation', 'Bradyrhizobium', 'Yield (engineering)', 'Symbiosis', 'Rhizobium', 'Horticulture', 'Rhizobiaceae']",['Life in Land'],17,89.0,99.0,0.91517453,27,2.0,2.0,2.0,1.0,9.0,1.0,,,,7582
https://openalex.org/W3034307979,Comparison of air temperature measured in a vineyard canopy and at a standard weather station,2020-06-11,2020,article,Target_author,Hoogenboom,93,467,middle,True,5,PLoS ONE,Public Library of Science,True,gold,Horticultural and Viticultural Research,Plant Science,Agricultural and Biological Sciences,Life Sciences,"['Vineyard', 'Canopy', 'Environmental science', 'Air temperature', 'Atmospheric sciences']","['Vineyard', 'Canopy', 'Environmental science', 'Air temperature', 'Atmospheric sciences', 'Horticulture', 'Botany', 'Geology', 'Biology']",[],17,90.0,99.0,0.87707572,42,1.0,3.0,3.0,2.0,5.0,2.0,,,,8833
https://openalex.org/W2977277408,Pre‐planting weed detection based on ground field spectral data,2019-10-06,2019,article,Target_author,Ciampitti,58,219,last,True,6,Pest Management Science,Wiley,False,closed,Remote Sensing in Agriculture,Ecology,Environmental Science,Physical Sciences,"['Weed', 'Sowing', 'Field (mathematics)', 'Environmental science', 'Agronomy']","['Weed', 'Sowing', 'Field (mathematics)', 'Environmental science', 'Agronomy', 'Biology', 'Agroforestry', 'Mathematics']",['Reduced inequalities'],16,89.0,99.0,0.81839999,75,1.0,3.0,3.0,5.0,1.0,2.0,,,1.0,7582
https://openalex.org/W4321523435,Soybean yield response to nitrogen and sulfur fertilization in the United States: contribution of soil N and N fixation processes,2023-02-22,2023,article,Target_author,Ciampitti,58,219,last,True,19,European Journal of Agronomy,Elsevier BV,False,closed,Legume Nitrogen Fixing Symbiosis,Plant Science,Agricultural and Biological Sciences,Life Sciences,"['Agronomy', 'Sulfur', 'Nitrogen', 'Human fertilization', 'Yield (engineering)']","['Agronomy', 'Sulfur', 'Nitrogen', 'Human fertilization', 'Yield (engineering)', 'Nitrogen fixation', 'Environmental science', 'Chemistry', 'Biology', 'Materials science']",['Zero hunger'],16,96.0,99.0,0.95679322,56,,,,2.0,4.0,7.0,3.0,,,7582
https://openalex.org/W4296825671,Retrospective study in U.S. commercial sorghum breeding: II. Physiological changes associated to yield gain,2022-09-23,2022,article,Target_author,Ciampitti,58,219,last,True,10,Crop Science,Wiley,True,hybrid,Bioenergy crop production and management,Agronomy and Crop Science,Agricultural and Biological Sciences,Life Sciences,"['Panicle', 'Sorghum', 'Biology', 'Agronomy', 'Hybrid']","['Panicle', 'Sorghum', 'Biology', 'Agronomy', 'Hybrid', 'Sweet sorghum', 'Yield (engineering)', 'Biomass (ecology)', 'Grain yield', 'Genetic gain', 'Plant breeding', 'Genetic variation']",[],16,89.0,99.0,0.92557345,49,,,1.0,5.0,5.0,4.0,1.0,,,7582
https://openalex.org/W4224069793,Nitrate losses across 29 Iowa watersheds: Measuring long‐term trends in the context of interannual variability,2022-04-15,2022,article,Target_author,Castellano,48,95,last,True,4,Journal of Environmental Quality,Wiley,True,hybrid,Soil and Water Nutrient Dynamics,Environmental Chemistry,Environmental Science,Physical Sciences,"['Nitrate', 'Environmental science', 'Watershed', 'Context (archaeology)', 'Hydrology (agriculture)']","['Nitrate', 'Environmental science', 'Watershed', 'Context (archaeology)', 'Hydrology (agriculture)', 'Precipitation', 'Ecology', 'Meteorology', 'Geography']",['Life in Land'],16,90.0,99.0,0.81675778,29,,,1.0,5.0,4.0,5.0,1.0,,,3569
https://openalex.org/W3113106497,Evaluating optimal irrigation strategies for maize in Western Kansas,2020-12-08,2020,article,Target_author,Vara Prasad,93,359,middle,True,6,Agricultural Water Management,Elsevier BV,False,closed,Irrigation Practices and Water Management,Soil Science,Agricultural and Biological Sciences,Life Sciences,"['Irrigation', 'Loam', 'Environmental science', 'Soil water', 'DSSAT']","['Irrigation', 'Loam', 'Environmental science', 'Soil water', 'DSSAT', 'Agronomy', 'Cropping', 'Yield (engineering)', 'Productivity', 'Mathematics', 'Agriculture', 'Geography', 'Soil science', 'Biology']",['Clean water and sanitation'],16,94.0,98.0,0.79013958,47,,5.0,4.0,2.0,,5.0,,,,13299
https://openalex.org/W3152627050,Modeling the effects of crop management on food barley production under a midcentury changing climate in northern Ethiopia,2021-01-01,2021,article,Target_author,Vara Prasad,93,359,middle,True,5,Climate Risk Management,Elsevier BV,True,gold,Climate change impacts on agriculture,"Ecology, Evolution, Behavior and Systematics",Agricultural and Biological Sciences,Life Sciences,"['Sowing', 'Irrigation', 'Agronomy', 'Yield (engineering)', 'Fertilizer']","['Sowing', 'Irrigation', 'Agronomy', 'Yield (engineering)', 'Fertilizer', 'Environmental science', 'Soil water', 'Crop', 'Biomass (ecology)', 'Crop simulation model', 'Crop yield', 'Biology']","['Zero hunger', 'Climate action']",16,96.0,99.0,0.9343051,82,,1.0,3.0,4.0,3.0,5.0,,,,13299
https://openalex.org/W3130677317,Incorporating a dynamic gene-based process module into a crop simulation model,2021-01-01,2021,article,Target_author,Hoogenboom,93,467,last,True,10,in silico Plants,Oxford University Press,True,gold,Genetics and Plant Breeding,Plant Science,Agricultural and Biological Sciences,Life Sciences,"['Quantitative trait locus', 'Phaseolus', 'Trait', 'Biology', 'Genotype']","['Quantitative trait locus', 'Phaseolus', 'Trait', 'Biology', 'Genotype', 'Gene–environment interaction', 'Mixed model', 'Inbred strain', 'Gene interaction', 'Crop', 'Crop simulation model', 'Cultivar', 'Genetic model', 'Gene', 'Mathematics', 'Statistics', 'Genetics', 'Computer science', 'Agronomy']",[],16,89.0,99.0,0.89308974,53,,1.0,3.0,2.0,2.0,7.0,1.0,,,8833
https://openalex.org/W4317105295,Integrated modeling framework for sustainable agricultural intensification,2023-01-18,2023,article,Target_author,Ciampitti,58,219,last,True,6,Frontiers in Sustainable Food Systems,Frontiers Media,True,gold,Climate change impacts on agriculture,"Ecology, Evolution, Behavior and Systematics",Agricultural and Biological Sciences,Life Sciences,"['Food security', 'Agriculture', 'Business', 'Agricultural productivity', 'Psychological intervention']","['Food security', 'Agriculture', 'Business', 'Agricultural productivity', 'Psychological intervention', 'Psychological resilience', 'Sustainable agriculture', 'Food systems', 'Environmental resource management', 'Resilience (materials science)', 'Productivity', 'Sustainability', 'Natural resource economics', 'Environmental planning', 'Environmental economics', 'Economic growth', 'Economics', 'Geography']",['Zero hunger'],16,94.0,99.0,0.97697339,60,,,,1.0,7.0,6.0,2.0,,,7582
https://openalex.org/W4303980651,Remote Sensing on Alfalfa as an Approach to Optimize Production Outcomes: A Review of Evidence and Directions for Future Assessments,2022-10-03,2022,review,Target_author,Ciampitti,58,219,last,True,8,Remote Sensing,Multidisciplinary Digital Publishing Institute,True,gold,Remote Sensing in Agriculture,Ecology,Environmental Science,Physical Sciences,"['Biomass (ecology)', 'Environmental science', 'Agricultural engineering', 'Forage', 'Production (economics)']","['Biomass (ecology)', 'Environmental science', 'Agricultural engineering', 'Forage', 'Production (economics)', 'Remote sensing', 'Agriculture', 'Quality (philosophy)', 'Computer science', 'Agronomy', 'Agroforestry', 'Ecology', 'Engineering', 'Geography', 'Biology']",[],16,89.0,99.0,0.89200183,45,,,1.0,10.0,4.0,1.0,,,,7582
https://openalex.org/W4378974752,Mapping crop rotation by satellite-based data fusion in Southern Brazil,2023-06-01,2023,article,Target_author,Ciampitti,58,219,last,True,5,Computers and Electronics in Agriculture,Elsevier BV,False,closed,Rural Development and Agriculture,"Management, Monitoring, Policy and Law",Environmental Science,Physical Sciences,"['Crop rotation', 'Crop', 'Crop yield', 'Geography', 'Environmental science']","['Crop rotation', 'Crop', 'Crop yield', 'Geography', 'Environmental science', 'Agronomy', 'Biology', 'Forestry']",['Zero hunger'],16,89.0,99.0,0.9631291,64,,,,1.0,5.0,9.0,1.0,,,7582
https://openalex.org/W4229378476,Assessing impact of salinity and climate scenarios on dry season field crops in the coastal region of Bangladesh,2022-05-09,2022,article,Target_author,Ciampitti,58,219,last,True,9,Agricultural Systems,Elsevier BV,False,closed,Climate change impacts on agriculture,"Ecology, Evolution, Behavior and Systematics",Agricultural and Biological Sciences,Life Sciences,"['Salinity', 'Environmental science', 'Crop yield', 'Sunflower', 'Crop']","['Salinity', 'Environmental science', 'Crop yield', 'Sunflower', 'Crop', 'Agriculture', 'Climate change', 'Food security', 'Agronomy', 'Context (archaeology)', 'Crop simulation model', 'Geography', 'Biology', 'Ecology']",['Climate action'],15,94.0,100.0,0.94278907,86,,,3.0,4.0,2.0,3.0,3.0,,,7582
https://openalex.org/W4385518082,On-farm soybean seed protein and oil prediction using satellite data,2023-08-03,2023,article,Target_author,Ciampitti,58,219,last,True,5,Computers and Electronics in Agriculture,Elsevier BV,False,closed,Soybean genetics and cultivation,Plant Science,Agricultural and Biological Sciences,Life Sciences,"['Normalized Difference Vegetation Index', 'Random forest', 'Vegetation (pathology)', 'Environmental science', 'Satellite imagery']","['Normalized Difference Vegetation Index', 'Random forest', 'Vegetation (pathology)', 'Environmental science', 'Satellite imagery', 'Quality (philosophy)', 'Agronomy', 'Agricultural engineering', 'Mathematics', 'Machine learning', 'Computer science', 'Leaf area index', 'Remote sensing', 'Engineering', 'Geography', 'Biology']",[],15,96.0,99.0,0.95605228,69,,,,2.0,10.0,3.0,,,,7582
https://openalex.org/W4210301241,Selection for yield shifted the proportion of oil and protein in favor of low-energy seed fractions in soybean,2022-01-28,2022,article,Target_author,Ciampitti,58,219,last,True,5,Field Crops Research,Elsevier BV,False,closed,Soybean genetics and cultivation,Plant Science,Agricultural and Biological Sciences,Life Sciences,"['Biology', 'Agronomy', 'Dilution', 'Yield (engineering)', 'Glycine']","['Biology', 'Agronomy', 'Dilution', 'Yield (engineering)', 'Glycine', 'Fraction (chemistry)', 'Soybean meal', 'Limiting', 'Composition (language)', 'Animal science', 'Chemistry', 'Amino acid', 'Biochemistry', 'Ecology']",['Responsible consumption and production'],15,96.0,99.0,0.90749245,58,,,,7.0,3.0,5.0,,,,7582
https://openalex.org/W4313570522,"Lives and Livelihoods in Smallholder Farming Systems of Senegal: Impacts, Adaptation, and Resilience to COVID-19",2023-01-05,2023,article,Target_author,Vara Prasad,93,359,last,True,5,Land,Multidisciplinary Digital Publishing Institute,True,gold,Agriculture and Rural Development Research,"Ecology, Evolution, Behavior and Systematics",Agricultural and Biological Sciences,Life Sciences,"['Livelihood', 'Agriculture', 'Business', 'Food security', 'Psychological resilience']","['Livelihood', 'Agriculture', 'Business', 'Food security', 'Psychological resilience', 'Agricultural economics', 'Geography', 'Natural resource economics', 'Socioeconomics', 'Environmental resource management', 'Agroforestry', 'Economics', 'Environmental science']",['Zero hunger'],14,90.0,99.0,0.97063515,33,,,,,5.0,8.0,1.0,,,13299
https://openalex.org/W4386078690,Plant emergence and maize (Zea mays L.) yield across multiple farmers’ fields,2023-08-20,2023,article,Target_author,Basso,70,193,middle,True,5,Field Crops Research,Elsevier BV,True,hybrid,Crop Yield and Soil Fertility,Agronomy and Crop Science,Agricultural and Biological Sciences,Life Sciences,"['Sowing', 'Yield (engineering)', 'Agronomy', 'Crop', 'Crop yield']","['Sowing', 'Yield (engineering)', 'Agronomy', 'Crop', 'Crop yield', 'Spatial variability', 'Zea mays', 'Plant density', 'Environmental science', 'Mathematics', 'Biology', 'Statistics']",['Life in Land'],14,89.0,100.0,0.95021747,30,,,,3.0,7.0,3.0,1.0,,,5518
https://openalex.org/W3214063688,Harmonizing climate-smart and sustainable agriculture,2021-11-17,2021,article,Target_author,Peng,40,71,first,True,2,Nature Food,Nature Portfolio,False,closed,Climate change impacts on agriculture,"Ecology, Evolution, Behavior and Systematics",Agricultural and Biological Sciences,Life Sciences,"['Agriculture', 'Climate change', 'Business', 'Sustainable agriculture', 'Natural resource economics']","['Agriculture', 'Climate change', 'Business', 'Sustainable agriculture', 'Natural resource economics', 'Environmental planning', 'Environmental resource management', 'Environmental science', 'Geography', 'Economics', 'Geology', 'Archaeology']",['Zero hunger'],14,94.0,99.0,0.9252048,15,,1.0,3.0,4.0,4.0,2.0,,,,4976
https://openalex.org/W4378527439,Can upscaling ground nadir SIF to eddy covariance footprint improve the relationship between SIF and GPP in croplands?,2023-05-27,2023,article,Target_author,Kaiyu,69,156,middle,True,10,Agricultural and Forest Meteorology,Elsevier BV,True,green,Plant Water Relations and Carbon Dynamics,Global and Planetary Change,Environmental Science,Physical Sciences,"['Eddy covariance', 'Nadir', 'Footprint', 'Environmental science', 'Covariance']","['Eddy covariance', 'Nadir', 'Footprint', 'Environmental science', 'Covariance', 'Remote sensing', 'Atmospheric sciences', 'Mathematics', 'Geology', 'Statistics', 'Physics']",['Life in Land'],13,96.0,99.0,0.86157224,88,,,,1.0,5.0,7.0,,,,10358
https://openalex.org/W4317376827,Management adaptations for water-limited pearl millet systems in Senegal,2023-01-18,2023,article,Target_author,Ciampitti,58,219,last,True,8,Agricultural Water Management,Elsevier BV,True,gold,Climate change impacts on agriculture,"Ecology, Evolution, Behavior and Systematics",Agricultural and Biological Sciences,Life Sciences,"['Pennisetum', 'Sowing', 'Crop simulation model', 'Phenology', 'Agriculture']","['Pennisetum', 'Sowing', 'Crop simulation model', 'Phenology', 'Agriculture', 'Agronomy', 'Crop', 'Crop yield', 'DSSAT', 'Environmental science', 'Precipitation', 'Geography', 'Mathematics', 'Agroforestry', 'Biology']",['Zero hunger'],13,91.0,100.0,0.96924563,59,,,,2.0,1.0,7.0,3.0,,,7582
https://openalex.org/W3189898502,Twice Is Nice: The Benefits of Two Ground Measures for Evaluating the Accuracy of Satellite-Based Sustainability Estimates,2021-08-10,2021,article,Target_author,Lobell,112,269,first,True,4,Remote Sensing,Multidisciplinary Digital Publishing Institute,True,gold,Economic and Environmental Valuation,Economics and Econometrics,"Economics, Econometrics and Finance",Social Sciences,"['Satellite', 'Environmental science', 'Noise (video)', 'Sustainability', 'Asset (computer security)']","['Satellite', 'Environmental science', 'Noise (video)', 'Sustainability', 'Asset (computer security)', 'Econometrics', 'Computer science', 'Remote sensing', 'Mathematics', 'Geography']",[],13,89.0,98.0,0.91671925,23,,,2.0,1.0,4.0,5.0,1.0,,,8518
https://openalex.org/W4407085364,Breeding for high maize yields indirectly boosting root carbon in the US Corn Belt since the 1980s,2025-02-03,2025,article,Target_author,Archontoulis,53,121,last,True,8,Field Crops Research,Elsevier BV,False,closed,Crop Yield and Soil Fertility,Agronomy and Crop Science,Agricultural and Biological Sciences,Life Sciences,"['Boosting (machine learning)', 'Agronomy', 'Zea mays', 'Biology', 'Environmental science']","['Boosting (machine learning)', 'Agronomy', 'Zea mays', 'Biology', 'Environmental science', 'Computer science']",['Zero hunger'],13,99.0,100.0,0.99689642,86,,,,,,3.0,10.0,,,5318
https://openalex.org/W4395663510,Further adoption of conservation tillage can increase maize yields in the western US Corn Belt,2024-04-26,2024,article,Target_author,Lobell,112,269,last,True,6,Environmental Research Letters,IOP Publishing,True,gold,Crop Yield and Soil Fertility,Agronomy and Crop Science,Agricultural and Biological Sciences,Life Sciences,"['Tillage', 'Environmental science', 'Crop yield', 'Conservation agriculture', 'Agriculture']","['Tillage', 'Environmental science', 'Crop yield', 'Conservation agriculture', 'Agriculture', 'Agroforestry', 'Conventional tillage', 'Yield (engineering)', 'Soil conservation', 'Agronomy', 'Agricultural engineering', 'Geography']",[],13,96.0,99.0,0.97562266,51,,,,,1.0,9.0,3.0,,,8518
https://openalex.org/W4317696702,The urgency for investment on local data for advancing food assessments in Africa: A review case study for APSIM crop modeling,2023-01-22,2023,review,Target_author,Ciampitti,58,219,last,True,10,Environmental Modelling & Software,Elsevier BV,False,closed,Climate change impacts on agriculture,"Ecology, Evolution, Behavior and Systematics",Agricultural and Biological Sciences,Life Sciences,"['Unavailability', 'Food security', 'Agriculture', 'Agricultural productivity', 'Data collection']","['Unavailability', 'Food security', 'Agriculture', 'Agricultural productivity', 'Data collection', 'Field (mathematics)', 'Investment (military)', 'Computer science', 'Data sharing', 'Data science', 'Environmental resource management', 'Environmental economics', 'Risk analysis (engineering)', 'Agricultural engineering', 'Business', 'Environmental science', 'Geography', 'Engineering', 'Economics', 'Mathematics']",['Climate action'],13,90.0,99.0,0.96776168,101,,,,1.0,7.0,4.0,1.0,,,7582
https://openalex.org/W3182034749,Cover crop species can increase or decrease the fertilizer‐nitrogen requirement in maize,2021-07-03,2021,article,Target_author,Ciampitti,58,219,last,True,10,Agronomy Journal,Wiley,False,closed,Crop Yield and Soil Fertility,Agronomy and Crop Science,Agricultural and Biological Sciences,Life Sciences,"['Cover crop', 'Agronomy', 'Vicia villosa', 'Vicia sativa', 'Crop']","['Cover crop', 'Agronomy', 'Vicia villosa', 'Vicia sativa', 'Crop', 'Fertilizer', 'Avena', 'Biology', 'Yield (engineering)', 'Mathematics']",['Zero hunger'],13,94.0,98.0,0.88397536,43,,,3.0,3.0,5.0,2.0,,,,7582
https://openalex.org/W4389448960,Within-season vegetation indices and yield stability as a predictor of spatial patterns of Maize (Zea mays L) yields,2023-12-07,2023,article,Target_author,Basso,70,193,last,True,3,Precision Agriculture,Springer Science+Business Media,True,hybrid,Remote Sensing in Agriculture,Ecology,Environmental Science,Physical Sciences,"['Yield (engineering)', 'Remote sensing', 'Growing season', 'Vegetation (pathology)', 'Crop']","['Yield (engineering)', 'Remote sensing', 'Growing season', 'Vegetation (pathology)', 'Crop', 'Stability (learning theory)', 'Environmental science', 'Normalized Difference Vegetation Index', 'Crop yield', 'Agronomy', 'Leaf area index', 'Geography', 'Computer science', 'Machine learning', 'Biology']",['Zero hunger'],13,94.0,100.0,0.91672422,44,,,,4.0,7.0,2.0,,,,5518
https://openalex.org/W3082557279,"Sunlit, controlled‐environment chambers are essential for comparing plant responses to various climates",2020-08-31,2020,article,Target_author,Vara Prasad,93,359,last,True,10,Agronomy Journal,Wiley,True,hybrid,Plant responses to elevated CO2,Plant Science,Agricultural and Biological Sciences,Life Sciences,"['Environmental science', 'Carbon dioxide', 'Canopy', 'Evapotranspiration', 'Greenhouse']","['Environmental science', 'Carbon dioxide', 'Canopy', 'Evapotranspiration', 'Greenhouse', 'Methane', 'Photosynthesis', 'Atmospheric sciences', 'Agronomy', 'Ecology', 'Botany', 'Biology']",[],13,89.0,99.0,0.85871188,144,1.0,4.0,1.0,1.0,3.0,1.0,2.0,,,13299
https://openalex.org/W3092316978,Relative abundance of ureides differs among plant fractions in soybean,2020-10-09,2020,article,Target_author,Ciampitti,58,219,last,True,6,European Journal of Agronomy,Elsevier BV,False,closed,Soybean genetics and cultivation,Plant Science,Agricultural and Biological Sciences,Life Sciences,"['Main stem', 'Petiole (insect anatomy)', 'Biology', 'Agronomy', 'Botany']","['Main stem', 'Petiole (insect anatomy)', 'Biology', 'Agronomy', 'Botany', 'Horticulture']",[],12,89.0,98.0,0.8707526,61,,2.0,2.0,2.0,5.0,1.0,,,,7582
https://openalex.org/W3183263918,iCROPM 2020: Crop Modeling for the Future,2020-12-01,2020,article,Target_author,Hoogenboom,93,467,first,True,7,The Journal of Agricultural Science,Cambridge University Press,True,hybrid,Crop Yield and Soil Fertility,Agronomy and Crop Science,Agricultural and Biological Sciences,Life Sciences,"['Outreach', 'Cropping', 'Crop', 'Simulation modeling', 'Crop production']","['Outreach', 'Cropping', 'Crop', 'Simulation modeling', 'Crop production', 'Agricultural engineering', 'Computer science', 'Environmental science', 'Environmental resource management', 'Agriculture', 'Engineering', 'Geography', 'Mathematics', 'Economics', 'Economic growth']",[],12,89.0,97.0,0.85176912,14,,2.0,3.0,3.0,3.0,1.0,,,,8833
https://openalex.org/W4396921186,"Ranking genotype, environment, management effects on the optimum nitrogen rate for maize: A cropping system modeling analysis",2024-05-15,2024,article,Target_author,Archontoulis,53,121,last,True,4,Agronomy Journal,Wiley,True,hybrid,Crop Yield and Soil Fertility,Agronomy and Crop Science,Agricultural and Biological Sciences,Life Sciences,"['Agronomy', 'Cropping', 'Cropping system', 'Nitrogen', 'Environmental science']","['Agronomy', 'Cropping', 'Cropping system', 'Nitrogen', 'Environmental science', 'Biology', 'Crop', 'Agriculture', 'Chemistry', 'Ecology']",['Climate action'],12,90.0,100.0,0.96913118,123,,,,,3.0,8.0,1.0,,,5318
https://openalex.org/W4393033339,Perspective of US farmers on collaborative on‐farm agronomic research,2024-03-21,2024,article,Target_author,Ciampitti,58,219,last,True,14,Agronomy Journal,Wiley,True,hybrid,Agricultural Innovations and Practices,General Agricultural and Biological Sciences,Agricultural and Biological Sciences,Life Sciences,"['Agriculture', 'Business', 'Perspective (graphical)', 'Technology transfer', 'Sustainable agriculture']","['Agriculture', 'Business', 'Perspective (graphical)', 'Technology transfer', 'Sustainable agriculture', 'Agricultural science', 'Agricultural economics', 'Environmental resource management', 'Geography', 'Economics']",['Zero hunger'],12,94.0,99.0,0.98815439,34,,,,,1.0,9.0,2.0,,,7582
https://openalex.org/W3117885690,Winter survival response of canola to meteorological variables and adaptative areas for current canola germplasm in the United States,2020-12-22,2020,article,Target_author,Ciampitti,58,219,last,True,7,Agricultural and Forest Meteorology,Elsevier BV,False,closed,Nitrogen and Sulfur Effects on Brassica,Molecular Biology,"Biochemistry, Genetics and Molecular Biology",Life Sciences,"['Canola', 'Overwintering', 'Germplasm', 'Environmental science', 'Latitude']","['Canola', 'Overwintering', 'Germplasm', 'Environmental science', 'Latitude', 'Agronomy', 'Brassica', 'Agriculture', 'Geography', 'Biology', 'Ecology']",[],12,89.0,99.0,0.61386742,35,2.0,3.0,2.0,3.0,1.0,1.0,,,,7582
https://openalex.org/W4388440207,A vehicle imaging approach to acquire ground truth data for upscaling to satellite data: A case study for estimating harvesting dates,2023-11-06,2023,article,Target_author,Kaiyu,69,156,middle,True,4,Remote Sensing of Environment,Elsevier BV,True,green,Remote Sensing in Agriculture,Ecology,Environmental Science,Physical Sciences,"['Ground truth', 'Remote sensing', 'Satellite', 'Scale (ratio)', 'Computer science']","['Ground truth', 'Remote sensing', 'Satellite', 'Scale (ratio)', 'Computer science', 'Field (mathematics)', 'Satellite imagery', 'Environmental science', 'Artificial intelligence', 'Geology', 'Cartography', 'Geography', 'Mathematics']",[],12,98.0,99.0,0.91022021,55,,,,2.0,5.0,5.0,,,,10358
https://openalex.org/W4306935934,Exploring avenues for agricultural intensification: A case study for maize-soybean in the Southern US region,2022-10-20,2022,article,Target_author,Messina,53,97,last,True,12,Agricultural Systems,Elsevier BV,False,closed,Agronomic Practices and Intercropping Systems,Agronomy and Crop Science,Agricultural and Biological Sciences,Life Sciences,"['Crop', 'Cropping', 'Agriculture', 'Food security', 'Agronomy']","['Crop', 'Cropping', 'Agriculture', 'Food security', 'Agronomy', 'Crop yield', 'Sowing', 'Multiple cropping', 'Yield (engineering)', 'Cropping system', 'Crop simulation model', 'Productivity', 'Environmental science', 'Mathematics', 'Geography', 'Biology', 'Economics']",['Zero hunger'],12,95.0,98.0,0.90422315,83,,,,2.0,5.0,5.0,,,,3276
https://openalex.org/W4306935934,Exploring avenues for agricultural intensification: A case study for maize-soybean in the Southern US region,2022-10-20,2022,article,Target_author,Ciampitti,58,219,middle,True,12,Agricultural Systems,Elsevier BV,False,closed,Agronomic Practices and Intercropping Systems,Agronomy and Crop Science,Agricultural and Biological Sciences,Life Sciences,"['Crop', 'Cropping', 'Agriculture', 'Food security', 'Agronomy']","['Crop', 'Cropping', 'Agriculture', 'Food security', 'Agronomy', 'Crop yield', 'Sowing', 'Multiple cropping', 'Yield (engineering)', 'Cropping system', 'Crop simulation model', 'Productivity', 'Environmental science', 'Mathematics', 'Geography', 'Biology', 'Economics']",['Zero hunger'],12,95.0,98.0,0.90422315,83,,,,2.0,5.0,5.0,,,,7582
https://openalex.org/W4401091480,High-resolution global maps of yield potential with local relevance for targeted crop production improvement,2024-07-29,2024,article,Target_author,Grassini,56,106,last,True,4,Nature Food,Nature Portfolio,True,green,Climate change impacts on agriculture,"Ecology, Evolution, Behavior and Systematics",Agricultural and Biological Sciences,Life Sciences,"['Relevance (law)', 'Production (economics)', 'Crop production', 'Yield (engineering)', 'Crop']","['Relevance (law)', 'Production (economics)', 'Crop production', 'Yield (engineering)', 'Crop', 'Agricultural engineering', 'Environmental science', 'Geography', 'Agronomy', 'Engineering', 'Biology', 'Economics', 'Materials science', 'Political science', 'Agriculture']",['Zero hunger'],12,99.0,100.0,0.98924181,18,,,,,3.0,9.0,,,,3977
https://openalex.org/W3210318694,Soil and Climate Characterization to Define Environments for Summer Crops in Senegal,2021-10-24,2021,article,Target_author,Ciampitti,58,219,last,True,9,Sustainability,Multidisciplinary Digital Publishing Institute,True,gold,Soil and Land Suitability Analysis,"Management, Monitoring, Policy and Law",Environmental Science,Physical Sciences,"['Environmental science', 'Soil carbon', 'Climate change', 'Spatial variability', 'Soil texture']","['Environmental science', 'Soil carbon', 'Climate change', 'Spatial variability', 'Soil texture', 'Soil science', 'Soil water', 'Ecology', 'Mathematics']",[],12,90.0,99.0,0.92894924,80,,1.0,1.0,5.0,4.0,1.0,,,,7582
https://openalex.org/W4320716398,Combining Remotely Sensed Evapotranspiration and an Agroecosystem Model to Estimate Center‐Pivot Irrigation Water Use at High Spatio‐Temporal Resolution,2023-02-14,2023,article,Target_author,Kaiyu,69,156,middle,True,13,Water Resources Research,Wiley,True,bronze,Plant Water Relations and Carbon Dynamics,Global and Planetary Change,Environmental Science,Physical Sciences,"['Evapotranspiration', 'Irrigation', 'Environmental science', 'Hydrology (agriculture)', 'Water use']","['Evapotranspiration', 'Irrigation', 'Environmental science', 'Hydrology (agriculture)', 'Water use', 'Irrigation management', 'Center pivot irrigation', 'Remote sensing', 'Geography', 'Engineering']",[],12,90.0,99.0,0.84579125,93,,,,1.0,5.0,5.0,1.0,,,10358
https://openalex.org/W3195247325,Disentangling management factors influencing nitrogen balance in producer fields in the western Corn Belt,2021-08-18,2021,article,Target_author,Grassini,56,106,last,True,6,Agricultural Systems,Elsevier BV,False,closed,Soil Carbon and Nitrogen Dynamics,Soil Science,Agricultural and Biological Sciences,Life Sciences,"['Agronomy', 'Sowing', 'Fertilizer', 'Irrigation', 'Environmental science']","['Agronomy', 'Sowing', 'Fertilizer', 'Irrigation', 'Environmental science', 'Nitrogen balance', 'Yield (engineering)', 'Balance (ability)', 'Dry matter', 'Growing season', 'Grain yield', 'Spatial variability', 'Mathematics', 'Nitrogen', 'Biology', 'Statistics', 'Chemistry']",['Zero hunger'],12,90.0,99.0,0.73819181,49,,,6.0,2.0,3.0,1.0,,,,3977
https://openalex.org/W4211092584,Boosting climate change mitigation potential of perennial lignocellulosic crops grown on marginal lands,2022-02-11,2022,article,Target_author,Basso,70,193,middle,True,3,Environmental Research Letters,IOP Publishing,True,gold,Bioenergy crop production and management,Agronomy and Crop Science,Agricultural and Biological Sciences,Life Sciences,"['Greenhouse gas', 'Environmental science', 'Panicum virgatum', 'Cellulosic ethanol', 'Biofuel']","['Greenhouse gas', 'Environmental science', 'Panicum virgatum', 'Cellulosic ethanol', 'Biofuel', 'Agronomy', 'Soil carbon', 'Fossil fuel', 'Climate change', 'Carbon sequestration', 'Energy crop', 'Fertilizer', 'Climate change mitigation', 'Bioenergy', 'Agroforestry', 'Nitrogen', 'Soil water', 'Biotechnology', 'Soil science', 'Cellulose', 'Chemistry', 'Ecology']",['Climate action'],11,94.0,98.0,0.88737684,47,,,,2.0,4.0,3.0,2.0,,,5518
https://openalex.org/W4362465033,Enhancing maize grain dry-down predictive models,2023-03-31,2023,article,Target_author,Ciampitti,58,219,middle,True,8,Agricultural and Forest Meteorology,Elsevier BV,True,hybrid,Crop Yield and Soil Fertility,Agronomy and Crop Science,Agricultural and Biological Sciences,Life Sciences,"['Sowing', 'Agronomy', 'Maturity (psychological)', 'Water content', 'Environmental science']","['Sowing', 'Agronomy', 'Maturity (psychological)', 'Water content', 'Environmental science', 'Moisture', 'Crop', 'Agricultural engineering', 'Mathematics', 'Geography', 'Biology', 'Meteorology', 'Engineering']",['Zero hunger'],11,94.0,98.0,0.92734485,51,,,,,5.0,2.0,4.0,,,7582
https://openalex.org/W4411078759,Aligning satellite-based phenology in a deep learning model for improved crop yield estimates over large regions,2025-06-06,2025,article,Target_author,Kaiyu,69,156,middle,True,11,Agricultural and Forest Meteorology,Elsevier BV,True,hybrid,Remote Sensing in Agriculture,Ecology,Environmental Science,Physical Sciences,"['Phenology', 'Satellite', 'Yield (engineering)', 'Environmental science', 'Biometeorology']","['Phenology', 'Satellite', 'Yield (engineering)', 'Environmental science', 'Biometeorology', 'Crop', 'Climatology', 'Remote sensing', 'Agronomy', 'Geography', 'Forestry', 'Ecology', 'Geology', 'Biology', 'Engineering', 'Canopy']",['Zero hunger'],10,99.0,100.0,0.99276503,37,,,,,,3.0,7.0,,,10358
https://openalex.org/W4401160785,"Crop nitrogen status and yield formation: A cross-species comparison for maize, rice, and wheat field crops",2024-07-31,2024,article,Target_author,Ciampitti,58,219,last,True,6,Field Crops Research,Elsevier BV,False,closed,Crop Yield and Soil Fertility,Agronomy and Crop Science,Agricultural and Biological Sciences,Life Sciences,"['Agronomy', 'Yield (engineering)', 'Crop', 'Nitrogen', 'Crop yield']","['Agronomy', 'Yield (engineering)', 'Crop', 'Nitrogen', 'Crop yield', 'Grain yield', 'Field crop', 'Biology', 'Chemistry']",['Zero hunger'],10,94.0,100.0,0.96159951,90,,,,,3.0,5.0,2.0,,,7582
https://openalex.org/W4214727542,Footprints of corn nitrogen management on the following soybean crop,2022-02-26,2022,article,Target_author,Ciampitti,58,219,last,True,7,Agronomy Journal,Wiley,True,hybrid,Soil Carbon and Nitrogen Dynamics,Soil Science,Agricultural and Biological Sciences,Life Sciences,"['Agronomy', 'Fertilizer', 'Crop rotation', 'Crop', 'Nutrient']","['Agronomy', 'Fertilizer', 'Crop rotation', 'Crop', 'Nutrient', 'Crop yield', 'Mathematics', 'Biology']",['Zero hunger'],10,90.0,97.0,0.79139419,53,,,,3.0,1.0,3.0,3.0,,,7582
https://openalex.org/W3198306942,Vertical Canopy Profile and the Impact of Branches on Soybean Seed Composition,2021-09-08,2021,article,Target_author,Ciampitti,58,219,last,True,3,Frontiers in Plant Science,Frontiers Media,True,gold,Soybean genetics and cultivation,Plant Science,Agricultural and Biological Sciences,Life Sciences,"['Canopy', 'Composition (language)', 'Main stem', 'Lysine', 'Linolenic acid']","['Canopy', 'Composition (language)', 'Main stem', 'Lysine', 'Linolenic acid', 'Biology', 'Linoleic acid', 'Yield (engineering)', 'Limiting', 'Agronomy', 'Chemistry', 'Horticulture', 'Botany', 'Fatty acid', 'Amino acid', 'Biochemistry']",['Zero hunger'],10,94.0,99.0,0.80177891,55,,1.0,5.0,2.0,2.0,,,,,7582
https://openalex.org/W4382450133,Maize planting date and maturity in the US central Great Plains: Exploring windows for maximizing yields,2023-06-26,2023,article,Target_author,Ciampitti,58,219,last,True,10,European Journal of Agronomy,Elsevier BV,False,closed,Climate change impacts on agriculture,"Ecology, Evolution, Behavior and Systematics",Agricultural and Biological Sciences,Life Sciences,"['Sowing', 'Maturity (psychological)', 'Phenology', 'Yield (engineering)', 'Agronomy']","['Sowing', 'Maturity (psychological)', 'Phenology', 'Yield (engineering)', 'Agronomy', 'Agriculture', 'Crop', 'Crop yield', 'Productivity', 'DSSAT', 'Hybrid', 'Environmental science', 'Biology', 'Ecology']",['Zero hunger'],10,97.0,99.0,0.95716949,83,,,,1.0,5.0,4.0,,,,7582
https://openalex.org/W3192995664,Benchmarking Nutraceutical Soybean Composition Relative to Protein and Oil,2021-08-11,2021,review,Target_author,Ciampitti,58,219,last,True,3,Frontiers in Nutrition,Frontiers Media,True,gold,Soybean genetics and cultivation,Plant Science,Agricultural and Biological Sciences,Life Sciences,"['Nutraceutical', 'Soybean oil', 'Food science', 'Composition (language)', 'Soybean meal']","['Nutraceutical', 'Soybean oil', 'Food science', 'Composition (language)', 'Soybean meal', 'Chemistry', 'Meal', 'Animal science', 'Biotechnology', 'Biology']",[],10,94.0,99.0,0.80048873,79,,1.0,5.0,2.0,,2.0,,,,7582
https://openalex.org/W4390731258,Limitations and future perspectives for satellite-based soil carbon monitoring,2024-01-01,2024,article,Target_author,Ciampitti,58,219,last,True,6,Environmental Challenges,Elsevier BV,True,gold,Soil Geostatistics and Mapping,Environmental Engineering,Environmental Science,Physical Sciences,"['Remote sensing', 'Environmental science', 'Soil carbon', 'Satellite', 'Sampling (signal processing)']","['Remote sensing', 'Environmental science', 'Soil carbon', 'Satellite', 'Sampling (signal processing)', 'Terrestrial ecosystem', 'Land use', 'Reliability (semiconductor)', 'Environmental resource management', 'Computer science', 'Data collection', 'Ground truth', 'Soil water', 'Data science', 'Ecosystem', 'Soil science', 'Geography', 'Engineering', 'Ecology', 'Telecommunications']",['Zero hunger'],10,94.0,99.0,0.84778593,43,,,,,2.0,6.0,2.0,,,7582
https://openalex.org/W3090233382,Evaluating optimal irrigation for potential yield and economic performance of major crops in southwestern Kansas,2020-10-03,2020,article,Target_author,Vara Prasad,93,359,last,True,7,Agricultural Water Management,Elsevier BV,False,closed,Irrigation Practices and Water Management,Soil Science,Agricultural and Biological Sciences,Life Sciences,"['Sorghum', 'Irrigation', 'Agronomy', 'Loam', 'Soil water']","['Sorghum', 'Irrigation', 'Agronomy', 'Loam', 'Soil water', 'Environmental science', 'Mathematics', 'Surface irrigation', 'Crop', 'Grain yield', 'Cropping system', 'Yield (engineering)', 'Biology', 'Soil science']",['Responsible consumption and production'],10,89.0,99.0,0.81654559,58,1.0,,,2.0,4.0,2.0,1.0,,,13299
https://openalex.org/W4402406745,Major abiotic stresses on quality parameters in grain legumes: Impacts and various strategies for improving quality traits,2024-09-10,2024,article,Target_author,Vara Prasad,93,359,last,True,8,Environmental and Experimental Botany,Elsevier BV,False,closed,Agricultural pest management studies,Plant Science,Agricultural and Biological Sciences,Life Sciences,"['Abiotic component', 'Quality (philosophy)', 'Abiotic stress', 'Grain quality', 'Environmental science']","['Abiotic component', 'Quality (philosophy)', 'Abiotic stress', 'Grain quality', 'Environmental science', 'Biology', 'Agronomy', 'Agricultural engineering', 'Engineering', 'Ecology', 'Physics']",['Zero hunger'],10,96.0,99.0,0.95798047,230,,,,,1.0,9.0,,,,13299
https://openalex.org/W4391173018,Benefitting productivity and the environment: Current and future maize cropping systems improve yield while reducing nitrate load,2024-01-23,2024,article,Target_author,Castellano,48,95,last,True,11,Journal of Environmental Quality,Wiley,True,hybrid,Crop Yield and Soil Fertility,Agronomy and Crop Science,Agricultural and Biological Sciences,Life Sciences,"['Cropping', 'Cropping system', 'Agronomy', 'Environmental science', 'Crop yield']","['Cropping', 'Cropping system', 'Agronomy', 'Environmental science', 'Crop yield', 'Agriculture', 'Yield (engineering)', 'Food security', 'Productivity', 'Nitrate', 'Agricultural engineering', 'Population', 'Crop', 'Biology', 'Engineering', 'Ecology', 'Economics', 'Environmental health']",['Zero hunger'],9,94.0,99.0,0.94482364,28,,,,,1.0,6.0,2.0,,,3569
https://openalex.org/W4387835546,Guiding oil palm intensification through a spatial extrapolation domain framework,2023-10-20,2023,article,Target_author,Grassini,56,106,last,True,14,Agricultural Systems,Elsevier BV,False,closed,Oil Palm Production and Sustainability,Ecology,Environmental Science,Physical Sciences,"['Environmental science', 'Agricultural engineering', 'Yield (engineering)', 'Sustainability', 'Ecosystem services']","['Environmental science', 'Agricultural engineering', 'Yield (engineering)', 'Sustainability', 'Ecosystem services', 'Production (economics)', 'Palm', 'Agriculture', 'Ecosystem', 'Extrapolation', 'Sustainable yield', 'Palm oil', 'Spatial variability', 'Environmental resource management', 'Agroforestry', 'Computer science', 'Mathematics', 'Geography', 'Ecology', 'Economics', 'Statistics', 'Engineering']",['Zero hunger'],9,90.0,99.0,0.8739833,58,,,,2.0,3.0,1.0,3.0,,,3977
https://openalex.org/W4318066063,Climate change risk perception and adaptation to climate smart agriculture are required to increase wheat production for food security,2022-01-01,2022,article,Target_author,Hoogenboom,93,467,middle,True,6,Italian Journal of Agronomy,PAGEPress (Italy),True,gold,Climate change impacts on agriculture,"Ecology, Evolution, Behavior and Systematics",Agricultural and Biological Sciences,Life Sciences,"['Climate change', 'Agriculture', 'Food security', 'Productivity', 'Agricultural productivity']","['Climate change', 'Agriculture', 'Food security', 'Productivity', 'Agricultural productivity', 'Geography', 'Production (economics)', 'Business', 'Agricultural science', 'Agricultural economics', 'Environmental science', 'Economics', 'Economic growth', 'Ecology', 'Biology']","['Climate action', 'Zero hunger']",9,89.0,99.0,0.91665741,59,,,1.0,3.0,3.0,1.0,1.0,,,8833
https://openalex.org/W4306293819,Decoupling between leaf nitrogen and radiation-use efficiency in vegetative and early reproductive stages in high-yielding soybean,2022-10-14,2022,article,Target_author,Grassini,56,106,last,True,11,Journal of Experimental Botany,Oxford University Press,False,closed,Soybean genetics and cultivation,Plant Science,Agricultural and Biological Sciences,Life Sciences,"['Crop', 'Point of delivery', 'Biology', 'Agronomy', 'Growing season']","['Crop', 'Point of delivery', 'Biology', 'Agronomy', 'Growing season', 'Dry matter', 'Fertilizer', 'Nitrogen', 'Nitrogen fixation', 'Biomass (ecology)', 'Field experiment', 'Chemistry']",[],9,90.0,99.0,0.86350288,0,,,,8.0,,1.0,,,,3977
https://openalex.org/W4405803094,Quantifying potassium requirement and removal across crop species,2024-12-26,2024,article,Target_author,Grassini,56,106,last,True,17,Field Crops Research,Elsevier BV,True,hybrid,Growth and nutrition in plants,Plant Science,Agricultural and Biological Sciences,Life Sciences,"['Crop', 'Environmental science', 'Potassium', 'Agronomy', 'Biology']","['Crop', 'Environmental science', 'Potassium', 'Agronomy', 'Biology', 'Agroforestry', 'Chemistry']",['Zero hunger'],9,98.0,100.0,0.95302792,78,,,,,4.0,5.0,,,,3977
https://openalex.org/W4407069545,Improving yield and profit in smallholder oil palm fields through better agronomy,2025-02-01,2025,article,Target_author,Grassini,56,106,last,True,14,Agricultural Systems,Elsevier BV,True,green,Oil Palm Production and Sustainability,Ecology,Environmental Science,Physical Sciences,"['Palm oil', 'Yield (engineering)', 'Agronomy', 'Profit (economics)', 'Agricultural engineering']","['Palm oil', 'Yield (engineering)', 'Agronomy', 'Profit (economics)', 'Agricultural engineering', 'Agricultural economics', 'Agroforestry', 'Agricultural science', 'Business', 'Environmental science', 'Economics', 'Engineering', 'Biology', 'Physics']",['Zero hunger'],9,97.0,99.0,0.99086051,49,,,,,,1.0,8.0,,,3977
https://openalex.org/W4392862215,Nitrogen Fertilization and Cultivar Interactions Determine Maize Yield and Grain Mineral Composition in Calcareous Soil under Semiarid Conditions,2024-03-14,2024,article,Target_author,Vara Prasad,93,359,middle,True,8,Plants,Multidisciplinary Digital Publishing Institute,True,gold,Crop Yield and Soil Fertility,Agronomy and Crop Science,Agricultural and Biological Sciences,Life Sciences,"['Calcareous', 'Cultivar', 'Human fertilization', 'Agronomy', 'Yield (engineering)']","['Calcareous', 'Cultivar', 'Human fertilization', 'Agronomy', 'Yield (engineering)', 'Nitrogen', 'Fertilizer', 'Gene–environment interaction', 'Biology', 'Calcareous soils', 'Chemistry', 'Genotype', 'Botany']",['Climate action'],9,97.0,98.0,0.94756092,52,,,,,,4.0,5.0,,,13299
https://openalex.org/W4389934912,From a point to a range of optimum estimates for maize plant density and nitrogen rate recommendations,2023-12-19,2023,article,Target_author,Archontoulis,53,121,middle,True,4,Agronomy Journal,Wiley,True,bronze,Crop Yield and Soil Fertility,Agronomy and Crop Science,Agricultural and Biological Sciences,Life Sciences,"['Agronomy', 'Stable isotope ratio', 'Isotope', 'Environmental science', 'Zea mays']","['Agronomy', 'Stable isotope ratio', 'Isotope', 'Environmental science', 'Zea mays', 'Biology', 'Physics']",['Clean water and sanitation'],9,97.0,99.0,0.91296112,64,,,,1.0,4.0,4.0,,,,5318
https://openalex.org/W4317498942,"Modeling days suitable for fieldwork using machine learning, process-based, and rule-based models",2023-01-19,2023,article,Target_author,Archontoulis,53,121,last,True,5,Agricultural Systems,Elsevier BV,False,closed,Climate change impacts on agriculture,"Ecology, Evolution, Behavior and Systematics",Agricultural and Biological Sciences,Life Sciences,"['Computer science', 'Machine learning', 'Artificial intelligence', 'Artificial neural network', 'Field (mathematics)']","['Computer science', 'Machine learning', 'Artificial intelligence', 'Artificial neural network', 'Field (mathematics)', 'Random forest', 'Scale (ratio)', 'Process (computing)', 'Mean squared error', 'Forecast skill', 'Parameterized complexity', 'Data mining', 'Statistics', 'Mathematics', 'Algorithm']",[],9,91.0,99.0,0.94587625,39,,,,2.0,1.0,4.0,2.0,,,5318
https://openalex.org/W4293490290,Suitability of different environments for winter canola oil production in the United States of America,2022-08-29,2022,article,Target_author,Ciampitti,58,219,last,True,7,Field Crops Research,Elsevier BV,False,closed,Nitrogen and Sulfur Effects on Brassica,Molecular Biology,"Biochemistry, Genetics and Molecular Biology",Life Sciences,"['Canola', 'Brassica', 'Agronomy', 'Crop', 'Yield (engineering)']","['Canola', 'Brassica', 'Agronomy', 'Crop', 'Yield (engineering)', 'Productivity', 'Environmental science', 'Biology', 'Economics']",[],9,90.0,99.0,0.67032362,42,,,1.0,3.0,4.0,,1.0,,,7582
https://openalex.org/W4362716140,Sorghum producer yield contest: A synthesis-analysis of major management and environmental drivers,2023-04-06,2023,article,Target_author,Ciampitti,58,219,last,True,2,Field Crops Research,Elsevier BV,False,closed,Climate change impacts on agriculture,"Ecology, Evolution, Behavior and Systematics",Agricultural and Biological Sciences,Life Sciences,"['Sorghum', 'Yield (engineering)', 'Sowing', 'Irrigation', 'DSSAT']","['Sorghum', 'Yield (engineering)', 'Sowing', 'Irrigation', 'DSSAT', 'Yield management', 'Agronomy', 'Crop yield', 'Environmental science', 'Geography', 'Biology', 'Economics']",['Life below water'],9,89.0,99.0,0.94913131,79,,,,1.0,5.0,2.0,1.0,,,7582
https://openalex.org/W4313650688,Corn yield components can be stabilized via tillering in sub-optimal plant densities,2023-01-06,2023,article,Target_author,Ciampitti,58,219,last,True,8,Frontiers in Plant Science,Frontiers Media,True,gold,Crop Yield and Soil Fertility,Agronomy and Crop Science,Agricultural and Biological Sciences,Life Sciences,"['Tiller (botany)', 'Stalk', 'Agronomy', 'Biology', 'Hybrid']","['Tiller (botany)', 'Stalk', 'Agronomy', 'Biology', 'Hybrid', 'Yield (engineering)', 'Crop', 'Plasticity', 'Horticulture']",['Zero hunger'],9,94.0,98.0,0.90428402,50,,,,,4.0,2.0,3.0,,,7582
https://openalex.org/W2782024879,Planter Technology to Reduce Double‐Planted Area and Improve Corn and Soybean Yields,2018-01-01,2018,article,Target_author,Ciampitti,58,219,last,True,6,Agronomy Journal,Wiley,False,closed,Crop Yield and Soil Fertility,Agronomy and Crop Science,Agricultural and Biological Sciences,Life Sciences,"['Yield (engineering)', 'Sowing', 'Agronomy', 'Crop', 'Mathematics']","['Yield (engineering)', 'Sowing', 'Agronomy', 'Crop', 'Mathematics', 'Zea mays', 'Crop yield', 'Biology', 'Materials science']",[],9,89.0,96.0,0.75890078,49,1.0,2.0,1.0,,2.0,,1.0,,2.0,7582
https://openalex.org/W3123031903,Modeling soil organic carbon and yam yield under different agronomic management across spatial scales in Ghana,2021-01-18,2021,article,Target_author,Basso,70,193,last,True,5,Field Crops Research,Elsevier BV,False,closed,Potato Plant Research,Food Science,Agricultural and Biological Sciences,Life Sciences,"['Soil carbon', 'Agronomy', 'Fertilizer', 'Environmental science', 'Nutrient management']","['Soil carbon', 'Agronomy', 'Fertilizer', 'Environmental science', 'Nutrient management', 'Crop residue', 'Nutrient', 'Crop yield', 'Crop rotation', 'Yield (engineering)', 'Sowing', 'Phosphorus', 'Crop', 'Mathematics', 'Soil water', 'Agriculture', 'Biology', 'Chemistry', 'Ecology', 'Soil science']",['Zero hunger'],8,89.0,97.0,0.75524163,64,,,2.0,3.0,1.0,1.0,1.0,,,5518
https://openalex.org/W4402853267,Modulating reactive oxygen species and ion homeostasis for combined salt and cadmium stress tolerance in Brassica campestris: The role of beneficial microbes,2024-09-24,2024,article,Target_author,Vara Prasad,93,359,last,True,8,Plant Stress,Elsevier BV,True,gold,Plant Stress Responses and Tolerance,Plant Science,Agricultural and Biological Sciences,Life Sciences,"['Reactive oxygen species', 'Brassica', 'Cadmium', 'Salt (chemistry)', 'Homeostasis']","['Reactive oxygen species', 'Brassica', 'Cadmium', 'Salt (chemistry)', 'Homeostasis', 'Oxygen', 'Botany', 'Biology', 'Chemistry', 'Cell biology']",['Zero hunger'],8,98.0,99.0,0.94747871,82,,,,,2.0,6.0,,,,13299
https://openalex.org/W4393089676,Optimization of carbon and nitrogen partitioning in DP202216 maize hybrids,2024-03-22,2024,article,Target_author,Ciampitti,58,219,last,True,10,Field Crops Research,Elsevier BV,False,closed,Crop Yield and Soil Fertility,Agronomy and Crop Science,Agricultural and Biological Sciences,Life Sciences,"['Hybrid', 'Agronomy', 'Nitrogen', 'Carbon fibers', 'Zea mays']","['Hybrid', 'Agronomy', 'Nitrogen', 'Carbon fibers', 'Zea mays', 'Environmental science', 'Biology', 'Mathematics', 'Chemistry']",['Zero hunger'],8,90.0,99.0,0.94021691,55,,,,,1.0,6.0,1.0,,,7582
https://openalex.org/W4200599875,Evaluating maize yield response to fertilizer and soil in Mexico using ground and satellite approaches,2021-12-13,2021,article,Target_author,Lobell,112,269,last,True,4,Field Crops Research,Elsevier BV,False,closed,Crop Yield and Soil Fertility,Agronomy and Crop Science,Agricultural and Biological Sciences,Life Sciences,"['Fertilizer', 'Environmental science', 'Yield (engineering)', 'Context (archaeology)', 'Agronomy']","['Fertilizer', 'Environmental science', 'Yield (engineering)', 'Context (archaeology)', 'Agronomy', 'Nutrient', 'Crop', 'Satellite', 'Agricultural engineering', 'Crop yield', 'Nutrient management', 'Micronutrient', 'Mathematics', 'Geography', 'Biology', 'Ecology', 'Medicine']",['Zero hunger'],8,90.0,97.0,0.8015756,61,,,3.0,1.0,2.0,2.0,,,,8518
https://openalex.org/W3111962623,Luck versus Skill: Is Nitrogen Balance in Irrigated Maize Fields Driven by Persistent or Random Factors?,2020-12-11,2020,article,Target_author,Grassini,56,106,last,True,7,Environmental Science & Technology,American Chemical Society,False,closed,Crop Yield and Soil Fertility,Agronomy and Crop Science,Agricultural and Biological Sciences,Life Sciences,"['Balance (ability)', 'Nitrogen balance', 'Persistence (discontinuity)', 'Ranking (information retrieval)', 'Agronomy']","['Balance (ability)', 'Nitrogen balance', 'Persistence (discontinuity)', 'Ranking (information retrieval)', 'Agronomy', 'Environmental science', 'Water balance', 'Nitrogen', 'Mathematics', 'Economics', 'Biology', 'Chemistry', 'Engineering', 'Computer science']",['Climate action'],8,89.0,97.0,0.78632814,33,,2.0,2.0,,1.0,3.0,,,,3977
https://openalex.org/W4320472075,Temporal variation of soil N supply defines N fixation in soybeans,2023-01-20,2023,article,Target_author,Ciampitti,58,219,last,True,6,European Journal of Agronomy,Elsevier BV,False,closed,Legume Nitrogen Fixing Symbiosis,Plant Science,Agricultural and Biological Sciences,Life Sciences,"['Agronomy', 'Dry matter', 'Growing season', 'Biology', 'Dry season']","['Agronomy', 'Dry matter', 'Growing season', 'Biology', 'Dry season', 'Nitrogen fixation', 'Nitrogen', 'Ecology', 'Chemistry']",['Zero hunger'],8,89.0,99.0,0.91136014,58,,,,2.0,2.0,3.0,1.0,,,7582
https://openalex.org/W4206113203,Impact of High-Cadence Earth Observation in Maize Crop Phenology Classification,2022-01-19,2022,article,Target_author,Ciampitti,58,219,last,True,7,Remote Sensing,Multidisciplinary Digital Publishing Institute,True,gold,Remote Sensing in Agriculture,Ecology,Environmental Science,Physical Sciences,"['Phenology', 'Crop', 'Environmental science', 'Random forest', 'Growing season']","['Phenology', 'Crop', 'Environmental science', 'Random forest', 'Growing season', 'Earth observation', 'Computer science', 'Satellite', 'Geography', 'Machine learning', 'Agronomy', 'Forestry']",['Zero hunger'],8,94.0,98.0,0.8119392,80,,,,,4.0,2.0,2.0,,,7582
https://openalex.org/W4396584633,Shifts in controls and abundance of particulate and mineral-associated organic matter fractions among subfield yield stability zones,2024-05-02,2024,article,Target_author,Basso,70,193,middle,True,5,SOIL,Copernicus Publications,True,gold,Soil Carbon and Nitrogen Dynamics,Soil Science,Agricultural and Biological Sciences,Life Sciences,"['Edaphic', 'Yield (engineering)', 'Environmental science', 'Productivity', 'Abundance (ecology)']","['Edaphic', 'Yield (engineering)', 'Environmental science', 'Productivity', 'Abundance (ecology)', 'Organic matter', 'Soil organic matter', 'Sedimentation', 'Agronomy', 'Soil science', 'Soil water', 'Ecology', 'Biology', 'Sediment']",['Zero hunger'],8,98.0,100.0,0.89473884,55,,,,,3.0,5.0,,,,5518
https://openalex.org/W4412192291,A multi model ensemble reveals net climate benefits from regenerative practices in US Midwest croplands,2025-07-11,2025,article,Target_author,Basso,70,193,first,True,25,Scientific Reports,Nature Portfolio,True,gold,Climate change impacts on agriculture,"Ecology, Evolution, Behavior and Systematics",Agricultural and Biological Sciences,Life Sciences,"['Net (polyhedron)', 'Climate change', 'Computer science', 'Environmental resource management', 'Agroforestry']","['Net (polyhedron)', 'Climate change', 'Computer science', 'Environmental resource management', 'Agroforestry', 'Environmental science', 'Ecology', 'Biology', 'Mathematics']",['Climate action'],8,95.0,100.0,0.99586313,61,,,,,,6.0,2.0,,,5518
https://openalex.org/W4320007220,Techno-diversity for carbon farming and climate resilience,2022-01-01,2022,article,Target_author,Basso,70,193,first,True,1,Italian Journal of Agronomy,PAGEPress (Italy),True,gold,Agriculture Sustainability and Environmental Impact,Ecology,Environmental Science,Physical Sciences,"['Resilience (materials science)', 'Diversity (politics)', 'Climate resilience', 'Climate change', 'Agriculture']","['Resilience (materials science)', 'Diversity (politics)', 'Climate resilience', 'Climate change', 'Agriculture', 'Carbon fibers', 'Agroforestry', 'Geography', 'Environmental science', 'Environmental resource management', 'Natural resource economics', 'Ecology', 'Biology', 'Economics', 'Mathematics', 'Political science']",['Climate action'],7,89.0,97.0,0.79406101,14,,,,2.0,3.0,1.0,1.0,,,5518
https://openalex.org/W4388806374,A meta-analysis of hairy vetch as a previous cover crop for maize,2023-11-19,2023,article,Target_author,Ciampitti,58,219,last,True,8,Heliyon,Elsevier BV,True,gold,Agronomic Practices and Intercropping Systems,Agronomy and Crop Science,Agricultural and Biological Sciences,Life Sciences,"['Cover crop', 'Agronomy', 'Cover (algebra)', 'Crop', 'Agroforestry']","['Cover crop', 'Agronomy', 'Cover (algebra)', 'Crop', 'Agroforestry', 'Biology', 'Engineering']",['Zero hunger'],7,96.0,99.0,0.8831052,89,,,,1.0,3.0,3.0,,,,7582
https://openalex.org/W4401477610,Identifying environments for canola oil production under diverse seasonal crop water stress levels,2024-08-10,2024,article,Target_author,Ciampitti,58,219,last,True,8,Agricultural Water Management,Elsevier BV,True,gold,Irrigation Practices and Water Management,Soil Science,Agricultural and Biological Sciences,Life Sciences,"['Canola', 'Water stress', 'Oil production', 'Environmental science', 'Production (economics)']","['Canola', 'Water stress', 'Oil production', 'Environmental science', 'Production (economics)', 'Crop', 'Crop production', 'Agronomy', 'Geography', 'Engineering', 'Agriculture', 'Petroleum engineering', 'Biology', 'Economics']",['Zero hunger'],7,90.0,100.0,0.87752396,51,,,,,4.0,2.0,1.0,,,7582
https://openalex.org/W4224279346,Soybean management for seed composition: The perspective of U.S. farmers,2022-04-21,2022,article,Target_author,Ciampitti,58,219,last,True,11,Agronomy Journal,Wiley,True,hybrid,Soybean genetics and cultivation,Plant Science,Agricultural and Biological Sciences,Life Sciences,"['Production (economics)', 'Business', 'Quality (philosophy)', 'Incentive', 'Mindset']","['Production (economics)', 'Business', 'Quality (philosophy)', 'Incentive', 'Mindset', 'Agricultural science', 'Biotechnology', 'Agronomy', 'Marketing', 'Biology', 'Economics']",[],7,94.0,97.0,0.83280709,33,,,,2.0,3.0,2.0,,,,7582
https://openalex.org/W4399149931,Nitrogen fertilizer and plant density affect maize residue quantity and quality more than previous crop and genotype,2024-05-29,2024,article,Target_author,Archontoulis,53,121,last,True,7,European Journal of Agronomy,Elsevier BV,False,closed,Crop Yield and Soil Fertility,Agronomy and Crop Science,Agricultural and Biological Sciences,Life Sciences,"['Agronomy', 'Fertilizer', 'Nitrogen', 'Crop', 'Residue (chemistry)']","['Agronomy', 'Fertilizer', 'Nitrogen', 'Crop', 'Residue (chemistry)', 'Biology', 'Plant density', 'Environmental science', 'Sowing', 'Chemistry']",['Zero hunger'],7,90.0,99.0,0.93051759,63,,,,,2.0,4.0,1.0,,,5318
https://openalex.org/W3034159478,Agronomic optimal plant density for semiupright cowpea as a second crop in southeastern Brazil,2020-06-01,2020,article,Target_author,Ciampitti,58,219,last,True,6,Crop Science,Wiley,True,green,Agricultural pest management studies,Plant Science,Agricultural and Biological Sciences,Life Sciences,"['Vigna', 'Biology', 'Cultivar', 'Agronomy', 'Crop']","['Vigna', 'Biology', 'Cultivar', 'Agronomy', 'Crop', 'Leaf area index', 'Yield (engineering)', 'Dry matter', 'Plant density', 'Crop yield', 'Growing season', 'Sowing']",['Zero hunger'],6,89.0,97.0,0.80840958,36,,1.0,1.0,,3.0,1.0,,,,7582
https://openalex.org/W2999704434,Viewpoint: Principles and priorities for one CGIAR,2020-01-16,2020,article,Target_author,Lobell,112,269,first,True,1,Food Policy,Elsevier BV,False,closed,Food Waste Reduction and Sustainability,Food Science,Agricultural and Biological Sciences,Life Sciences,"['Food waste', 'Product (mathematics)', 'Consumption (sociology)', 'Economics', 'Welfare']","['Food waste', 'Product (mathematics)', 'Consumption (sociology)', 'Economics', 'Welfare', 'Pasteurization', 'Public economics', 'Microeconomics', 'Agricultural economics', 'Food products', 'Business', 'Marketing', 'Environmental economics', 'Food science', 'Market economy']",[],6,94.0,96.0,0.72215903,10,,,2.0,2.0,,2.0,,,,8518
https://openalex.org/W4385519803,Predicting corn tiller development in restrictive environments can be achieved to enhance defensive management decision tools for producers,2023-08-03,2023,article,Target_author,Ciampitti,58,219,last,True,7,Frontiers in Plant Science,Frontiers Media,True,gold,Crop Yield and Soil Fertility,Agronomy and Crop Science,Agricultural and Biological Sciences,Life Sciences,"['Tiller (botany)', 'Growing season', 'Environmental science', 'Agronomy', 'Crop']","['Tiller (botany)', 'Growing season', 'Environmental science', 'Agronomy', 'Crop', 'Biology', 'Agricultural engineering', 'Engineering']",[],6,95.0,98.0,0.8611352,67,,,,,2.0,4.0,,,,7582
https://openalex.org/W4391383114,Filling the agronomic data gap through a minimum data collection approach,2024-01-31,2024,article,Target_author,Grassini,56,106,last,True,15,Field Crops Research,Elsevier BV,True,hybrid,Agricultural Innovations and Practices,General Agricultural and Biological Sciences,Agricultural and Biological Sciences,Life Sciences,"['Data collection', 'Mathematics', 'Statistics']","['Data collection', 'Mathematics', 'Statistics']",['Zero hunger'],6,95.0,99.0,0.97012698,25,,,,,1.0,2.0,3.0,,,3977
https://openalex.org/W4406903456,Benchmarking sorghum and maize for both yield and economic advantage in the US Great Plains,2025-01-28,2025,article,Target_author,Ciampitti,58,219,last,True,8,Field Crops Research,Elsevier BV,False,closed,Crop Yield and Soil Fertility,Agronomy and Crop Science,Agricultural and Biological Sciences,Life Sciences,"['Sorghum', 'Agronomy', 'Benchmarking', 'Yield (engineering)', 'Zea mays']","['Sorghum', 'Agronomy', 'Benchmarking', 'Yield (engineering)', 'Zea mays', 'Agroforestry', 'Agricultural engineering', 'Environmental science', 'Biology', 'Economics', 'Engineering']",['Zero hunger'],6,96.0,100.0,0.98142962,56,,,,,,3.0,3.0,,,7582
https://openalex.org/W4412421036,Crop productivity in southern Africa is stagnant despite moderate climate trends,2025-07-15,2025,article,Target_author,Lobell,112,269,first,True,2,Nature Food,Nature Portfolio,False,closed,Climate change impacts on agriculture,"Ecology, Evolution, Behavior and Systematics",Agricultural and Biological Sciences,Life Sciences,"['Productivity', 'Crop', 'Crop productivity', 'Climate change', 'Agroforestry']","['Productivity', 'Crop', 'Crop productivity', 'Climate change', 'Agroforestry', 'Agricultural economics', 'Geography', 'Environmental science', 'Economics', 'Ecology', 'Biology', 'Forestry', 'Economic growth']",['Climate action'],6,95.0,100.0,0.9918447,26,,,,,,4.0,2.0,,,8518
https://openalex.org/W4408462823,Maize breeding enhances lodging resistance through vertical allocation changes of stem dry matter and nitrogen,2025-03-14,2025,article,Target_author,Archontoulis,53,121,last,True,4,Frontiers in Plant Science,Frontiers Media,True,gold,Crop Yield and Soil Fertility,Agronomy and Crop Science,Agricultural and Biological Sciences,Life Sciences,"['Dry matter', 'Resistance (ecology)', 'Agronomy', 'Biology', 'Nitrogen']","['Dry matter', 'Resistance (ecology)', 'Agronomy', 'Biology', 'Nitrogen', 'Chemistry']",[],6,97.0,99.0,0.98285517,43,,,,,,2.0,4.0,,,5318
https://openalex.org/W4393255653,Environmental variables controlling biological nitrogen fixation in soybean,2024-03-28,2024,article,Target_author,Ciampitti,58,219,middle,True,8,Symbiosis,Springer Science+Business Media,False,closed,Legume Nitrogen Fixing Symbiosis,Plant Science,Agricultural and Biological Sciences,Life Sciences,"['Nitrogen fixation', 'Biology', 'Agronomy', 'Soil fertility', 'Soil water']","['Nitrogen fixation', 'Biology', 'Agronomy', 'Soil fertility', 'Soil water', 'Ecology']",['Zero hunger'],6,90.0,98.0,0.91821918,56,,,,,,5.0,1.0,,,7582
https://openalex.org/W4412692252,The mixed effects of recent cover crop adoption on US cropland productivity,2025-07-28,2025,article,Target_author,Lobell,112,269,first,True,6,Nature Sustainability,Nature Portfolio,False,closed,Agricultural Economics and Policy,General Agricultural and Biological Sciences,Agricultural and Biological Sciences,Life Sciences,"['Productivity', 'Cover (algebra)', 'Cover crop', 'Crop productivity', 'Environmental science']","['Productivity', 'Cover (algebra)', 'Cover crop', 'Crop productivity', 'Environmental science', 'Crop', 'Agricultural economics', 'Agronomy', 'Agroforestry', 'Business', 'Agricultural engineering', 'Economics', 'Engineering', 'Biology']",[],5,97.0,99.0,0.99354708,28,,,,,,1.0,4.0,,,8518
https://openalex.org/W4392844751,Stalk sap nitrate test as a potential tool for nitrogen fertilizer recommendations for maize,2024-03-15,2024,article,Target_author,Castellano,48,95,last,True,6,Field Crops Research,Elsevier BV,True,green,Crop Yield and Soil Fertility,Agronomy and Crop Science,Agricultural and Biological Sciences,Life Sciences,"['Stalk', 'Environmental science', 'Nitrate', 'Nitrogen', 'Agronomy']","['Stalk', 'Environmental science', 'Nitrate', 'Nitrogen', 'Agronomy', 'Fertilizer', 'Nitrogen fertilizer', 'Biology', 'Chemistry', 'Ecology', 'Horticulture']",['Zero hunger'],5,90.0,98.0,0.8910101,33,,,,,,4.0,1.0,,,3569
https://openalex.org/W2984940497,Assessing Nitrogen Limitation in Inoculated Soybean in Southern Brazil,2019-01-01,2019,article,Target_author,Ciampitti,58,219,middle,True,6,Agrosystems Geosciences & Environment,Wiley,True,gold,Soybean genetics and cultivation,Plant Science,Agricultural and Biological Sciences,Life Sciences,"['Dry matter', 'Nitrogen fixation', 'Agronomy', 'Fertilizer', 'Mineralization (soil science)']","['Dry matter', 'Nitrogen fixation', 'Agronomy', 'Fertilizer', 'Mineralization (soil science)', 'Starter', 'Nitrogen', 'Organic matter', 'Nutrient', 'Soil water', 'Cultivar', 'Limiting', 'Growing season', 'Environmental science', 'Mathematics', 'Chemistry', 'Biology', 'Ecology', 'Food science', 'Engineering']",['Responsible consumption and production'],5,89.0,95.0,0.80270801,41,1.0,1.0,1.0,,1.0,1.0,,,,7582
https://openalex.org/W4409838401,Nitrogen nutrition index as an in-season N diagnostic method for maize yield response to N fertilization,2025-04-26,2025,article,Target_author,Ciampitti,58,219,last,True,9,Field Crops Research,Elsevier BV,False,closed,Crop Yield and Soil Fertility,Agronomy and Crop Science,Agricultural and Biological Sciences,Life Sciences,"['Agronomy', 'Human fertilization', 'Yield (engineering)', 'Nitrogen fertilizer', 'Nitrogen']","['Agronomy', 'Human fertilization', 'Yield (engineering)', 'Nitrogen fertilizer', 'Nitrogen', 'Index (typography)', 'Grain yield', 'Environmental science', 'Mathematics', 'Biology', 'Chemistry', 'Fertilizer', 'Computer science', 'Physics']",['Zero hunger'],5,97.0,99.0,0.98091304,59,,,,,,1.0,4.0,,,7582
https://openalex.org/W4403996865,Environmental characterization for rainfed maize production in the US Great Plains region,2024-11-02,2024,article,Target_author,Ciampitti,58,219,last,True,5,Agricultural and Forest Meteorology,Elsevier BV,True,green,Crop Yield and Soil Fertility,Agronomy and Crop Science,Agricultural and Biological Sciences,Life Sciences,"['Zea mays', 'Environmental science', 'Production (economics)', 'Agronomy', 'Agroforestry']","['Zea mays', 'Environmental science', 'Production (economics)', 'Agronomy', 'Agroforestry', 'Geography', 'Biology']",['Zero hunger'],5,96.0,99.0,0.90083664,75,,,,,1.0,4.0,,,,7582
https://openalex.org/W4404284297,Assessing the influence of environmental drivers on soybean seed yield and nitrogen fixation estimates and uncertainties in the United States,2024-11-12,2024,article,Target_author,Ciampitti,58,219,last,True,15,European Journal of Agronomy,Elsevier BV,False,closed,Soybean genetics and cultivation,Plant Science,Agricultural and Biological Sciences,Life Sciences,"['Agronomy', 'Yield (engineering)', 'Nitrogen fixation', 'Nitrogen', 'Environmental science']","['Agronomy', 'Yield (engineering)', 'Nitrogen fixation', 'Nitrogen', 'Environmental science', 'Biology', 'Mathematics', 'Chemistry', 'Materials science']",['Zero hunger'],5,97.0,99.0,0.91674708,42,,,,,1.0,4.0,,,,7582
https://openalex.org/W4402439671,Enhancing Alfalfa Biomass Prediction: An Innovative Framework Using Remote Sensing Data,2024-09-11,2024,article,Target_author,Ciampitti,58,219,last,True,8,Remote Sensing,Multidisciplinary Digital Publishing Institute,True,gold,Remote Sensing in Agriculture,Ecology,Environmental Science,Physical Sciences,"['Remote sensing', 'Biomass (ecology)', 'Environmental science', 'Computer science', 'Agricultural engineering']","['Remote sensing', 'Biomass (ecology)', 'Environmental science', 'Computer science', 'Agricultural engineering', 'Geology', 'Engineering']",[],5,97.0,99.0,0.88303849,60,,,,,1.0,4.0,,,,7582
https://openalex.org/W4313824535,Integrating Field Data and a Modeling Approach to Inform Optimum Planting Date × Maturity Group for Soybeans under Current and Future Weather Conditions in Kansas,2023-01-06,2023,article,Target_author,Ciampitti,58,219,last,True,7,Sustainability,Multidisciplinary Digital Publishing Institute,True,gold,Soybean genetics and cultivation,Plant Science,Agricultural and Biological Sciences,Life Sciences,"['Sowing', 'Yield (engineering)', 'Maturity (psychological)', 'Current (fluid)', 'Agriculture']","['Sowing', 'Yield (engineering)', 'Maturity (psychological)', 'Current (fluid)', 'Agriculture', 'Productivity', 'Environmental science', 'Production (economics)', 'Agricultural engineering', 'Agronomy', 'Geography', 'Meteorology', 'Engineering', 'Biology', 'Ecology', 'Economics', 'Political science']",['Zero hunger'],5,91.0,96.0,0.87316204,45,,,,,1.0,2.0,2.0,,,7582
https://openalex.org/W4306871497,Retrospective study in U.S. commercial sorghum breeding: III. Nitrogen internal efficiency,2022-10-20,2022,article,Target_author,Ciampitti,58,219,last,True,6,Crop Science,Wiley,True,hybrid,Crop Yield and Soil Fertility,Agronomy and Crop Science,Agricultural and Biological Sciences,Life Sciences,"['Sorghum', 'Hybrid', 'Stover', 'Biology', 'Agronomy']","['Sorghum', 'Hybrid', 'Stover', 'Biology', 'Agronomy', 'Sweet sorghum', 'Biomass (ecology)', 'Yield (engineering)', 'Crop']",['Responsible consumption and production'],4,89.0,97.0,0.75816179,32,,,,3.0,,1.0,,,,7582
https://openalex.org/W4411116225,"Comparing continuous-corn and soybean-corn rotation cropping systems in the U.S. central Midwest: Trade-offs among crop yield, nutrient losses, and change in soil organic carbon",2025-06-07,2025,article,Target_author,Kaiyu,69,156,middle,True,17,Agriculture Ecosystems & Environment,Elsevier BV,False,closed,Soil Carbon and Nitrogen Dynamics,Soil Science,Agricultural and Biological Sciences,Life Sciences,"['Agronomy', 'Cropping', 'Crop rotation', 'Environmental science', 'Yield (engineering)']","['Agronomy', 'Cropping', 'Crop rotation', 'Environmental science', 'Yield (engineering)', 'Nutrient', 'Soil carbon', 'Cropping system', 'Crop', 'Crop yield', 'Agroforestry', 'Biology', 'Soil water', 'Agriculture', 'Ecology', 'Soil science']",['Zero hunger'],4,95.0,99.0,0.94432145,126,,,,,,2.0,2.0,,,10358
https://openalex.org/W4234514210,Editorial,2020-03-01,2020,editorial,Target_author,Hoogenboom,93,467,first,True,3,The Journal of Agricultural Science,Cambridge University Press,True,hybrid,"Nutrition, Health, and Society Studies",Food Science,Agricultural and Biological Sciences,Life Sciences,"['Computer science', 'Content (measure theory)', 'World Wide Web', 'Mathematics', 'Mathematical analysis']","['Computer science', 'Content (measure theory)', 'World Wide Web', 'Mathematics']",[],4,89.0,99.0,0.67408142,0,1.0,,1.0,,1.0,1.0,,,,8833
https://openalex.org/W4395694831,Within‐field soil moisture variability and time‐invariant spatial structures of agricultural fields in the US Midwest,2024-04-26,2024,article,Target_author,Peng,40,71,middle,True,7,Vadose Zone Journal,Soil Science Society of America,True,gold,Soil Moisture and Remote Sensing,Environmental Engineering,Environmental Science,Physical Sciences,"['Water content', 'Environmental science', 'Moisture', 'Remote sensing', 'Satellite']","['Water content', 'Environmental science', 'Moisture', 'Remote sensing', 'Satellite', 'Soil science', 'Hydrology (agriculture)', 'Meteorology', 'Geography', 'Geology']",[],4,96.0,99.0,0.67526094,49,,,,,1.0,3.0,,,,4976
https://openalex.org/W4391517601,Exploring alternative crop rotations to continuous winter wheat for agricultural intensification in the US central Great Plains,2024-02-03,2024,article,Target_author,Ciampitti,58,219,last,True,20,Agricultural Systems,Elsevier BV,False,closed,Crop Yield and Soil Fertility,Agronomy and Crop Science,Agricultural and Biological Sciences,Life Sciences,"['Cropping', 'Monoculture', 'Crop rotation', 'Cropping system', 'Agriculture']","['Cropping', 'Monoculture', 'Crop rotation', 'Cropping system', 'Agriculture', 'Productivity', 'Context (archaeology)', 'Agronomy', 'Environmental science', 'Forage', 'Mathematics', 'Crop yield', 'Rainfed agriculture', 'Precipitation', 'Crop', 'Agricultural engineering', 'Agroforestry', 'Geography', 'Biology', 'Economics', 'Ecology', 'Engineering']",['Zero hunger'],4,90.0,99.0,0.85350066,112,,,,,1.0,2.0,1.0,,,7582
https://openalex.org/W4404861550,Effective Nitrogen Use in Wheat: A Multi‐Environment Trial Comparison of Nitrogen Utilization Efficiency Versus Nutrition Index,2024-11-29,2024,article,Target_author,Ciampitti,58,219,last,True,5,Plant Breeding,Wiley,False,closed,Plant nutrient uptake and metabolism,Plant Science,Agricultural and Biological Sciences,Life Sciences,"['Nitrogen', 'Biology', 'Index (typography)', 'Agronomy', 'Chemistry']","['Nitrogen', 'Biology', 'Index (typography)', 'Agronomy', 'Chemistry', 'Computer science']",['Zero hunger'],4,95.0,100.0,0.90347991,57,,,,,2.0,2.0,,,,7582
https://openalex.org/W4383314812,Improved quantification of cover crop biomass and ecosystem services through remote sensing-based model–data fusion,2023-07-06,2023,article,Target_author,Kaiyu,69,156,middle,True,11,Environmental Research Letters,IOP Publishing,True,gold,Soil Carbon and Nitrogen Dynamics,Soil Science,Agricultural and Biological Sciences,Life Sciences,"['Environmental science', 'Cover crop', 'Biomass (ecology)', 'Agroecosystem', 'Remote sensing']","['Environmental science', 'Cover crop', 'Biomass (ecology)', 'Agroecosystem', 'Remote sensing', 'Mean squared error', 'Leaching (pedology)', 'Agricultural engineering', 'Soil science', 'Agronomy', 'Soil water', 'Agroforestry', 'Mathematics', 'Statistics', 'Ecology', 'Engineering', 'Geography']",['Life in Land'],4,94.0,96.0,0.71028997,41,,,,,2.0,2.0,,,,10358
https://openalex.org/W4395694831,Within‐field soil moisture variability and time‐invariant spatial structures of agricultural fields in the US Midwest,2024-04-26,2024,article,Target_author,Kaiyu,69,156,middle,True,7,Vadose Zone Journal,Soil Science Society of America,True,gold,Soil Moisture and Remote Sensing,Environmental Engineering,Environmental Science,Physical Sciences,"['Water content', 'Environmental science', 'Moisture', 'Remote sensing', 'Satellite']","['Water content', 'Environmental science', 'Moisture', 'Remote sensing', 'Satellite', 'Soil science', 'Hydrology (agriculture)', 'Meteorology', 'Geography', 'Geology']",[],4,96.0,99.0,0.67526094,49,,,,,1.0,3.0,,,,10358
https://openalex.org/W4403585229,Evaluation of average leaf inclination angle quantified by indirect optical instruments in crop fields,2024-10-21,2024,article,Target_author,Kaiyu,69,156,middle,True,6,International Journal of Applied Earth Observation and Geoinformation,Elsevier BV,True,gold,Leaf Properties and Growth Measurement,Plant Science,Agricultural and Biological Sciences,Life Sciences,"['Crop', 'Geography', 'Inclination angle', 'Environmental science', 'Mathematics']","['Crop', 'Geography', 'Inclination angle', 'Environmental science', 'Mathematics', 'Forestry', 'Geometry']",['Zero hunger'],4,96.0,99.0,0.89523116,50,,,,,1.0,3.0,,,,10358
https://openalex.org/W3049387219,Agronomic data and the coronavirus epidemic,2020-04-01,2020,article,Target_author,Hoogenboom,93,467,first,True,1,The Journal of Agricultural Science,Cambridge University Press,False,closed,COVID-19 Pandemic Impacts,Economics and Econometrics,"Economics, Econometrics and Finance",Social Sciences,"['Content (measure theory)', 'Coronavirus disease 2019 (COVID-19)', 'Coronavirus', 'Severe acute respiratory syndrome coronavirus 2 (SARS-CoV-2)', 'Computer science']","['Content (measure theory)', 'Coronavirus disease 2019 (COVID-19)', 'Coronavirus', 'Severe acute respiratory syndrome coronavirus 2 (SARS-CoV-2)', 'Computer science', '2019-20 coronavirus outbreak', 'Action (physics)', 'Virology', 'Biology', 'Mathematics', 'Medicine', 'Physics']",['Zero hunger'],4,89.0,95.0,0.85619188,0,,,,1.0,,2.0,1.0,,,8833
https://openalex.org/W3183974221,Cover crop and early nitrogen management for common bean in a tropical no‐till system,2021-07-26,2021,article,Target_author,Ciampitti,58,219,last,True,7,Agronomy Journal,Wiley,True,green,Legume Nitrogen Fixing Symbiosis,Plant Science,Agricultural and Biological Sciences,Life Sciences,"['Cover crop', 'Agronomy', 'Phaseolus', 'Crop', 'Crop rotation']","['Cover crop', 'Agronomy', 'Phaseolus', 'Crop', 'Crop rotation', 'Biology']",['Zero hunger'],4,89.0,95.0,0.77404688,48,,,1.0,1.0,1.0,1.0,,,,7582
https://openalex.org/W4414452840,Understanding rates of genetic gain in sorghum [ <i>Sorghum bicolor</i>  (L.) Moench] in the United States,2025-09-01,2025,article,Target_author,Messina,53,97,last,True,7,The Plant Genome,Crop Science Society of America,True,gold,Bioenergy crop production and management,Agronomy and Crop Science,Agricultural and Biological Sciences,Life Sciences,"['Sorghum', 'Biology', 'Germplasm', 'Agronomy', 'Genetic gain']","['Sorghum', 'Germplasm', 'Genetic gain', 'Hybrid', 'Agriculture', 'Plant breeding', 'Crop', 'Adaptation (eye)', 'Sweet sorghum', 'Abiotic component']",[],3,99.0,100.0,0.96073673,88,,,,,,3.0,,,,3276
https://openalex.org/W4406609890,A model-data fusion approach for quantifying the carbon budget in cotton agroecosystems across the United States,2025-01-20,2025,article,Target_author,Kaiyu,69,156,middle,True,11,Agricultural and Forest Meteorology,Elsevier BV,True,hybrid,Soil Carbon and Nitrogen Dynamics,Soil Science,Agricultural and Biological Sciences,Life Sciences,"['Agroecosystem', 'Environmental science', 'Ecology', 'Agriculture', 'Biology']","['Agroecosystem', 'Environmental science', 'Ecology', 'Agriculture', 'Biology']",['Zero hunger'],3,95.0,98.0,0.90253318,65,,,,,,1.0,2.0,,,10358
https://openalex.org/W4401016163,"Soybean seed yield, protein, and oil concentration for a modern and old genotype under varying row spacings",2024-07-26,2024,article,Target_author,Ciampitti,58,219,last,True,4,Heliyon,Elsevier BV,True,gold,Soybean genetics and cultivation,Plant Science,Agricultural and Biological Sciences,Life Sciences,"['Yield (engineering)', 'Genotype', 'Agronomy', 'Mathematics', 'Biology']","['Yield (engineering)', 'Genotype', 'Agronomy', 'Mathematics', 'Biology', 'Biotechnology', 'Materials science', 'Genetics', 'Composite material', 'Gene']",['Zero hunger'],3,95.0,99.0,0.86711508,42,,,,,1.0,2.0,,,,7582
https://openalex.org/W4411405744,"Maize breeding and increases in plant density have decreased root nitrogen concentration, but increased CN ratio and root nitrogen uptake",2025-06-18,2025,article,Target_author,Archontoulis,53,121,last,True,4,European Journal of Agronomy,Elsevier BV,False,closed,Crop Yield and Soil Fertility,Agronomy and Crop Science,Agricultural and Biological Sciences,Life Sciences,"['Nitrogen', 'Agronomy', 'Plant density', 'Chemistry', 'Biology']","['Nitrogen', 'Agronomy', 'Plant density', 'Chemistry', 'Biology', 'Sowing']",['Zero hunger'],3,95.0,99.0,0.9573913,89,,,,,,1.0,2.0,,,5318
https://openalex.org/W4390611648,Management interventions of pearl millet systems for attaining cereal self-sufficiency in Senegal,2024-01-05,2024,article,Target_author,Ciampitti,58,219,last,True,8,Frontiers in Sustainable Food Systems,Frontiers Media,True,gold,Climate change impacts on agriculture,"Ecology, Evolution, Behavior and Systematics",Agricultural and Biological Sciences,Life Sciences,"['Pennisetum', 'Yield gap', 'Pearl', 'Food security', 'Agronomy']","['Pennisetum', 'Yield gap', 'Pearl', 'Food security', 'Agronomy', 'Agriculture', 'Environmental science', 'Crop simulation model', 'Production (economics)', 'Productivity', 'Crop', 'Agricultural science', 'Agricultural engineering', 'Business', 'Geography', 'Engineering', 'Biology', 'Economics']",['Zero hunger'],3,94.0,99.0,0.89774515,58,,,,,1.0,,2.0,,,7582
https://openalex.org/W4414159133,Genetic improvement in grain yield and kernel traits of 103- vs. 111-day maize hybrids,2025-09-08,2025,article,Target_author,Archontoulis,53,121,last,True,6,Field Crops Research,Elsevier BV,False,closed,Crop Yield and Soil Fertility,Agronomy and Crop Science,Agricultural and Biological Sciences,Life Sciences,"['Hybrid', 'Agronomy', 'Yield (engineering)', 'Grain yield', 'Kernel (algebra)']","['Hybrid', 'Yield (engineering)', 'Grain yield', 'Kernel (algebra)', 'Trait', 'Test weight', 'Crop', 'Crop yield']",[],3,91.0,99.0,0.95580253,78,,,,,,2.0,1.0,,,5318
https://openalex.org/W4386314782,"Determination of water-soluble carbohydrates by near-infrared spectroscopy for canola, maize, and sorghum stem fractions",2023-08-31,2023,article,Target_author,Ciampitti,58,219,last,True,6,Spectrochimica Acta Part A Molecular and Biomolecular Spectroscopy,Elsevier BV,False,closed,Spectroscopy and Chemometric Analyses,Analytical Chemistry,Chemistry,Physical Sciences,"['Canola', 'Sorghum', 'Brassica', 'Agronomy', 'Partial least squares regression']","['Canola', 'Sorghum', 'Brassica', 'Agronomy', 'Partial least squares regression', 'Crop', 'Coefficient of determination', 'Sweet sorghum', 'Chemistry', 'Mathematics', 'Biology']",['Clean water and sanitation'],3,96.0,97.0,0.56283245,38,,,,,3.0,,,,,7582
https://openalex.org/W4408379958,DP202216 maize hybrids shift upper limit of C and N partitioning to grain,2025-03-12,2025,article,Target_author,Ciampitti,58,219,last,True,9,Frontiers in Plant Science,Frontiers Media,True,gold,Crop Yield and Soil Fertility,Agronomy and Crop Science,Agricultural and Biological Sciences,Life Sciences,"['Hybrid', 'Zea mays', 'Nitrogen', 'Agronomy', 'Biomass (ecology)']","['Hybrid', 'Zea mays', 'Nitrogen', 'Agronomy', 'Biomass (ecology)', 'Horticulture', 'Biomass partitioning', 'Biology', 'Chemistry']",[],3,91.0,99.0,0.94725894,35,,,,,,2.0,1.0,,,7582
https://openalex.org/W4387454133,Data integration dashboard for assessing and planning sustainable intensification agricultural interventions: a case study in Senegal,2023-10-09,2023,article,Target_author,Ciampitti,58,219,last,True,6,Frontiers in Sustainable Food Systems,Frontiers Media,True,gold,Agricultural Innovations and Practices,General Agricultural and Biological Sciences,Agricultural and Biological Sciences,Life Sciences,"['Dashboard', 'Implementation', 'Agriculture', 'Computer science', 'Sustainable agriculture']","['Dashboard', 'Implementation', 'Agriculture', 'Computer science', 'Sustainable agriculture', 'Open data', 'Data science', 'Scale (ratio)', 'Sustainability', 'Sustainable development', 'Precision agriculture', 'Environmental economics', 'Process management', 'Business', 'Geography', 'World Wide Web', 'Political science', 'Economics', 'Software engineering', 'Cartography']",['Zero hunger'],3,90.0,96.0,0.89991526,63,,,,,2.0,1.0,,,,7582
https://openalex.org/W4407266194,Spatio-temporal yield variation and precipitation within a field,2025-02-06,2025,article,Target_author,Ciampitti,58,219,last,True,7,Computers and Electronics in Agriculture,Elsevier BV,False,closed,Precipitation Measurement and Analysis,Atmospheric Science,Earth and Planetary Sciences,Physical Sciences,"['Variation (astronomy)', 'Field (mathematics)', 'Precipitation', 'Yield (engineering)', 'Environmental science']","['Variation (astronomy)', 'Field (mathematics)', 'Precipitation', 'Yield (engineering)', 'Environmental science', 'Atmospheric sciences', 'Meteorology', 'Geography', 'Geology', 'Mathematics', 'Materials science', 'Physics']",['Climate action'],3,96.0,97.0,0.92294447,75,,,,,,,3.0,,,7582
https://openalex.org/W4404494993,Incorporating environmental stress improves estimation of photosynthesis from NIRvP in US Great Plains pasturelands and Midwest croplands,2024-11-15,2024,article,Target_author,Kaiyu,69,156,middle,True,8,Remote Sensing of Environment,Elsevier BV,False,closed,Plant Water Relations and Carbon Dynamics,Global and Planetary Change,Environmental Science,Physical Sciences,"['Environmental science', 'Remote sensing', 'Estimation', 'Geography', 'Management']","['Environmental science', 'Remote sensing', 'Estimation', 'Geography']",['Zero hunger'],3,90.0,96.0,0.73189737,163,,,,,,2.0,1.0,,,10358
https://openalex.org/W4417526026,How do Hydrological Variability and Human Activities Control the Spatiotemporal Changes of Riverine Nitrogen Export in the Upper Mississippi River Basin?,2025-12-20,2025,article,Target_author,Kaiyu,69,156,last,True,11,Environmental Science & Technology,American Chemical Society,False,closed,Soil and Water Nutrient Dynamics,Environmental Chemistry,Environmental Science,Physical Sciences,"['Environmental science', 'Eutrophication', 'Watershed', 'Water quality', 'Hydrology (agriculture)']","['Eutrophication', 'Watershed', 'Water quality', 'Hydrology (agriculture)', 'Hypoxia (environmental)', 'Drainage basin', 'Agriculture', 'Nitrate', 'Nutrient', 'Nitrogen']",[],2,99.0,100.0,0.87829175,66,,,,,,2.0,,,,10358
https://openalex.org/W4399890698,Explicit Consideration of Plant Xylem Hydraulic Transport Improves the Simulation of Crop Response to Atmospheric Dryness in the U.S. Corn Belt,2024-06-01,2024,article,Target_author,Kaiyu,69,156,middle,True,5,Water Resources Research,Wiley,True,gold,Plant Water Relations and Carbon Dynamics,Global and Planetary Change,Environmental Science,Physical Sciences,"['Vapour Pressure Deficit', 'Transpiration', 'Xylem', 'Environmental science', 'Water content']","['Vapour Pressure Deficit', 'Transpiration', 'Xylem', 'Environmental science', 'Water content', 'Soil water', 'Dryness', 'Hydraulic conductivity', 'Stomatal conductance', 'Agronomy', 'Photosynthesis', 'Soil science', 'Horticulture', 'Botany', 'Biology', 'Engineering']",[],2,90.0,95.0,0.64856719,60,,,,,,1.0,1.0,,,10358
https://openalex.org/W4410763211,Embracing large language model (LLM) technologies in hydrology research,2025-05-27,2025,article,Target_author,Kaiyu,69,156,last,True,9,Environmental Research Water,,True,diamond,Natural Language Processing Techniques,Artificial Intelligence,Computer Science,Physical Sciences,"['Hydrology (agriculture)', 'Environmental science', 'Computer science', 'Geology', 'Geotechnical engineering']","['Hydrology (agriculture)', 'Environmental science', 'Computer science', 'Geology', 'Geotechnical engineering']",['Quality Education'],2,98.0,99.0,0.94755943,142,,,,,,2.0,,,,10358
https://openalex.org/W4403670039,Climate-adaptative management strategies for soybean production under ENSO scenarios in Southern Brazil: An in-silico analysis of crop failure risk,2024-10-24,2024,article,Target_author,Ciampitti,58,219,last,True,10,Agricultural Systems,Elsevier BV,True,hybrid,Climate change impacts on agriculture,"Ecology, Evolution, Behavior and Systematics",Agricultural and Biological Sciences,Life Sciences,"['El Niño Southern Oscillation', 'Production (economics)', 'Environmental science', 'Climatology', 'Crop production']","['El Niño Southern Oscillation', 'Production (economics)', 'Environmental science', 'Climatology', 'Crop production', 'Biology', 'Economics', 'Geology', 'Ecology', 'Agriculture']",['Climate action'],2,95.0,96.0,0.88525691,73,,,,,,2.0,,,,7582
https://openalex.org/W4414274189,Nighttime warming affects yields of major grain crops: A global meta-analysis,2025-09-17,2025,article,Target_author,Ciampitti,58,219,last,True,9,Field Crops Research,Elsevier BV,False,closed,Climate change impacts on agriculture,"Ecology, Evolution, Behavior and Systematics",Agricultural and Biological Sciences,Life Sciences,"['Environmental science', 'Global warming', 'Agronomy', 'Yield (engineering)', 'Crop']","['Global warming', 'Yield (engineering)', 'Crop', 'Climate change', 'Daytime', 'Crop yield', 'Greenhouse']",[],2,91.0,99.0,0.96394916,73,,,,,,1.0,1.0,,,7582
https://openalex.org/W4406335253,An in‐silico approach exploring sorghum source:sink balance across sorghum hybrids: How many leaves are enough?,2025-01-01,2025,article,Target_author,Ciampitti,58,219,last,True,6,Crop Science,Wiley,True,hybrid,Climate change impacts on agriculture,"Ecology, Evolution, Behavior and Systematics",Agricultural and Biological Sciences,Life Sciences,"['Sorghum', 'Hybrid', 'Agronomy', 'Biology', 'Sink (geography)']","['Sorghum', 'Hybrid', 'Agronomy', 'Biology', 'Sink (geography)', 'Crop', 'Sweet sorghum', 'Sorghum bicolor', 'Crop yield', 'Yield (engineering)']",['Zero hunger'],2,91.0,99.0,0.93612077,40,,,,,,1.0,1.0,,,7582
https://openalex.org/W4413208351,ENSO impacts on maize production: a case study in Argentina,2025-08-11,2025,article,Target_author,Ciampitti,58,219,middle,True,5,Agricultural and Forest Meteorology,Elsevier BV,False,closed,Crop Yield and Soil Fertility,Agronomy and Crop Science,Agricultural and Biological Sciences,Life Sciences,"['El Niño Southern Oscillation', 'Environmental science', 'Production (economics)', 'Biometeorology', 'Climatology']","['El Niño Southern Oscillation', 'Environmental science', 'Production (economics)', 'Biometeorology', 'Climatology', 'Geography', 'Agroforestry', 'Geology', 'Economics']",['Zero hunger'],2,91.0,99.0,0.92568645,42,,,,,,1.0,1.0,,,7582
https://openalex.org/W4414087137,Historical changes in maize light extinction coefficient and light capture due to breeding and plant density,2025-09-01,2025,article,Target_author,Archontoulis,53,121,last,True,5,Agronomy Journal,Wiley,True,hybrid,Crop Yield and Soil Fertility,Agronomy and Crop Science,Agricultural and Biological Sciences,Life Sciences,"['Interception', 'Canopy', 'Agronomy', 'Sowing', 'Environmental science']","['Interception', 'Canopy', 'Sowing', 'Crop', 'Hybrid', 'Molar absorptivity', 'Plant canopy']",[],2,91.0,99.0,0.93976376,44,,,,,,1.0,1.0,,,5318
https://openalex.org/W4391326056,Overview of the special issue on oil palm sustainable intensification,2024-01-29,2024,article,Target_author,Grassini,56,106,first,True,2,Agricultural Systems,Elsevier BV,True,green,Oil Palm Production and Sustainability,Ecology,Environmental Science,Physical Sciences,"['Palm oil', 'Palm', 'Environmental science', 'Computer science', 'Agroforestry']","['Palm oil', 'Palm', 'Environmental science', 'Computer science', 'Agroforestry', 'Physics']",['Responsible consumption and production'],2,95.0,96.0,0.74166884,30,,,,,,2.0,,,,3977
https://openalex.org/W4395020840,Accurate measurement of field size is essential for analysis of smallholder survey data,2024-04-22,2024,article,Target_author,Grassini,56,106,last,True,10,Field Crops Research,Elsevier BV,True,hybrid,Rangeland and Wildlife Management,Ecology,Environmental Science,Physical Sciences,"['Field (mathematics)', 'Field survey', 'Statistics', 'Agricultural engineering', 'Environmental science']","['Field (mathematics)', 'Field survey', 'Statistics', 'Agricultural engineering', 'Environmental science', 'Computer science', 'Mathematics', 'Geography', 'Cartography', 'Engineering']",['Zero hunger'],2,95.0,96.0,0.75190335,41,,,,,,2.0,,,,3977
https://openalex.org/W4408925666,"Soil Organic Matter and Biochar Effects on Soil Water: Measurements, Pedotransfer Functions and <scp>APSIM</scp> Simulations",2025-03-01,2025,article,Target_author,Archontoulis,53,121,middle,True,3,European Journal of Soil Science,Wiley,True,hybrid,Soil Carbon and Nitrogen Dynamics,Soil Science,Agricultural and Biological Sciences,Life Sciences,"['Pedotransfer function', 'Biochar', 'Environmental science', 'Soil science', 'Soil water']","['Pedotransfer function', 'Biochar', 'Environmental science', 'Soil science', 'Soil water', 'Organic matter', 'Bulk density', 'Soil organic matter', 'Hydrology (agriculture)', 'Agronomy', 'Chemistry', 'Hydraulic conductivity', 'Geotechnical engineering', 'Geology', 'Pyrolysis']",[],2,98.0,99.0,0.87222161,62,,,,,,2.0,,,,5318
https://openalex.org/W4412799782,Chickpea (Cicer arietinum L.) battling against heat stress: plant breeding and genomics advances,2025-07-31,2025,review,Target_author,Vara Prasad,93,359,middle,True,11,Plant Molecular Biology,Springer Science+Business Media,False,closed,Genetic and Environmental Crop Studies,Plant Science,Agricultural and Biological Sciences,Life Sciences,"['Biology', 'Heat stress', 'Genomics', 'Biotechnology', 'Botany']","['Biology', 'Heat stress', 'Genomics', 'Biotechnology', 'Botany', 'Plant breeding', 'Agronomy', 'Genome', 'Genetics', 'Gene']",['Zero hunger'],2,91.0,99.0,0.92214528,120,,,,,,1.0,1.0,,,13299
https://openalex.org/W4417526026,How do Hydrological Variability and Human Activities Control the Spatiotemporal Changes of Riverine Nitrogen Export in the Upper Mississippi River Basin?,2025-12-20,2025,article,Target_author,Peng,40,71,middle,True,11,Environmental Science & Technology,American Chemical Society,False,closed,Soil and Water Nutrient Dynamics,Environmental Chemistry,Environmental Science,Physical Sciences,"['Environmental science', 'Eutrophication', 'Watershed', 'Water quality', 'Hydrology (agriculture)']","['Eutrophication', 'Watershed', 'Water quality', 'Hydrology (agriculture)', 'Hypoxia (environmental)', 'Drainage basin', 'Agriculture', 'Nitrate', 'Nutrient', 'Nitrogen']",[],2,99.0,100.0,0.87829175,66,,,,,,2.0,,,,4976
https://openalex.org/W4410763211,Embracing large language model (LLM) technologies in hydrology research,2025-05-27,2025,article,Target_author,Peng,40,71,middle,True,9,Environmental Research Water,,True,diamond,Natural Language Processing Techniques,Artificial Intelligence,Computer Science,Physical Sciences,"['Hydrology (agriculture)', 'Environmental science', 'Computer science', 'Geology', 'Geotechnical engineering']","['Hydrology (agriculture)', 'Environmental science', 'Computer science', 'Geology', 'Geotechnical engineering']",['Quality Education'],2,98.0,99.0,0.94755943,142,,,,,,2.0,,,,4976
https://openalex.org/W4402692342,Soybean yield and seed quality in equidistant versus non‐equidistant plant arrangements under different densities,2024-09-19,2024,article,Target_author,Ciampitti,58,219,last,True,9,Crop Science,Wiley,True,hybrid,Soybean genetics and cultivation,Plant Science,Agricultural and Biological Sciences,Life Sciences,"['Equidistant', 'Biology', 'Yield (engineering)', 'Plant density', 'Agronomy']","['Equidistant', 'Biology', 'Yield (engineering)', 'Plant density', 'Agronomy', 'Quality (philosophy)', 'Mathematics', 'Geometry', 'Sowing', 'Materials science', 'Physics']",[],2,95.0,96.0,0.84307999,52,,,,,,2.0,,,,7582
https://openalex.org/W4412430210,Detecting the onset of rice field inundation in the Lower Mississippi River Basin via Harmonized Landsat Sentinel-2 (HLS) satellite time series,2025-07-15,2025,article,Target_author,Kaiyu,69,156,middle,True,9,ISPRS Journal of Photogrammetry and Remote Sensing,Elsevier BV,False,closed,Rice Cultivation and Yield Improvement,Plant Science,Agricultural and Biological Sciences,Life Sciences,"['Remote sensing', 'Satellite', 'Environmental science', 'Series (stratigraphy)', 'Hydrology (agriculture)']","['Remote sensing', 'Satellite', 'Environmental science', 'Series (stratigraphy)', 'Hydrology (agriculture)', 'Satellite imagery', 'Drainage basin', 'Time series', 'Structural basin', 'Geology', 'Geomorphology', 'Geography', 'Cartography', 'Computer science', 'Engineering']",[],2,98.0,99.0,0.92313476,73,,,,,,2.0,,,,10358
https://openalex.org/W3120115652,Evaluating high‐resolution optical and thermal reflectance of maize interseeded with cover crops across spatial scales using remotely sensed imagery,2021-01-10,2021,article,Target_author,Basso,70,193,last,True,4,Agronomy Journal,Wiley,True,hybrid,Remote Sensing in Agriculture,Ecology,Environmental Science,Physical Sciences,"['Canopy', 'Agronomy', 'Multispectral image', 'Normalized Difference Vegetation Index', 'Cover crop']","['Canopy', 'Agronomy', 'Multispectral image', 'Normalized Difference Vegetation Index', 'Cover crop', 'Growing season', 'Environmental science', 'Seeding', 'Remote sensing', 'Agrostis stolonifera', 'Sowing', 'Biology', 'Poaceae', 'Leaf area index', 'Botany', 'Geography']",['Life in Land'],1,89.0,94.0,0.5431283,32,,,,,1.0,,,,,5518
https://openalex.org/W4211153772,Boosting climate change mitigation potential of perennial lignocellulosic crops grown on marginal lands,2022-02-09,2022,article,Target_author,Basso,70,193,middle,True,3,Environmental Research Letters,IOP Publishing,True,gold,Bioenergy crop production and management,Agronomy and Crop Science,Agricultural and Biological Sciences,Life Sciences,"['Greenhouse gas', 'Environmental science', 'Panicum virgatum', 'Cellulosic ethanol', 'Biofuel']","['Greenhouse gas', 'Environmental science', 'Panicum virgatum', 'Cellulosic ethanol', 'Biofuel', 'Fossil fuel', 'Soil carbon', 'Climate change', 'Agronomy', 'Energy crop', 'Carbon sequestration', 'Marginal land', 'Climate change mitigation', 'Bioenergy', 'Agroforestry', 'Production (economics)', 'Nitrogen', 'Soil water', 'Economics', 'Soil science', 'Biotechnology', 'Ecology', 'Cellulose']",['Climate action'],1,89.0,94.0,0.4852714,0,,,,,,,1.0,,,5518
https://openalex.org/W4390971118,Rules get in the way of farmer cooperation: How Digital Agriculture could change the nature of the game in the Food-Energy-Water-Climate Nexus,2024-01-18,2024,article,Target_author,Basso,70,193,last,True,3,PLOS Sustainability and Transformation,Public Library of Science,True,gold,Water-Energy-Food Nexus Studies,Water Science and Technology,Environmental Science,Physical Sciences,"['Nexus (standard)', 'Agriculture', 'Climate change', 'Natural resource economics', 'Energy (signal processing)']","['Nexus (standard)', 'Agriculture', 'Climate change', 'Natural resource economics', 'Energy (signal processing)', 'Business', 'Food energy', 'Environmental economics', 'Environmental science', 'Economics', 'Geography', 'Computer science', 'Ecology', 'Mathematics', 'Chemistry']","['Climate action', 'Zero hunger']",1,90.0,94.0,0.49969487,12,,,,,,,1.0,,,5518
https://openalex.org/W4403634962,Incorporating changes in land surface temperature improves BESS evapotranspiration estimates under water-deficit conditions: A case study for US Midwest and Great Plains grasslands,2024-10-22,2024,article,Target_author,Kaiyu,69,156,middle,True,6,Journal of Hydrology,Elsevier BV,False,closed,Plant Water Relations and Carbon Dynamics,Global and Planetary Change,Environmental Science,Physical Sciences,"['Evapotranspiration', 'Environmental science', 'Hydrology (agriculture)', 'Climatology', 'Geology']","['Evapotranspiration', 'Environmental science', 'Hydrology (agriculture)', 'Climatology', 'Geology', 'Ecology']",['Clean water and sanitation'],1,96.0,99.0,0.5885429,78,,,,,1.0,,,,,10358
https://openalex.org/W4409769523,"A Unified Framework to Reconcile Different Approaches of Modeling Transpiration Response to Water Stress: Plant Hydraulics, Supply Demand Balance, and Empirical Soil Water Stress Function",2025-04-01,2025,article,Target_author,Kaiyu,69,156,middle,True,15,Journal of Advances in Modeling Earth Systems,Wiley,True,gold,Plant Water Relations and Carbon Dynamics,Global and Planetary Change,Environmental Science,Physical Sciences,"['Transpiration', 'Hydraulics', 'Water balance', 'Environmental science', 'Water stress']","['Transpiration', 'Hydraulics', 'Water balance', 'Environmental science', 'Water stress', 'Balance (ability)', 'Function (biology)', 'Material balance', 'Hydrology (agriculture)', 'Geotechnical engineering', 'Geology', 'Chemistry', 'Process engineering', 'Engineering', 'Agronomy']",[],1,91.0,95.0,0.76023898,87,,,,,,,1.0,,,10358
https://openalex.org/W4413143773,RETRACTED: Knowledge-guided machine learning captures key mechanistic pathways for better predicting spatio-temporal patterns of growing season N2O emissions in the U.S. Midwest,2025-08-09,2025,article,Target_author,Kaiyu,69,156,last,True,12,Agricultural and Forest Meteorology,Elsevier BV,True,hybrid,Atmospheric and Environmental Gas Dynamics,Global and Planetary Change,Environmental Science,Physical Sciences,"['Key (lock)', 'Machine learning', 'Environmental science', 'Artificial intelligence', 'Computer science']","['Key (lock)', 'Machine learning', 'Environmental science', 'Artificial intelligence', 'Computer science']",['Climate action'],1,91.0,95.0,0.80954469,79,,,,,,,1.0,,,10358
https://openalex.org/W4416531502,Impact of vertical and seasonal variation in leaf traits on simulating soybean canopy photosynthesis via 1D and 3D modeling,2025-11-22,2025,article,Target_author,Kaiyu,69,156,middle,True,7,Agricultural and Forest Meteorology,Elsevier BV,True,hybrid,Plant Water Relations and Carbon Dynamics,Global and Planetary Change,Environmental Science,Physical Sciences,"['Canopy', 'Atmospheric sciences', 'Seasonality', 'Environmental science', 'Photosynthesis']","['Canopy', 'Seasonality', 'Photosynthesis', 'Growing season', 'Photosynthetic capacity', 'Carbon cycle', 'Variation (astronomy)', 'Productivity']",[],1,91.0,95.0,0.8440268,82,,,,,,,1.0,,,10358
https://openalex.org/W4407415815,An enhanced genetics × environment × management framework for yield intensification,2025-02-12,2025,article,Target_author,Grassini,56,106,last,True,3,Nature Food,Nature Portfolio,True,bronze,Genetics and Plant Breeding,Plant Science,Agricultural and Biological Sciences,Life Sciences,"['Yield (engineering)', 'Biology', 'Genetics', 'Computational biology', 'Biotechnology']","['Yield (engineering)', 'Biology', 'Genetics', 'Computational biology', 'Biotechnology', 'Materials science']",[],1,91.0,95.0,0.82735046,10,,,,,,,1.0,,,3977
https://openalex.org/W4402720417,"Pearl millet phenology assessment: An integration of field, a review, and in silico approach",2024-09-22,2024,article,Target_author,Ciampitti,58,219,last,True,9,Crop Science,Wiley,True,green,Remote Sensing in Agriculture,Ecology,Environmental Science,Physical Sciences,"['Biology', 'Phenology', 'Pennisetum', 'photoperiodism', 'Context (archaeology)']","['Biology', 'Phenology', 'Pennisetum', 'photoperiodism', 'Context (archaeology)', 'Agronomy', 'Horticulture']",['Zero hunger'],1,90.0,94.0,0.70475268,92,,,,,,,1.0,,,7582
https://openalex.org/W3042970058,Spatial variation of soybean seed yield and nutrient requirement in Northeast China,2020-07-17,2020,article,Target_author,Ciampitti,58,219,last,True,5,Crop Science,Wiley,False,closed,Soybean genetics and cultivation,Plant Science,Agricultural and Biological Sciences,Life Sciences,"['Nutrient', 'Fertilizer', 'Agronomy', 'Yield (engineering)', 'Environmental science']","['Nutrient', 'Fertilizer', 'Agronomy', 'Yield (engineering)', 'Environmental science', 'Precipitation', 'Growing season', 'Nutrient management', 'Crop yield', 'Human fertilization', 'Dry season', 'Crop', 'Biology', 'Ecology', 'Geography', 'Meteorology']",[],1,89.0,93.0,0.6855448,30,,,,,,1.0,,,,7582
https://openalex.org/W4404509248,Yield determination of temperate maize hybrids with different end‐uses: An ecophysiological analysis,2024-11-18,2024,article,Target_author,Ciampitti,58,219,middle,True,7,Crop Science,Wiley,True,bronze,Crop Yield and Soil Fertility,Agronomy and Crop Science,Agricultural and Biological Sciences,Life Sciences,"['Biology', 'Hybrid', 'Temperate climate', 'Yield (engineering)', 'Agronomy']","['Biology', 'Hybrid', 'Temperate climate', 'Yield (engineering)', 'Agronomy', 'Ecology']",[],1,91.0,95.0,0.72807869,65,,,,,,1.0,,,,7582
https://openalex.org/W4407063959,A digital interactive decision dashboard for crop yield trials,2025-02-01,2025,article,Target_author,Ciampitti,58,219,last,True,8,Computers and Electronics in Agriculture,Elsevier BV,False,closed,Smart Agriculture and AI,Plant Science,Agricultural and Biological Sciences,Life Sciences,"['Dashboard', 'Yield (engineering)', 'Crop', 'Computer science', 'Decision support system']","['Dashboard', 'Yield (engineering)', 'Crop', 'Computer science', 'Decision support system', 'Agricultural engineering', 'Engineering', 'Data science', 'Artificial intelligence', 'Agronomy', 'Biology']",['Zero hunger'],1,91.0,95.0,0.83431875,13,,,,,,,1.0,,,7582
https://openalex.org/W4409769523,"A Unified Framework to Reconcile Different Approaches of Modeling Transpiration Response to Water Stress: Plant Hydraulics, Supply Demand Balance, and Empirical Soil Water Stress Function",2025-04-01,2025,article,Target_author,Peng,40,71,middle,True,15,Journal of Advances in Modeling Earth Systems,Wiley,True,gold,Plant Water Relations and Carbon Dynamics,Global and Planetary Change,Environmental Science,Physical Sciences,"['Transpiration', 'Hydraulics', 'Water balance', 'Environmental science', 'Water stress']","['Transpiration', 'Hydraulics', 'Water balance', 'Environmental science', 'Water stress', 'Balance (ability)', 'Function (biology)', 'Material balance', 'Hydrology (agriculture)', 'Geotechnical engineering', 'Geology', 'Chemistry', 'Process engineering', 'Engineering', 'Agronomy']",[],1,91.0,95.0,0.76023898,87,,,,,,,1.0,,,4976
https://openalex.org/W4407112551,Mining of Candidate Novel Alleles Using <scp>GWAS</scp> and Haplotype Identification for Rice Blast Resistance,2025-02-02,2025,article,Target_author,Vara Prasad,93,359,last,True,13,Plant Pathology,Wiley,True,bronze,Genetic Mapping and Diversity in Plants and Animals,Genetics,"Biochemistry, Genetics and Molecular Biology",Life Sciences,"['Biology', 'Haplotype', 'Allele', 'Genetics', 'Identification (biology)']","['Biology', 'Haplotype', 'Allele', 'Genetics', 'Identification (biology)', 'Genome-wide association study', 'Computational biology', 'Single-nucleotide polymorphism', 'Genotype', 'Gene', 'Botany']",[],1,91.0,95.0,0.8187703,60,,,,,,,1.0,,,13299
https://openalex.org/W4416129145,Honouring Professor Dr. Julian Wiseman: 27 years service as senior editor &amp; editor-in-chief for ‘Animal Science’ for <i>The Journal of Agricultural Science Cambridge</i>,2025-11-12,2025,article,Target_author,Hoogenboom,93,467,first,True,3,The Journal of Agricultural Science,Cambridge University Press,True,bronze,Helminth infection and control,Small Animals,Veterinary,Health Sciences,"['Service (business)', 'Library science', 'Management', 'Agriculture', 'Political science']","['Service (business)', 'Agriculture', 'Editor in chief']",[],1,96.0,99.0,0.90267241,0,,,,,,1.0,,,,8833
https://openalex.org/W4409066737,"Editorial for <i>The Journal of Agricultural Science</i>, Cambridge, January 2025",2025-02-01,2025,article,Target_author,Hoogenboom,93,467,first,True,5,The Journal of Agricultural Science,Cambridge University Press,True,bronze,Smart Agriculture and AI,Plant Science,Agricultural and Biological Sciences,Life Sciences,"['Agriculture', 'Library science', 'Regional science', 'Political science', 'Sociology']","['Agriculture', 'Library science', 'Regional science', 'Political science', 'Sociology', 'Geography', 'Computer science', 'Archaeology']",['Zero hunger'],1,91.0,95.0,0.84789421,0,,,,,,,1.0,,,8833
https://openalex.org/W4409870461,DSSAT modeling of oilseed flax (Linum usitatissimum L.): Sensitivity analysis of yield to weather variability and nitrogen application,2025-04-28,2025,article,Target_author,Hoogenboom,93,467,middle,True,15,Field Crops Research,Elsevier BV,True,hybrid,Rice Cultivation and Yield Improvement,Plant Science,Agricultural and Biological Sciences,Life Sciences,"['Linum', 'DSSAT', 'Yield (engineering)', 'Agronomy', 'Environmental science']","['Linum', 'DSSAT', 'Yield (engineering)', 'Agronomy', 'Environmental science', 'Nitrogen', 'Sensitivity (control systems)', 'Crop yield', 'Biology', 'Chemistry', 'Engineering', 'Materials science']",['Climate action'],1,91.0,95.0,0.85647601,52,,,,,,,1.0,,,8833
https://openalex.org/W4413426221,Influence of elevated temperature on the nutritional profile of Chickpea (Cicer arietinum L.) Seeds,2025-08-22,2025,article,Target_author,Vara Prasad,93,359,last,True,8,PLoS ONE,Public Library of Science,True,gold,Plant Micronutrient Interactions and Effects,Plant Science,Agricultural and Biological Sciences,Life Sciences,"['Biology', 'Agronomy', 'Horticulture']","['Biology', 'Agronomy', 'Horticulture']",[],1,97.0,99.0,0.87666396,61,,,,,,1.0,,,,13299
https://openalex.org/W4415096978,Metabolomic and lipidomic changes in heat-stressed chickpea seeds,2025-10-13,2025,article,Target_author,Vara Prasad,93,359,last,True,5,Frontiers in Plant Science,Frontiers Media,True,gold,Agricultural pest management studies,Plant Science,Agricultural and Biological Sciences,Life Sciences,"['Lipidomics', 'Metabolomics', 'Phosphatidic acid', 'Biochemistry', 'Phosphatidylethanolamine']","['Lipidomics', 'Metabolomics', 'Phosphatidic acid', 'Phosphatidylethanolamine', 'Metabolome', 'Glyoxylate cycle', 'Heat shock', 'Metabolic pathway', 'Lipid metabolism']",[],1,96.0,99.0,0.87974283,81,,,,,,1.0,,,,13299
https://openalex.org/W4414799892,Precrop payoffs: causal machine learning reveals large but variable yield benefits of crop rotation in major breadbaskets,2025-10-03,2025,article,Target_author,Lobell,112,269,last,True,3,Environmental Research Letters,IOP Publishing,True,gold,Agricultural Economics and Policy,General Agricultural and Biological Sciences,Agricultural and Biological Sciences,Life Sciences,"['Cropping', 'Crop rotation', 'Leverage (statistics)', 'Crop yield', 'Crop']","['Cropping', 'Crop rotation', 'Leverage (statistics)', 'Crop yield', 'Crop', 'Variable (mathematics)', 'Agriculture']",[],1,91.0,95.0,0.95397669,56,,,,,,,1.0,,,8518
https://openalex.org/W4412646929,Maize breeding strategies for increased grain yield and nitrogen use efficiency,2025-07-24,2025,article,Target_author,Archontoulis,53,121,last,True,5,Field Crops Research,Elsevier BV,False,closed,Crop Yield and Soil Fertility,Agronomy and Crop Science,Agricultural and Biological Sciences,Life Sciences,"['Agronomy', 'Grain yield', 'Yield (engineering)', 'Nitrogen', 'Environmental science']","['Agronomy', 'Grain yield', 'Yield (engineering)', 'Nitrogen', 'Environmental science', 'Agricultural engineering', 'Biology', 'Chemistry', 'Materials science', 'Engineering']",['Zero hunger'],1,97.0,99.0,0.86804348,58,,,,,,1.0,,,,5318
https://openalex.org/W4413426221,Influence of elevated temperature on the nutritional profile of Chickpea (Cicer arietinum L.) Seeds,2025-08-22,2025,article,Target_author,Ciampitti,58,219,middle,True,8,PLoS ONE,Public Library of Science,True,gold,Plant Micronutrient Interactions and Effects,Plant Science,Agricultural and Biological Sciences,Life Sciences,"['Biology', 'Agronomy', 'Horticulture']","['Biology', 'Agronomy', 'Horticulture']",[],1,97.0,99.0,0.87666396,61,,,,,,1.0,,,,7582
https://openalex.org/W4412107760,Economic and environmental performance of soybean-based cropping systems in the US Midwest,2025-07-08,2025,article,Target_author,Archontoulis,53,121,last,True,11,Agricultural Systems,Elsevier BV,False,closed,Crop Yield and Soil Fertility,Agronomy and Crop Science,Agricultural and Biological Sciences,Life Sciences,"['Cropping', 'Agricultural economics', 'Environmental science', 'Economics', 'Agriculture']","['Cropping', 'Agricultural economics', 'Environmental science', 'Economics', 'Agriculture', 'Geography', 'Archaeology']",['Zero hunger'],1,91.0,95.0,0.863,61,,,,,,,1.0,,,5318
https://openalex.org/W4415013158,Assessing in-season N response and recovery of maize from mild N stress,2025-10-10,2025,article,Target_author,Ciampitti,58,219,last,True,7,European Journal of Agronomy,Elsevier BV,True,hybrid,Crop Yield and Soil Fertility,Agronomy and Crop Science,Agricultural and Biological Sciences,Life Sciences,"['Sowing', 'Agronomy', 'Crop', 'Human fertilization', 'Yield (engineering)']","['Sowing', 'Crop', 'Human fertilization', 'Yield (engineering)', 'Leaf area index', 'Nitrogen', 'Zea mays', 'Crop yield']",[],0,,,0.37643814,49,,,,,,,,,,7582
https://openalex.org/W4415766692,Beyond NUE: A focus on true nitrogen gains in cereals,2025-11-01,2025,article,Target_author,Ciampitti,58,219,last,True,2,European Journal of Agronomy,Elsevier BV,True,hybrid,Soil Carbon and Nitrogen Dynamics,Soil Science,Agricultural and Biological Sciences,Life Sciences,"['Agronomy', 'Crop', 'Sorghum', 'Yield (engineering)', 'Crop yield']","['Crop', 'Sorghum', 'Yield (engineering)', 'Crop yield', 'Limiting', 'Agriculture', 'Hordeum vulgare', 'Fertilizer']",[],0,,,0.41852513,39,,,,,,,,,,7582
https://openalex.org/W4411327390,"Editorial for <i>The Journal of Agricultural Science</i> , Cambridge, January 2025 – CORRIGENDUM",2025-06-01,2025,erratum,Target_author,Hoogenboom,93,467,first,True,5,The Journal of Agricultural Science,Cambridge University Press,True,bronze,Genetically Modified Organisms Research,Plant Science,Agricultural and Biological Sciences,Life Sciences,"['Agriculture', 'Environmental science', 'Biology', 'Ecology']","['Agriculture', 'Environmental science', 'Biology', 'Ecology']",['Zero hunger'],0,,,0.10309147,1,,,,,,,,,,8833
https://openalex.org/W4206475047,Corrigendum to “Assessing the impacts of cover crops on maize and soybean yield in the U.S. Midwestern agroecosystems” [Field Crops Res. 273 (2021) 108264],2022-01-07,2022,erratum,Target_author,Kaiyu,69,156,middle,True,12,Field Crops Research,Elsevier BV,False,closed,Crop Yield and Soil Fertility,Agronomy and Crop Science,Agricultural and Biological Sciences,Life Sciences,"['Agroecosystem', 'Agronomy', 'Cover crop', 'Yield (engineering)', 'Environmental science']","['Agroecosystem', 'Agronomy', 'Cover crop', 'Yield (engineering)', 'Environmental science', 'Field (mathematics)', 'Field crop', 'Agroforestry', 'Biology', 'Agriculture', 'Mathematics', 'Ecology', 'Physics']",['Zero hunger'],0,,,0.00557408,0,,,,,,,,,,10358
https://openalex.org/W4411519657,Expected value method for a class of stochastic linear circular cone complementarity problems,2025-06-21,2025,article,Target_author,Kaiyu,69,156,first,True,2,Optimization Letters,Springer Science+Business Media,False,closed,Optimization and Variational Analysis,Computational Theory and Mathematics,Computer Science,Physical Sciences,"['Computational intelligence', 'Complementarity (molecular biology)', 'Mathematics', 'Cone (formal languages)', 'Class (philosophy)']","['Computational intelligence', 'Complementarity (molecular biology)', 'Mathematics', 'Cone (formal languages)', 'Class (philosophy)', 'Applied mathematics', 'Mathematical optimization', 'Computer science', 'Algorithm', 'Artificial intelligence', 'Genetics', 'Biology']",[],0,,,0.16259995,24,,,,,,,,,,10358
https://openalex.org/W4411715639,An upscaling approach for estimating field-level irrigation water use through the Budyko framework,2025-06-27,2025,article,Target_author,Kaiyu,69,156,middle,True,11,Journal of Hydrology,Elsevier BV,False,closed,Water resources management and optimization,Ocean Engineering,Engineering,Physical Sciences,"['Hydrology (agriculture)', 'Environmental science', 'Irrigation', 'Field (mathematics)', 'Water resource management']","['Hydrology (agriculture)', 'Environmental science', 'Irrigation', 'Field (mathematics)', 'Water resource management', 'Hydrological modelling', 'Water level', 'Geology', 'Mathematics', 'Geotechnical engineering', 'Climatology', 'Geography']",['Clean water and sanitation'],0,,,0.18939394,51,,,,,,,,,,10358
https://openalex.org/W4416527169,Transfer learning for improved crop yield predictions in a cross-scale pathway: a case study for Brazilian national soybean,2025-11-21,2025,article,Target_author,Kaiyu,69,156,middle,True,14,International Journal of Applied Earth Observation and Geoinformation,Elsevier BV,True,gold,Smart Agriculture and AI,Plant Science,Agricultural and Biological Sciences,Life Sciences,"['Transfer of learning', 'Yield (engineering)', 'Machine learning', 'Crop yield', 'Agriculture']","['Transfer of learning', 'Yield (engineering)', 'Crop yield', 'Agriculture', 'Crop', 'Scale (ratio)', 'Transfer (computing)']",[],0,,,0.27218223,36,,,,,,,,,,10358
https://openalex.org/W4416959039,"Multi-sensor assessment of phenology-based field-level cover cropping detection using satellite vegetation time series from Harmonized Landsat-8 and Sentinel-2, MODIS, and PlanetScope",2025-12-03,2025,article,Target_author,Kaiyu,69,156,middle,True,6,International Journal of Applied Earth Observation and Geoinformation,Elsevier BV,True,gold,Remote Sensing in Agriculture,Ecology,Environmental Science,Physical Sciences,"['Environmental science', 'Remote sensing', 'Cropping', 'Cover crop', 'Normalized Difference Vegetation Index']","['Cropping', 'Cover crop', 'Normalized Difference Vegetation Index', 'Satellite', 'Land cover', 'Agriculture', 'Vegetation (pathology)']",[],0,,,0.38072796,29,,,,,,,,,,10358
https://openalex.org/W4414477095,Clumping index estimation with 30°-tilted cameras in row crops: Evaluation of methods and segment size effects,2025-09-24,2025,article,Target_author,Kaiyu,69,156,middle,True,7,Agricultural and Forest Meteorology,Elsevier BV,False,closed,Leaf Properties and Growth Measurement,Plant Science,Agricultural and Biological Sciences,Life Sciences,"['TRAC', 'Context (archaeology)', 'Mean squared error', 'Leaf area index', 'Remote sensing']","['TRAC', 'Context (archaeology)', 'Mean squared error', 'Leaf area index', 'Calibration', 'Image resolution', 'Field (mathematics)', 'Radiative transfer', 'Digital camera']",[],0,,,0.1967503,52,,,,,,,,,,10358
https://openalex.org/W4414542507,Corrigendum to “An upscaling approach for estimating field-level irrigation water use through the Budyko framework” [J. Hydrol. 661 (2025) 133785],2025-09-26,2025,article,Target_author,Kaiyu,69,156,middle,True,11,Journal of Hydrology,Elsevier BV,False,closed,Water resources management and optimization,Ocean Engineering,Engineering,Physical Sciences,"['Environmental science', 'Water use', 'Irrigation', 'Hydrology (agriculture)', 'Water resource management']","['Water use', 'Irrigation', 'Hydrology (agriculture)', 'Hydrological modelling', 'Evapotranspiration']",[],0,,,0.34442652,0,,,,,,,,,,10358
https://openalex.org/W4415141934,The new insights of lactate in various kidney diseases,2025-01-01,2025,review,Target_author,Kaiyu,69,156,first,True,5,Expert Reviews in Molecular Medicine,Cambridge University Press,True,diamond,Metabolism and Genetic Disorders,Clinical Biochemistry,"Biochemistry, Genetics and Molecular Biology",Life Sciences,"['Medicine', 'Kidney', 'Intervention (counseling)', 'Bioinformatics', 'Kidney disease']","['Kidney', 'Intervention (counseling)', 'Kidney disease', 'MEDLINE', 'Kidney tubules']",[],0,,,0.3283767,0,,,,,,,,,,10358
https://openalex.org/W4410882982,Intensifying cropping sequences in the US Central Great Plains: an in silico analysis of a sorghum–wheat sequence,2025-05-30,2025,article,Target_author,Ciampitti,58,219,last,True,6,Frontiers in Plant Science,Frontiers Media,True,gold,Genetics and Plant Breeding,Plant Science,Agricultural and Biological Sciences,Life Sciences,"['Sorghum', 'In silico', 'Sequence (biology)', 'Cropping', 'Biology']","['Sorghum', 'In silico', 'Sequence (biology)', 'Cropping', 'Biology', 'Agronomy', 'Sequence analysis', 'Biotechnology', 'Geography', 'Genetics', 'Agriculture', 'Ecology', 'Gene']",[],0,,,0.08643867,60,,,,,,,,,,7582
https://openalex.org/W4402565296,<i>Crop Science</i> special issue: International Year of Millets,2024-09-17,2024,article,Target_author,Ciampitti,58,219,first,True,3,Crop Science,Wiley,False,closed,Seed and Plant Biochemistry,Food Science,Agricultural and Biological Sciences,Life Sciences,"['Biology', 'Crop', 'Agronomy', 'Biotechnology']","['Biology', 'Crop', 'Agronomy', 'Biotechnology']",['Zero hunger'],0,,,0.18297429,21,,,,,,,,,,7582
https://openalex.org/W4407763549,Leaf phosphorus concentration as a diagnostic tool for predicting grape composition in subtropical viticulture,2025-02-20,2025,article,Target_author,Ciampitti,58,219,middle,True,10,European Journal of Agronomy,Elsevier BV,False,closed,Horticultural and Viticultural Research,Plant Science,Agricultural and Biological Sciences,Life Sciences,"['Viticulture', 'Subtropics', 'Phosphorus', 'Agronomy', 'Composition (language)']","['Viticulture', 'Subtropics', 'Phosphorus', 'Agronomy', 'Composition (language)', 'Wine grape', 'Environmental science', 'Biology', 'Chemistry', 'Cultivar', 'Wine', 'Food science', 'Ecology']",['Zero hunger'],0,,,0.02151562,50,,,,,,,,,,7582
https://openalex.org/W4410845700,High-resolution mapping of orchard distribution across Italy,2025-05-29,2025,article,Target_author,Basso,70,193,last,True,7,Science of Remote Sensing,Elsevier BV,True,gold,Horticultural and Viticultural Research,Plant Science,Agricultural and Biological Sciences,Life Sciences,"['Orchard', 'Distribution (mathematics)', 'Geography', 'Physical geography', 'Resolution (logic)']","['Orchard', 'Distribution (mathematics)', 'Geography', 'Physical geography', 'Resolution (logic)', 'Cartography', 'Environmental science', 'Remote sensing', 'Computer science', 'Mathematics', 'Biology', 'Ecology', 'Artificial intelligence']",['Zero hunger'],0,,,0.08430522,100,,,,,,,,,,5518
https://openalex.org/W4414586888,Assessing tree root distributions using ground‐penetrating radar and machine learning algorithms,2025-09-28,2025,article,Target_author,Basso,70,193,last,True,4,Agrosystems Geosciences & Environment,Wiley,True,gold,Geophysical Methods and Applications,Ocean Engineering,Engineering,Physical Sciences,"['Artificial intelligence', 'Tree (set theory)', 'Canopy', 'Radar', 'Root (linguistics)']","['Tree (set theory)', 'Canopy', 'Radar', 'Root (linguistics)', 'Convolutional neural network', 'Process (computing)', 'Tree canopy']",[],0,,,0.34102291,72,,,,,,,,,,5518
https://openalex.org/W3200768313,Combining GEDI and Sentinel-2 for wall-to-wall mapping of tall and short crops,2021-11-02,2021,preprint,Target_author,Lobell,112,269,last,True,3,Environmental Research Letters,IOP Publishing,True,gold,Remote Sensing in Agriculture,Ecology,Environmental Science,Physical Sciences,"['Crop', 'Ground truth', 'Remote sensing', 'Environmental science', 'Geography']","['Crop', 'Ground truth', 'Remote sensing', 'Environmental science', 'Geography', 'Computer science', 'Artificial intelligence', 'Forestry']",['Zero hunger'],0,,,0.10201011,33,,,,,,,,,,8518
https://openalex.org/W4416767808,"Dynamic, high-resolution poverty measurement in data-scarce environments",2025-11-24,2025,article,Target_author,Lobell,112,269,last,True,8,Journal of Development Economics,Elsevier BV,False,closed,Impact of Light on Environment and Health,Global and Planetary Change,Environmental Science,Physical Sciences,"['Poverty', 'Livelihood', 'Census', 'Geospatial analysis', 'Computer science']","['Poverty', 'Livelihood', 'Census', 'Geospatial analysis', 'Data collection', 'Asset (computer security)', 'Deep learning']",[],0,,,0.35744033,25,,,,,,,,,,8518
https://openalex.org/W4416512387,Improving crop management can help Cambodia become a major rice exporter,2025-11-21,2025,article,Target_author,Grassini,56,106,last,True,9,Field Crops Research,Elsevier BV,False,closed,Rice Cultivation and Yield Improvement,Plant Science,Agricultural and Biological Sciences,Life Sciences,"['Yield gap', 'Yield (engineering)', 'Agriculture', 'Agronomy', 'Production (economics)']","['Yield gap', 'Yield (engineering)', 'Agriculture', 'Production (economics)', 'Revenue', 'Crop', 'Crop yield']",[],0,,,0.26081901,47,,,,,,,,,,3977
https://openalex.org/W4416540984,Can improved plant nutrition buffer against water-related yield losses in oil palm?,2025-11-20,2025,article,Target_author,Grassini,56,106,last,True,8,Agricultural Water Management,Elsevier BV,True,gold,Oil Palm Production and Sustainability,Ecology,Environmental Science,Physical Sciences,"['Yield (engineering)', 'Agronomy', 'Environmental science', 'Human fertilization', 'Crop yield']","['Yield (engineering)', 'Human fertilization', 'Crop yield', 'Yield gap', 'Vegetable oil', 'Field experiment', 'Plant nutrition']",[],0,,,0.34813801,39,,,,,,,,,,3977
https://openalex.org/W4207014809,Editorial,2021-01-01,2021,editorial,Target_author,Hoogenboom,93,467,first,True,4,The Journal of Agricultural Science,Cambridge University Press,True,hybrid,Child Welfare and Adoption,Safety Research,Social Sciences,Social Sciences,"['Content (measure theory)', 'Computer science', 'Food science', 'Chemistry', 'Mathematics']","['Content (measure theory)', 'Computer science', 'Food science', 'Chemistry', 'Mathematics']",[],0,,,0.29508279,11,,,,,,,,,,8833
https://openalex.org/W7117143939,"Phosphorus dynamics in soybean: Partitioning, redistribution, and physiological responses under fertilized and unfertilized tropical soils",2025-12-24,2025,article,Target_author,Ciampitti,58,219,middle,True,14,Soil and Tillage Research,Elsevier BV,False,closed,Plant nutrient uptake and metabolism,Plant Science,Agricultural and Biological Sciences,Life Sciences,"['Oxisol', 'Phosphorus', 'Phosphorus deficiency', 'Agronomy', 'Photosynthesis']","['Oxisol', 'Phosphorus', 'Phosphorus deficiency', 'Photosynthesis', 'Growing season', 'Soil water', 'Plant growth', 'Plant physiology', 'Nutrient']",['Life in Land'],0,,,0.74770989,47,,,,,,,,,,7582
